date,goc_5y_pct,goc_obs_date,cmb_spread_bps,cmb_issue_date,cmb_spread_method,cmb_yield_est_pct,ins_lender_low_bps,ins_lender_base_bps,ins_lender_high_bps,ins_all_in_low_pct,ins_all_in_base_pct,ins_all_in_high_pct,ins_confidence,conv_spread_low_bps,conv_spread_base_bps,conv_spread_high_bps,conv_all_in_low_pct,conv_all_in_base_pct,conv_all_in_high_pct,conv_confidence,ins_all_in_base_lag30_pct,ins_all_in_base_lag60_pct,ins_all_in_base_lag90_pct,conv_all_in_base_lag30_pct,conv_all_in_base_lag60_pct,conv_all_in_base_lag90_pct
2021-07-02,0.9600,2021-07-02,,,,,,,,,,,,,,,,,,,,,,,,
2021-07-03,0.9600,2021-07-02,,,,,,,,,,,,,,,,,,,,,,,,
2021-07-04,0.9600,2021-07-02,,,,,,,,,,,,,,,,,,,,,,,,
2021-07-05,0.9900,2021-07-05,,,,,,,,,,,,,,,,,,,,,,,,
2021-07-06,0.9500,2021-07-06,,,,,,,,,,,,,,,,,,,,,,,,
2021-07-07,0.9300,2021-07-07,,,,,,,,,,,,,,,,,,,,,,,,
2021-07-08,0.8900,2021-07-08,,,,,,,,,,,,,,,,,,,,,,,,
2021-07-09,0.9400,2021-07-09,,,,,,,,,,,,,,,,,,,,,,,,
2021-07-10,0.9400,2021-07-09,,,,,,,,,,,,,,,,,,,,,,,,
2021-07-11,0.9400,2021-07-09,,,,,,,,,,,,,,,,,,,,,,,,
2021-07-12,0.9300,2021-07-12,,,,,,,,,,,,,,,,,,,,,,,,
2021-07-13,0.9500,2021-07-13,,,,,,,,,,,,,,,,,,,,,,,,
2021-07-14,0.9100,2021-07-14,,,,,,,,,,,,,,,,,,,,,,,,
2021-07-15,0.8800,2021-07-15,,,,,,,,,,,,,,,,,,,,,,,,
2021-07-16,0.8700,2021-07-16,,,,,,,,,,,,,,,,,,,,,,,,
2021-07-17,0.8700,2021-07-16,,,,,,,,,,,,,,,,,,,,,,,,
2021-07-18,0.8700,2021-07-16,,,,,,,,,,,,,,,,,,,,,,,,
2021-07-19,0.7800,2021-07-19,,,,,,,,,,,,,,,,,,,,,,,,
2021-07-20,0.7700,2021-07-20,,,,,,,,,,,,,,,,,,,,,,,,
2021-07-21,0.8000,2021-07-21,,,,,,,,,,,,,,,,,,,,,,,,
2021-07-22,0.7800,2021-07-22,,,,,,,,,,,,,,,,,,,,,,,,
2021-07-23,0.7900,2021-07-23,,,,,,,,,,,,,,,,,,,,,,,,
2021-07-24,0.7900,2021-07-23,,,,,,,,,,,,,,,,,,,,,,,,
2021-07-25,0.7900,2021-07-23,,,,,,,,,,,,,,,,,,,,,,,,
2021-07-26,0.8000,2021-07-26,,,,,,,,,,,,,,,,,,,,,,,,
2021-07-27,0.7700,2021-07-27,,,,,,,,,,,,,,,,,,,,,,,,
2021-07-28,0.7800,2021-07-28,,,,,,,,,,,,,,,,,,,,,,,,
2021-07-29,0.8100,2021-07-29,,,,,,,,,,,,,,,,,,,,,,,,
2021-07-30,0.8100,2021-07-30,,,,,,,,,,,,,,,,,,,,,,,,
2021-07-31,0.8100,2021-07-30,,,,,,,,,,,,,,,,,,,,,,,,
2021-08-01,0.8100,2021-07-30,,,,,,,,,,,,,,,,,,,,,,,,
2021-08-02,0.8100,2021-07-30,,,,,,,,,,,,,,,,,,,,,,,,
2021-08-03,0.7500,2021-08-03,,,,,,,,,,,,,,,,,,,,,,,,
2021-08-04,0.7800,2021-08-04,,,,,,,,,,,,,,,,,,,,,,,,
2021-08-05,0.8300,2021-08-05,,,,,,,,,,,,,,,,,,,,,,,,
2021-08-06,0.8800,2021-08-06,,,,,,,,,,,,,,,,,,,,,,,,
2021-08-07,0.8800,2021-08-06,,,,,,,,,,,,,,,,,,,,,,,,
2021-08-08,0.8800,2021-08-06,,,,,,,,,,,,,,,,,,,,,,,,
2021-08-09,0.8800,2021-08-09,,,,,,,,,,,,,,,,,,,,,,,,
2021-08-10,0.9000,2021-08-10,,,,,,,,,,,,,,,,,,,,,,,,
2021-08-11,0.8900,2021-08-11,,,,,,,,,,,,,,,,,,,,,,,,
2021-08-12,0.8900,2021-08-12,,,,,,,,,,,,,,,,,,,,,,,,
2021-08-13,0.8400,2021-08-13,,,,,,,,,,,,,,,,,,,,,,,,
2021-08-14,0.8400,2021-08-13,,,,,,,,,,,,,,,,,,,,,,,,
2021-08-15,0.8400,2021-08-13,,,,,,,,,,,,,,,,,,,,,,,,
2021-08-16,0.8100,2021-08-16,,,,,,,,,,,,,,,,,,,,,,,,
2021-08-17,0.8100,2021-08-17,,,,,,,,,,,,,,,,,,,,,,,,
2021-08-18,0.8200,2021-08-18,,,,,,,,,,,,,,,,,,,,,,,,
2021-08-19,0.8100,2021-08-19,,,,,,,,,,,,,,,,,,,,,,,,
2021-08-20,0.8100,2021-08-20,,,,,,,,,,,,,,,,,,,,,,,,
2021-08-21,0.8100,2021-08-20,,,,,,,,,,,,,,,,,,,,,,,,
2021-08-22,0.8100,2021-08-20,,,,,,,,,,,,,,,,,,,,,,,,
2021-08-23,0.8200,2021-08-23,,,,,,,,,,,,,,,,,,,,,,,,
2021-08-24,0.8400,2021-08-24,,,,,,,,,,,,,,,,,,,,,,,,
2021-08-25,0.8700,2021-08-25,,,,,,,,,,,,,,,,,,,,,,,,
2021-08-26,0.8700,2021-08-26,,,,,,,,,,,,,,,,,,,,,,,,
2021-08-27,0.8300,2021-08-27,,,,,,,,,,,,,,,,,,,,,,,,
2021-08-28,0.8300,2021-08-27,,,,,,,,,,,,,,,,,,,,,,,,
2021-08-29,0.8300,2021-08-27,,,,,,,,,,,,,,,,,,,,,,,,
2021-08-30,0.8100,2021-08-30,,,,,,,,,,,,,,,,,,,,,,,,
2021-08-31,0.8400,2021-08-31,,,,,,,,,,,,,,,,,,,,,,,,
2021-09-01,0.7900,2021-09-01,,,,,,,,,,,,,,,,,,,,,,,,
2021-09-02,0.7700,2021-09-02,,,,,,,,,,,,,,,,,,,,,,,,
2021-09-03,0.7800,2021-09-03,,,,,,,,,,,,,,,,,,,,,,,,
2021-09-04,0.7800,2021-09-03,,,,,,,,,,,,,,,,,,,,,,,,
2021-09-05,0.7800,2021-09-03,,,,,,,,,,,,,,,,,,,,,,,,
2021-09-06,0.7800,2021-09-03,,,,,,,,,,,,,,,,,,,,,,,,
2021-09-07,0.8100,2021-09-07,,,,,,,,,,,,,,,,,,,,,,,,
2021-09-08,0.8000,2021-09-08,,,,,,,,,,,,,,,,,,,,,,,,
2021-09-09,0.7900,2021-09-09,,,,,,,,,,,,,,,,,,,,,,,,
2021-09-10,0.8300,2021-09-10,,,,,,,,,,,,,,,,,,,,,,,,
2021-09-11,0.8300,2021-09-10,,,,,,,,,,,,,,,,,,,,,,,,
2021-09-12,0.8300,2021-09-10,,,,,,,,,,,,,,,,,,,,,,,,
2021-09-13,0.8200,2021-09-13,,,,,,,,,,,,,,,,,,,,,,,,
2021-09-14,0.7900,2021-09-14,,,,,,,,,,,,,,,,,,,,,,,,
2021-09-15,0.8300,2021-09-15,,,,,,,,,,,,,,,,,,,,,,,,
2021-09-16,0.8600,2021-09-16,,,,,,,,,,,,,,,,,,,,,,,,
2021-09-17,0.9000,2021-09-17,,,,,,,,,,,,,,,,,,,,,,,,
2021-09-18,0.9000,2021-09-17,,,,,,,,,,,,,,,,,,,,,,,,
2021-09-19,0.9000,2021-09-17,,,,,,,,,,,,,,,,,,,,,,,,
2021-09-20,0.8500,2021-09-20,,,,,,,,,,,,,,,,,,,,,,,,
2021-09-21,0.8500,2021-09-21,,,,,,,,,,,,,,,,,,,,,,,,
2021-09-22,0.9200,2021-09-22,,,,,,,,,,,,,,,,,,,,,,,,
2021-09-23,1.0000,2021-09-23,,,,,,,,,,,,,,,,,,,,,,,,
2021-09-24,1.0300,2021-09-24,,,,,,,,,,,,,,,,,,,,,,,,
2021-09-25,1.0300,2021-09-24,,,,,,,,,,,,,,,,,,,,,,,,
2021-09-26,1.0300,2021-09-24,,,,,,,,,,,,,,,,,,,,,,,,
2021-09-27,1.0600,2021-09-27,,,,,,,,,,,,,,,,,,,,,,,,
2021-09-28,1.0900,2021-09-28,,,,,,,,,,,,,,,,,,,,,,,,
2021-09-29,1.1100,2021-09-29,,,,,,,,,,,,,,,,,,,,,,,,
2021-09-30,1.1100,2021-09-29,,,,,,,,,,,,,,,,,,,,,,,,
2021-10-01,1.0700,2021-10-01,,,,,,,,,,,,125.0000,150.0000,175.0000,2.3200,2.5700,2.8200,partly sourced,,,,,,
2021-10-02,1.0700,2021-10-01,,,,,,,,,,,,125.0000,150.0000,175.0000,2.3200,2.5700,2.8200,partly sourced,,,,,,
2021-10-03,1.0700,2021-10-01,,,,,,,,,,,,125.0000,150.0000,175.0000,2.3200,2.5700,2.8200,partly sourced,,,,,,
2021-10-04,1.0800,2021-10-04,,,,,,,,,,,,125.0000,150.0000,175.0000,2.3300,2.5800,2.8300,partly sourced,,,,,,
2021-10-05,1.1000,2021-10-05,,,,,,,,,,,,125.0000,150.0000,175.0000,2.3500,2.6000,2.8500,partly sourced,,,,,,
2021-10-06,1.0900,2021-10-06,,,,,,,,,,,,125.0000,150.0000,175.0000,2.3400,2.5900,2.8400,partly sourced,,,,,,
2021-10-07,1.1300,2021-10-07,,,,,,,,,,,,125.0000,150.0000,175.0000,2.3800,2.6300,2.8800,partly sourced,,,,,,
2021-10-08,1.2000,2021-10-08,,,,,,,,,,,,125.0000,150.0000,175.0000,2.4500,2.7000,2.9500,partly sourced,,,,,,
2021-10-09,1.2000,2021-10-08,,,,,,,,,,,,125.0000,150.0000,175.0000,2.4500,2.7000,2.9500,partly sourced,,,,,,
2021-10-10,1.2000,2021-10-08,,,,,,,,,,,,125.0000,150.0000,175.0000,2.4500,2.7000,2.9500,partly sourced,,,,,,
2021-10-11,1.2000,2021-10-08,,,,,,,,,,,,125.0000,150.0000,175.0000,2.4500,2.7000,2.9500,partly sourced,,,,,,
2021-10-12,1.2400,2021-10-12,,,,,,,,,,,,125.0000,150.0000,175.0000,2.4900,2.7400,2.9900,partly sourced,,,,,,
2021-10-13,1.2700,2021-10-13,,,,,,,,,,,,125.0000,150.0000,175.0000,2.5200,2.7700,3.0200,partly sourced,,,,,,
2021-10-14,1.1800,2021-10-14,,,,,,,,,,,,125.0000,150.0000,175.0000,2.4300,2.6800,2.9300,partly sourced,,,,,,
2021-10-15,1.2300,2021-10-15,,,,,,,,,,,,125.0000,150.0000,175.0000,2.4800,2.7300,2.9800,partly sourced,,,,,,
2021-10-16,1.2300,2021-10-15,,,,,,,,,,,,125.0000,150.0000,175.0000,2.4800,2.7300,2.9800,partly sourced,,,,,,
2021-10-17,1.2300,2021-10-15,,,,,,,,,,,,125.0000,150.0000,175.0000,2.4800,2.7300,2.9800,partly sourced,,,,,,
2021-10-18,1.2800,2021-10-18,,,,,,,,,,,,125.0000,150.0000,175.0000,2.5300,2.7800,3.0300,partly sourced,,,,,,
2021-10-19,1.3100,2021-10-19,,,,,,,,,,,,125.0000,150.0000,175.0000,2.5600,2.8100,3.0600,partly sourced,,,,,,
2021-10-20,1.2900,2021-10-20,,,,,,,,,,,,125.0000,150.0000,175.0000,2.5400,2.7900,3.0400,partly sourced,,,,,,
2021-10-21,1.3500,2021-10-21,,,,,,,,,,,,125.0000,150.0000,175.0000,2.6000,2.8500,3.1000,partly sourced,,,,,,
2021-10-22,1.3400,2021-10-22,,,,,,,,,,,,125.0000,150.0000,175.0000,2.5900,2.8400,3.0900,partly sourced,,,,,,
2021-10-23,1.3400,2021-10-22,,,,,,,,,,,,125.0000,150.0000,175.0000,2.5900,2.8400,3.0900,partly sourced,,,,,,
2021-10-24,1.3400,2021-10-22,,,,,,,,,,,,125.0000,150.0000,175.0000,2.5900,2.8400,3.0900,partly sourced,,,,,,
2021-10-25,1.3400,2021-10-25,,,,,,,,,,,,125.0000,150.0000,175.0000,2.5900,2.8400,3.0900,partly sourced,,,,,,
2021-10-26,1.3300,2021-10-26,,,,,,,,,,,,125.0000,150.0000,175.0000,2.5800,2.8300,3.0800,partly sourced,,,,,,
2021-10-27,1.4200,2021-10-27,,,,,,,,,,,,125.0000,150.0000,175.0000,2.6700,2.9200,3.1700,partly sourced,,,,,,
2021-10-28,1.4200,2021-10-28,,,,,,,,,,,,125.0000,150.0000,175.0000,2.6700,2.9200,3.1700,partly sourced,,,,,,
2021-10-29,1.5000,2021-10-29,,,,,,,,,,,,125.0000,150.0000,175.0000,2.7500,3.0000,3.2500,partly sourced,,,,,,
2021-10-30,1.5000,2021-10-29,,,,,,,,,,,,125.0000,150.0000,175.0000,2.7500,3.0000,3.2500,partly sourced,,,,,,
2021-10-31,1.5000,2021-10-29,,,,,,,,,,,,125.0000,150.0000,175.0000,2.7500,3.0000,3.2500,partly sourced,,,,2.5700,,
2021-11-01,1.5000,2021-11-01,,,,,,,,,,,,125.0000,150.0000,175.0000,2.7500,3.0000,3.2500,partly sourced,,,,2.5700,,
2021-11-02,1.4700,2021-11-02,,,,,,,,,,,,125.0000,150.0000,175.0000,2.7200,2.9700,3.2200,partly sourced,,,,2.5700,,
2021-11-03,1.4600,2021-11-03,,,,,,,,,,,,125.0000,150.0000,175.0000,2.7100,2.9600,3.2100,partly sourced,,,,2.5800,,
2021-11-04,1.3900,2021-11-04,,,,,,,,,,,,125.0000,150.0000,175.0000,2.6400,2.8900,3.1400,partly sourced,,,,2.6000,,
2021-11-05,1.3600,2021-11-05,,,,,,,,,,,,125.0000,150.0000,175.0000,2.6100,2.8600,3.1100,partly sourced,,,,2.5900,,
2021-11-06,1.3600,2021-11-05,,,,,,,,,,,,125.0000,150.0000,175.0000,2.6100,2.8600,3.1100,partly sourced,,,,2.6300,,
2021-11-07,1.3600,2021-11-05,,,,,,,,,,,,125.0000,150.0000,175.0000,2.6100,2.8600,3.1100,partly sourced,,,,2.7000,,
2021-11-08,1.4000,2021-11-08,,,,,,,,,,,,125.0000,150.0000,175.0000,2.6500,2.9000,3.1500,partly sourced,,,,2.7000,,
2021-11-09,1.3700,2021-11-09,,,,,,,,,,,,125.0000,150.0000,175.0000,2.6200,2.8700,3.1200,partly sourced,,,,2.7000,,
2021-11-10,1.4700,2021-11-10,,,,,,,,,,,,125.0000,150.0000,175.0000,2.7200,2.9700,3.2200,partly sourced,,,,2.7000,,
2021-11-11,1.4700,2021-11-10,,,,,,,,,,,,125.0000,150.0000,175.0000,2.7200,2.9700,3.2200,partly sourced,,,,2.7400,,
2021-11-12,1.4500,2021-11-12,,,,,,,,,,,,125.0000,150.0000,175.0000,2.7000,2.9500,3.2000,partly sourced,,,,2.7700,,
2021-11-13,1.4500,2021-11-12,,,,,,,,,,,,125.0000,150.0000,175.0000,2.7000,2.9500,3.2000,partly sourced,,,,2.6800,,
2021-11-14,1.4500,2021-11-12,,,,,,,,,,,,125.0000,150.0000,175.0000,2.7000,2.9500,3.2000,partly sourced,,,,2.7300,,
2021-11-15,1.4800,2021-11-15,,,,,,,,,,,,125.0000,150.0000,175.0000,2.7300,2.9800,3.2300,partly sourced,,,,2.7300,,
2021-11-16,1.5600,2021-11-16,,,,,,,,,,,,125.0000,150.0000,175.0000,2.8100,3.0600,3.3100,partly sourced,,,,2.7300,,
2021-11-17,1.4800,2021-11-17,,,,,,,,,,,,125.0000,150.0000,175.0000,2.7300,2.9800,3.2300,partly sourced,,,,2.7800,,
2021-11-18,1.4700,2021-11-18,,,,,,,,,,,,125.0000,150.0000,175.0000,2.7200,2.9700,3.2200,partly sourced,,,,2.8100,,
2021-11-19,1.4500,2021-11-19,,,,,,,,,,,,125.0000,150.0000,175.0000,2.7000,2.9500,3.2000,partly sourced,,,,2.7900,,
2021-11-20,1.4500,2021-11-19,,,,,,,,,,,,125.0000,150.0000,175.0000,2.7000,2.9500,3.2000,partly sourced,,,,2.8500,,
2021-11-21,1.4500,2021-11-19,,,,,,,,,,,,125.0000,150.0000,175.0000,2.7000,2.9500,3.2000,partly sourced,,,,2.8400,,
2021-11-22,1.5600,2021-11-22,,,,,,,,,,,,125.0000,150.0000,175.0000,2.8100,3.0600,3.3100,partly sourced,,,,2.8400,,
2021-11-23,1.5800,2021-11-23,,,,,,,,,,,,125.0000,150.0000,175.0000,2.8300,3.0800,3.3300,partly sourced,,,,2.8400,,
2021-11-24,1.5600,2021-11-24,,,,,,,,,,,,125.0000,150.0000,175.0000,2.8100,3.0600,3.3100,partly sourced,,,,2.8400,,
2021-11-25,1.5600,2021-11-25,,,,,,,,,,,,125.0000,150.0000,175.0000,2.8100,3.0600,3.3100,partly sourced,,,,2.8300,,
2021-11-26,1.3900,2021-11-26,,,,,,,,,,,,125.0000,150.0000,175.0000,2.6400,2.8900,3.1400,partly sourced,,,,2.9200,,
2021-11-27,1.3900,2021-11-26,,,,,,,,,,,,125.0000,150.0000,175.0000,2.6400,2.8900,3.1400,partly sourced,,,,2.9200,,
2021-11-28,1.3900,2021-11-26,,,,,,,,,,,,125.0000,150.0000,175.0000,2.6400,2.8900,3.1400,partly sourced,,,,3.0000,,
2021-11-29,1.4100,2021-11-29,,,,,,,,,,,,125.0000,150.0000,175.0000,2.6600,2.9100,3.1600,partly sourced,,,,3.0000,,
2021-11-30,1.4000,2021-11-30,,,,,,,,,,,,125.0000,150.0000,175.0000,2.6500,2.9000,3.1500,partly sourced,,,,3.0000,2.5700,
2021-12-01,1.3500,2021-12-01,,,,,,,,,,,,125.0000,150.0000,175.0000,2.6000,2.8500,3.1000,partly sourced,,,,3.0000,2.5700,
2021-12-02,1.3500,2021-12-02,,,,,,,,,,,,125.0000,150.0000,175.0000,2.6000,2.8500,3.1000,partly sourced,,,,2.9700,2.5700,
2021-12-03,1.3400,2021-12-03,,,,,,,,,,,,125.0000,150.0000,175.0000,2.5900,2.8400,3.0900,partly sourced,,,,2.9600,2.5800,
2021-12-04,1.3400,2021-12-03,,,,,,,,,,,,125.0000,150.0000,175.0000,2.5900,2.8400,3.0900,partly sourced,,,,2.8900,2.6000,
2021-12-05,1.3400,2021-12-03,,,,,,,,,,,,125.0000,150.0000,175.0000,2.5900,2.8400,3.0900,partly sourced,,,,2.8600,2.5900,
2021-12-06,1.4100,2021-12-06,,,,,,,,,,,,125.0000,150.0000,175.0000,2.6600,2.9100,3.1600,partly sourced,,,,2.8600,2.6300,
2021-12-07,1.4800,2021-12-07,,,,,,,,,,,,125.0000,150.0000,175.0000,2.7300,2.9800,3.2300,partly sourced,,,,2.8600,2.7000,
2021-12-08,1.4400,2021-12-08,,,,,,,,,,,,125.0000,150.0000,175.0000,2.6900,2.9400,3.1900,partly sourced,,,,2.9000,2.7000,
2021-12-09,1.3500,2021-12-09,,,,,,,,,,,,125.0000,150.0000,175.0000,2.6000,2.8500,3.1000,partly sourced,,,,2.8700,2.7000,
2021-12-10,1.3100,2021-12-10,,,,,,,,,,,,125.0000,150.0000,175.0000,2.5600,2.8100,3.0600,partly sourced,,,,2.9700,2.7000,
2021-12-11,1.3100,2021-12-10,,,,,,,,,,,,125.0000,150.0000,175.0000,2.5600,2.8100,3.0600,partly sourced,,,,2.9700,2.7400,
2021-12-12,1.3100,2021-12-10,,,,,,,,,,,,125.0000,150.0000,175.0000,2.5600,2.8100,3.0600,partly sourced,,,,2.9500,2.7700,
2021-12-13,1.2400,2021-12-13,,,,,,,,,,,,125.0000,150.0000,175.0000,2.4900,2.7400,2.9900,partly sourced,,,,2.9500,2.6800,
2021-12-14,1.2900,2021-12-14,30.2000,2021-12-14,calc_daily_close,1.5920,42.0000,52.0000,65.0000,2.0120,2.1120,2.2420,partly sourced,125.0000,150.0000,175.0000,2.5400,2.7900,3.0400,partly sourced,,,,2.9500,2.7300,
2021-12-15,1.2600,2021-12-15,30.2000,2021-12-14,calc_daily_close,1.5620,42.0000,52.0000,65.0000,1.9820,2.0820,2.2120,partly sourced,125.0000,150.0000,175.0000,2.5100,2.7600,3.0100,partly sourced,,,,2.9800,2.7300,
2021-12-16,1.1900,2021-12-16,30.2000,2021-12-14,calc_daily_close,1.4920,42.0000,52.0000,65.0000,1.9120,2.0120,2.1420,partly sourced,125.0000,150.0000,175.0000,2.4400,2.6900,2.9400,partly sourced,,,,3.0600,2.7300,
2021-12-17,1.1800,2021-12-17,30.2000,2021-12-14,calc_daily_close,1.4820,42.0000,52.0000,65.0000,1.9020,2.0020,2.1320,partly sourced,125.0000,150.0000,175.0000,2.4300,2.6800,2.9300,partly sourced,,,,2.9800,2.7800,
2021-12-18,1.1800,2021-12-17,30.2000,2021-12-14,calc_daily_close,1.4820,42.0000,52.0000,65.0000,1.9020,2.0020,2.1320,partly sourced,125.0000,150.0000,175.0000,2.4300,2.6800,2.9300,partly sourced,,,,2.9700,2.8100,
2021-12-19,1.1800,2021-12-17,30.2000,2021-12-14,calc_daily_close,1.4820,42.0000,52.0000,65.0000,1.9020,2.0020,2.1320,partly sourced,125.0000,150.0000,175.0000,2.4300,2.6800,2.9300,partly sourced,,,,2.9500,2.7900,
2021-12-20,1.2200,2021-12-20,30.2000,2021-12-14,calc_daily_close,1.5220,42.0000,52.0000,65.0000,1.9420,2.0420,2.1720,partly sourced,125.0000,150.0000,175.0000,2.4700,2.7200,2.9700,partly sourced,,,,2.9500,2.8500,
2021-12-21,1.2900,2021-12-21,30.2000,2021-12-14,calc_daily_close,1.5920,42.0000,52.0000,65.0000,2.0120,2.1120,2.2420,partly sourced,125.0000,150.0000,175.0000,2.5400,2.7900,3.0400,partly sourced,,,,2.9500,2.8400,
2021-12-22,1.2500,2021-12-22,30.2000,2021-12-14,calc_daily_close,1.5520,42.0000,52.0000,65.0000,1.9720,2.0720,2.2020,partly sourced,125.0000,150.0000,175.0000,2.5000,2.7500,3.0000,partly sourced,,,,3.0600,2.8400,
2021-12-23,1.2600,2021-12-23,30.2000,2021-12-14,calc_daily_close,1.5620,42.0000,52.0000,65.0000,1.9820,2.0820,2.2120,partly sourced,125.0000,150.0000,175.0000,2.5100,2.7600,3.0100,partly sourced,,,,3.0800,2.8400,
2021-12-24,1.2800,2021-12-24,30.2000,2021-12-14,calc_daily_close,1.5820,42.0000,52.0000,65.0000,2.0020,2.1020,2.2320,partly sourced,125.0000,150.0000,175.0000,2.5300,2.7800,3.0300,partly sourced,,,,3.0600,2.8400,
2021-12-25,1.2800,2021-12-24,30.2000,2021-12-14,calc_daily_close,1.5820,42.0000,52.0000,65.0000,2.0020,2.1020,2.2320,partly sourced,125.0000,150.0000,175.0000,2.5300,2.7800,3.0300,partly sourced,,,,3.0600,2.8300,
2021-12-26,1.2800,2021-12-24,30.2000,2021-12-14,calc_daily_close,1.5820,42.0000,52.0000,65.0000,2.0020,2.1020,2.2320,partly sourced,125.0000,150.0000,175.0000,2.5300,2.7800,3.0300,partly sourced,,,,2.8900,2.9200,
2021-12-27,1.2800,2021-12-24,30.2000,2021-12-14,calc_daily_close,1.5820,42.0000,52.0000,65.0000,2.0020,2.1020,2.2320,partly sourced,125.0000,150.0000,175.0000,2.5300,2.7800,3.0300,partly sourced,,,,2.8900,2.9200,
2021-12-28,1.2800,2021-12-24,30.2000,2021-12-14,calc_daily_close,1.5820,42.0000,52.0000,65.0000,2.0020,2.1020,2.2320,partly sourced,125.0000,150.0000,175.0000,2.5300,2.7800,3.0300,partly sourced,,,,2.8900,3.0000,
2021-12-29,1.3000,2021-12-29,30.2000,2021-12-14,calc_daily_close,1.6020,42.0000,52.0000,65.0000,2.0220,2.1220,2.2520,partly sourced,125.0000,150.0000,175.0000,2.5500,2.8000,3.0500,partly sourced,,,,2.9100,3.0000,
2021-12-30,1.2800,2021-12-30,30.2000,2021-12-14,calc_daily_close,1.5820,42.0000,52.0000,65.0000,2.0020,2.1020,2.2320,partly sourced,125.0000,150.0000,175.0000,2.5300,2.7800,3.0300,partly sourced,,,,2.9000,3.0000,2.5700
2021-12-31,1.2500,2021-12-31,30.2000,2021-12-14,calc_daily_close,1.5520,42.0000,52.0000,65.0000,1.9720,2.0720,2.2020,partly sourced,125.0000,150.0000,175.0000,2.5000,2.7500,3.0000,partly sourced,,,,2.8500,3.0000,2.5700
2022-01-01,1.2500,2021-12-31,30.2000,2021-12-14,calc_daily_close,1.5520,42.0000,52.0000,65.0000,1.9720,2.0720,2.2020,partly sourced,125.0000,150.0000,175.0000,2.5000,2.7500,3.0000,partly sourced,,,,2.8500,2.9700,2.5700
2022-01-02,1.2500,2021-12-31,30.2000,2021-12-14,calc_daily_close,1.5520,42.0000,52.0000,65.0000,1.9720,2.0720,2.2020,partly sourced,125.0000,150.0000,175.0000,2.5000,2.7500,3.0000,partly sourced,,,,2.8400,2.9600,2.5800
2022-01-03,1.2500,2021-12-31,30.2000,2021-12-14,calc_daily_close,1.5520,42.0000,52.0000,65.0000,1.9720,2.0720,2.2020,partly sourced,125.0000,150.0000,175.0000,2.5000,2.7500,3.0000,partly sourced,,,,2.8400,2.8900,2.6000
2022-01-04,1.3900,2022-01-04,30.2000,2021-12-14,calc_daily_close,1.6920,45.0000,52.0000,60.0000,2.1420,2.2120,2.2920,partly sourced,190.0000,230.0000,250.0000,3.2900,3.6900,3.8900,partly sourced,,,,2.8400,2.8600,2.5900
2022-01-05,1.4200,2022-01-05,30.2000,2021-12-14,calc_daily_close,1.7220,45.0000,52.0000,60.0000,2.1720,2.2420,2.3220,partly sourced,190.0000,230.0000,250.0000,3.3200,3.7200,3.9200,partly sourced,,,,2.9100,2.8600,2.6300
2022-01-06,1.5000,2022-01-06,30.2000,2021-12-14,calc_daily_close,1.8020,45.0000,52.0000,60.0000,2.2520,2.3220,2.4020,partly sourced,190.0000,230.0000,250.0000,3.4000,3.8000,4.0000,partly sourced,,,,2.9800,2.8600,2.7000
2022-01-07,1.5000,2022-01-07,30.2000,2021-12-14,calc_daily_close,1.8020,45.0000,52.0000,60.0000,2.2520,2.3220,2.4020,partly sourced,190.0000,230.0000,250.0000,3.4000,3.8000,4.0000,partly sourced,,,,2.9400,2.9000,2.7000
2022-01-08,1.5000,2022-01-07,30.2000,2021-12-14,calc_daily_close,1.8020,45.0000,52.0000,60.0000,2.2520,2.3220,2.4020,partly sourced,190.0000,230.0000,250.0000,3.4000,3.8000,4.0000,partly sourced,,,,2.8500,2.8700,2.7000
2022-01-09,1.5000,2022-01-07,30.2000,2021-12-14,calc_daily_close,1.8020,45.0000,52.0000,60.0000,2.2520,2.3220,2.4020,partly sourced,190.0000,230.0000,250.0000,3.4000,3.8000,4.0000,partly sourced,,,,2.8100,2.9700,2.7000
2022-01-10,1.5100,2022-01-10,30.2000,2021-12-14,calc_daily_close,1.8120,45.0000,52.0000,60.0000,2.2620,2.3320,2.4120,partly sourced,190.0000,230.0000,250.0000,3.4100,3.8100,4.0100,partly sourced,,,,2.8100,2.9700,2.7400
2022-01-11,1.5000,2022-01-11,30.2000,2021-12-14,calc_daily_close,1.8020,45.0000,52.0000,60.0000,2.2520,2.3220,2.4020,partly sourced,190.0000,230.0000,250.0000,3.4000,3.8000,4.0000,partly sourced,,,,2.8100,2.9500,2.7700
2022-01-12,1.5200,2022-01-12,30.2000,2021-12-14,calc_daily_close,1.8220,45.0000,52.0000,60.0000,2.2720,2.3420,2.4220,partly sourced,190.0000,230.0000,250.0000,3.4200,3.8200,4.0200,partly sourced,,,,2.7400,2.9500,2.6800
2022-01-13,1.5000,2022-01-13,30.2000,2021-12-14,calc_daily_close,1.8020,45.0000,52.0000,60.0000,2.2520,2.3220,2.4020,partly sourced,190.0000,230.0000,250.0000,3.4000,3.8000,4.0000,partly sourced,2.1120,,,2.7900,2.9500,2.7300
2022-01-14,1.5600,2022-01-14,30.2000,2021-12-14,calc_daily_close,1.8620,45.0000,52.0000,60.0000,2.3120,2.3820,2.4620,partly sourced,190.0000,230.0000,250.0000,3.4600,3.8600,4.0600,partly sourced,2.0820,,,2.7600,2.9800,2.7300
2022-01-15,1.5600,2022-01-14,30.2000,2021-12-14,calc_daily_close,1.8620,45.0000,52.0000,60.0000,2.3120,2.3820,2.4620,partly sourced,190.0000,230.0000,250.0000,3.4600,3.8600,4.0600,partly sourced,2.0120,,,2.6900,3.0600,2.7300
2022-01-16,1.5600,2022-01-14,30.2000,2021-12-14,calc_daily_close,1.8620,45.0000,52.0000,60.0000,2.3120,2.3820,2.4620,partly sourced,190.0000,230.0000,250.0000,3.4600,3.8600,4.0600,partly sourced,2.0020,,,2.6800,2.9800,2.7800
2022-01-17,1.6100,2022-01-17,30.2000,2021-12-14,calc_daily_close,1.9120,45.0000,52.0000,60.0000,2.3620,2.4320,2.5120,partly sourced,190.0000,230.0000,250.0000,3.5100,3.9100,4.1100,partly sourced,2.0020,,,2.6800,2.9700,2.8100
2022-01-18,1.6900,2022-01-18,30.2000,2021-12-14,calc_daily_close,1.9920,45.0000,52.0000,60.0000,2.4420,2.5120,2.5920,partly sourced,190.0000,230.0000,250.0000,3.5900,3.9900,4.1900,partly sourced,2.0020,,,2.6800,2.9500,2.7900
2022-01-19,1.6800,2022-01-19,30.2000,2021-12-14,calc_daily_close,1.9820,45.0000,52.0000,60.0000,2.4320,2.5020,2.5820,partly sourced,190.0000,230.0000,250.0000,3.5800,3.9800,4.1800,partly sourced,2.0420,,,2.7200,2.9500,2.8500
2022-01-20,1.6800,2022-01-20,30.2000,2021-12-14,calc_daily_close,1.9820,45.0000,52.0000,60.0000,2.4320,2.5020,2.5820,partly sourced,190.0000,230.0000,250.0000,3.5800,3.9800,4.1800,partly sourced,2.1120,,,2.7900,2.9500,2.8400
2022-01-21,1.6200,2022-01-21,30.2000,2021-12-14,calc_daily_close,1.9220,45.0000,52.0000,60.0000,2.3720,2.4420,2.5220,partly sourced,190.0000,230.0000,250.0000,3.5200,3.9200,4.1200,partly sourced,2.0720,,,2.7500,3.0600,2.8400
2022-01-22,1.6200,2022-01-21,30.2000,2021-12-14,calc_daily_close,1.9220,45.0000,52.0000,60.0000,2.3720,2.4420,2.5220,partly sourced,190.0000,230.0000,250.0000,3.5200,3.9200,4.1200,partly sourced,2.0820,,,2.7600,3.0800,2.8400
2022-01-23,1.6200,2022-01-21,30.2000,2021-12-14,calc_daily_close,1.9220,45.0000,52.0000,60.0000,2.3720,2.4420,2.5220,partly sourced,190.0000,230.0000,250.0000,3.5200,3.9200,4.1200,partly sourced,2.1020,,,2.7800,3.0600,2.8400
2022-01-24,1.6300,2022-01-24,30.2000,2021-12-14,calc_daily_close,1.9320,45.0000,52.0000,60.0000,2.3820,2.4520,2.5320,partly sourced,190.0000,230.0000,250.0000,3.5300,3.9300,4.1300,partly sourced,2.1020,,,2.7800,3.0600,2.8300
2022-01-25,1.6400,2022-01-25,30.2000,2021-12-14,calc_daily_close,1.9420,45.0000,52.0000,60.0000,2.3920,2.4620,2.5420,partly sourced,190.0000,230.0000,250.0000,3.5400,3.9400,4.1400,partly sourced,2.1020,,,2.7800,2.8900,2.9200
2022-01-26,1.6700,2022-01-26,30.2000,2021-12-14,calc_daily_close,1.9720,45.0000,52.0000,60.0000,2.4220,2.4920,2.5720,partly sourced,190.0000,230.0000,250.0000,3.5700,3.9700,4.1700,partly sourced,2.1020,,,2.7800,2.8900,2.9200
2022-01-27,1.6500,2022-01-27,30.2000,2021-12-14,calc_daily_close,1.9520,45.0000,52.0000,60.0000,2.4020,2.4720,2.5520,partly sourced,190.0000,230.0000,250.0000,3.5500,3.9500,4.1500,partly sourced,2.1020,,,2.7800,2.8900,3.0000
2022-01-28,1.6300,2022-01-28,30.2000,2021-12-14,calc_daily_close,1.9320,45.0000,52.0000,60.0000,2.3820,2.4520,2.5320,partly sourced,190.0000,230.0000,250.0000,3.5300,3.9300,4.1300,partly sourced,2.1220,,,2.8000,2.9100,3.0000
2022-01-29,1.6300,2022-01-28,30.2000,2021-12-14,calc_daily_close,1.9320,45.0000,52.0000,60.0000,2.3820,2.4520,2.5320,partly sourced,190.0000,230.0000,250.0000,3.5300,3.9300,4.1300,partly sourced,2.1020,,,2.7800,2.9000,3.0000
2022-01-30,1.6300,2022-01-28,30.2000,2021-12-14,calc_daily_close,1.9320,45.0000,52.0000,60.0000,2.3820,2.4520,2.5320,partly sourced,190.0000,230.0000,250.0000,3.5300,3.9300,4.1300,partly sourced,2.0720,,,2.7500,2.8500,3.0000
2022-01-31,1.6400,2022-01-31,30.2000,2021-12-14,calc_daily_close,1.9420,45.0000,52.0000,60.0000,2.3920,2.4620,2.5420,partly sourced,190.0000,230.0000,250.0000,3.5400,3.9400,4.1400,partly sourced,2.0720,,,2.7500,2.8500,2.9700
2022-02-01,1.6500,2022-02-01,30.2000,2021-12-14,calc_daily_close,1.9520,45.0000,52.0000,60.0000,2.4020,2.4720,2.5520,partly sourced,190.0000,230.0000,250.0000,3.5500,3.9500,4.1500,partly sourced,2.0720,,,2.7500,2.8400,2.9600
2022-02-02,1.6100,2022-02-02,30.2000,2021-12-14,calc_daily_close,1.9120,45.0000,52.0000,60.0000,2.3620,2.4320,2.5120,partly sourced,190.0000,230.0000,250.0000,3.5100,3.9100,4.1100,partly sourced,2.0720,,,2.7500,2.8400,2.8900
2022-02-03,1.6400,2022-02-03,30.2000,2021-12-14,calc_daily_close,1.9420,45.0000,52.0000,60.0000,2.3920,2.4620,2.5420,partly sourced,190.0000,230.0000,250.0000,3.5400,3.9400,4.1400,partly sourced,2.2120,,,3.6900,2.8400,2.8600
2022-02-04,1.7100,2022-02-04,30.2000,2021-12-14,calc_daily_close,2.0120,45.0000,52.0000,60.0000,2.4620,2.5320,2.6120,partly sourced,190.0000,230.0000,250.0000,3.6100,4.0100,4.2100,partly sourced,2.2420,,,3.7200,2.9100,2.8600
2022-02-05,1.7100,2022-02-04,30.2000,2021-12-14,calc_daily_close,2.0120,45.0000,52.0000,60.0000,2.4620,2.5320,2.6120,partly sourced,190.0000,230.0000,250.0000,3.6100,4.0100,4.2100,partly sourced,2.3220,,,3.8000,2.9800,2.8600
2022-02-06,1.7100,2022-02-04,30.2000,2021-12-14,calc_daily_close,2.0120,45.0000,52.0000,60.0000,2.4620,2.5320,2.6120,partly sourced,190.0000,230.0000,250.0000,3.6100,4.0100,4.2100,partly sourced,2.3220,,,3.8000,2.9400,2.9000
2022-02-07,1.6800,2022-02-07,30.2000,2021-12-14,calc_daily_close,1.9820,45.0000,52.0000,60.0000,2.4320,2.5020,2.5820,partly sourced,190.0000,230.0000,250.0000,3.5800,3.9800,4.1800,partly sourced,2.3220,,,3.8000,2.8500,2.8700
2022-02-08,1.6900,2022-02-08,30.2000,2021-12-14,calc_daily_close,1.9920,45.0000,52.0000,60.0000,2.4420,2.5120,2.5920,partly sourced,190.0000,230.0000,250.0000,3.5900,3.9900,4.1900,partly sourced,2.3220,,,3.8000,2.8100,2.9700
2022-02-09,1.6800,2022-02-09,30.2000,2021-12-14,calc_daily_close,1.9820,45.0000,52.0000,60.0000,2.4320,2.5020,2.5820,partly sourced,190.0000,230.0000,250.0000,3.5800,3.9800,4.1800,partly sourced,2.3320,,,3.8100,2.8100,2.9700
2022-02-10,1.8100,2022-02-10,30.2000,2021-12-14,calc_daily_close,2.1120,45.0000,52.0000,60.0000,2.5620,2.6320,2.7120,partly sourced,190.0000,230.0000,250.0000,3.7100,4.1100,4.3100,partly sourced,2.3220,,,3.8000,2.8100,2.9500
2022-02-11,1.7200,2022-02-11,30.2000,2021-12-14,calc_daily_close,2.0220,45.0000,52.0000,60.0000,2.4720,2.5420,2.6220,partly sourced,190.0000,230.0000,250.0000,3.6200,4.0200,4.2200,partly sourced,2.3420,,,3.8200,2.7400,2.9500
2022-02-12,1.7200,2022-02-11,30.2000,2021-12-14,calc_daily_close,2.0220,45.0000,52.0000,60.0000,2.4720,2.5420,2.6220,partly sourced,190.0000,230.0000,250.0000,3.6200,4.0200,4.2200,partly sourced,2.3220,2.1120,,3.8000,2.7900,2.9500
2022-02-13,1.7200,2022-02-11,30.2000,2021-12-14,calc_daily_close,2.0220,45.0000,52.0000,60.0000,2.4720,2.5420,2.6220,partly sourced,190.0000,230.0000,250.0000,3.6200,4.0200,4.2200,partly sourced,2.3820,2.0820,,3.8600,2.7600,2.9800
2022-02-14,1.7800,2022-02-14,30.2000,2021-12-14,calc_daily_close,2.0820,45.0000,52.0000,60.0000,2.5320,2.6020,2.6820,partly sourced,190.0000,230.0000,250.0000,3.6800,4.0800,4.2800,partly sourced,2.3820,2.0120,,3.8600,2.6900,3.0600
2022-02-15,1.8200,2022-02-15,30.2000,2021-12-14,calc_daily_close,2.1220,45.0000,52.0000,60.0000,2.5720,2.6420,2.7220,partly sourced,190.0000,230.0000,250.0000,3.7200,4.1200,4.3200,partly sourced,2.3820,2.0020,,3.8600,2.6800,2.9800
2022-02-16,1.8000,2022-02-16,30.2000,2021-12-14,calc_daily_close,2.1020,45.0000,52.0000,60.0000,2.5520,2.6220,2.7020,partly sourced,190.0000,230.0000,250.0000,3.7000,4.1000,4.3000,partly sourced,2.4320,2.0020,,3.9100,2.6800,2.9700
2022-02-17,1.7500,2022-02-17,30.2000,2021-12-14,calc_daily_close,2.0520,45.0000,52.0000,60.0000,2.5020,2.5720,2.6520,partly sourced,190.0000,230.0000,250.0000,3.6500,4.0500,4.2500,partly sourced,2.5120,2.0020,,3.9900,2.6800,2.9500
2022-02-18,1.7200,2022-02-18,30.2000,2021-12-14,calc_daily_close,2.0220,45.0000,52.0000,60.0000,2.4720,2.5420,2.6220,partly sourced,190.0000,230.0000,250.0000,3.6200,4.0200,4.2200,partly sourced,2.5020,2.0420,,3.9800,2.7200,2.9500
2022-02-19,1.7200,2022-02-18,30.2000,2021-12-14,calc_daily_close,2.0220,45.0000,52.0000,60.0000,2.4720,2.5420,2.6220,partly sourced,190.0000,230.0000,250.0000,3.6200,4.0200,4.2200,partly sourced,2.5020,2.1120,,3.9800,2.7900,2.9500
2022-02-20,1.7200,2022-02-18,30.2000,2021-12-14,calc_daily_close,2.0220,45.0000,52.0000,60.0000,2.4720,2.5420,2.6220,partly sourced,190.0000,230.0000,250.0000,3.6200,4.0200,4.2200,partly sourced,2.4420,2.0720,,3.9200,2.7500,3.0600
2022-02-21,1.7200,2022-02-18,30.2000,2021-12-14,calc_daily_close,2.0220,45.0000,52.0000,60.0000,2.4720,2.5420,2.6220,partly sourced,190.0000,230.0000,250.0000,3.6200,4.0200,4.2200,partly sourced,2.4420,2.0820,,3.9200,2.7600,3.0800
2022-02-22,1.7400,2022-02-22,30.2000,2021-12-14,calc_daily_close,2.0420,45.0000,52.0000,60.0000,2.4920,2.5620,2.6420,partly sourced,190.0000,230.0000,250.0000,3.6400,4.0400,4.2400,partly sourced,2.4420,2.1020,,3.9200,2.7800,3.0600
2022-02-23,1.7900,2022-02-23,30.2000,2021-12-14,calc_daily_close,2.0920,45.0000,52.0000,60.0000,2.5420,2.6120,2.6920,partly sourced,190.0000,230.0000,250.0000,3.6900,4.0900,4.2900,partly sourced,2.4520,2.1020,,3.9300,2.7800,3.0600
2022-02-24,1.7400,2022-02-24,30.2000,2021-12-14,calc_daily_close,2.0420,45.0000,52.0000,60.0000,2.4920,2.5620,2.6420,partly sourced,190.0000,230.0000,250.0000,3.6400,4.0400,4.2400,partly sourced,2.4620,2.1020,,3.9400,2.7800,2.8900
2022-02-25,1.7400,2022-02-25,30.2000,2021-12-14,calc_daily_close,2.0420,45.0000,52.0000,60.0000,2.4920,2.5620,2.6420,partly sourced,190.0000,230.0000,250.0000,3.6400,4.0400,4.2400,partly sourced,2.4920,2.1020,,3.9700,2.7800,2.8900
2022-02-26,1.7400,2022-02-25,30.2000,2021-12-14,calc_daily_close,2.0420,45.0000,52.0000,60.0000,2.4920,2.5620,2.6420,partly sourced,190.0000,230.0000,250.0000,3.6400,4.0400,4.2400,partly sourced,2.4720,2.1020,,3.9500,2.7800,2.8900
2022-02-27,1.7400,2022-02-25,30.2000,2021-12-14,calc_daily_close,2.0420,45.0000,52.0000,60.0000,2.4920,2.5620,2.6420,partly sourced,190.0000,230.0000,250.0000,3.6400,4.0400,4.2400,partly sourced,2.4520,2.1220,,3.9300,2.8000,2.9100
2022-02-28,1.6400,2022-02-28,30.2000,2021-12-14,calc_daily_close,1.9420,45.0000,52.0000,60.0000,2.3920,2.4620,2.5420,partly sourced,190.0000,230.0000,250.0000,3.5400,3.9400,4.1400,partly sourced,2.4520,2.1020,,3.9300,2.7800,2.9000
2022-03-01,1.4800,2022-03-01,30.2000,2021-12-14,calc_daily_close,1.7820,45.0000,52.0000,60.0000,2.2320,2.3020,2.3820,partly sourced,190.0000,230.0000,250.0000,3.3800,3.7800,3.9800,partly sourced,2.4520,2.0720,,3.9300,2.7500,2.8500
2022-03-02,1.6100,2022-03-02,30.2000,2021-12-14,calc_daily_close,1.9120,45.0000,52.0000,60.0000,2.3620,2.4320,2.5120,partly sourced,190.0000,230.0000,250.0000,3.5100,3.9100,4.1100,partly sourced,2.4620,2.0720,,3.9400,2.7500,2.8500
2022-03-03,1.5900,2022-03-03,30.2000,2021-12-14,calc_daily_close,1.8920,45.0000,52.0000,60.0000,2.3420,2.4120,2.4920,partly sourced,190.0000,230.0000,250.0000,3.4900,3.8900,4.0900,partly sourced,2.4720,2.0720,,3.9500,2.7500,2.8400
2022-03-04,1.4600,2022-03-04,30.2000,2021-12-14,calc_daily_close,1.7620,45.0000,52.0000,60.0000,2.2120,2.2820,2.3620,partly sourced,190.0000,230.0000,250.0000,3.3600,3.7600,3.9600,partly sourced,2.4320,2.0720,,3.9100,2.7500,2.8400
2022-03-05,1.4600,2022-03-04,30.2000,2021-12-14,calc_daily_close,1.7620,45.0000,52.0000,60.0000,2.2120,2.2820,2.3620,partly sourced,190.0000,230.0000,250.0000,3.3600,3.7600,3.9600,partly sourced,2.4620,2.2120,,3.9400,3.6900,2.8400
2022-03-06,1.4600,2022-03-04,30.2000,2021-12-14,calc_daily_close,1.7620,45.0000,52.0000,60.0000,2.2120,2.2820,2.3620,partly sourced,190.0000,230.0000,250.0000,3.3600,3.7600,3.9600,partly sourced,2.5320,2.2420,,4.0100,3.7200,2.9100
2022-03-07,1.5100,2022-03-07,30.2000,2021-12-14,calc_daily_close,1.8120,45.0000,52.0000,60.0000,2.2620,2.3320,2.4120,partly sourced,190.0000,230.0000,250.0000,3.4100,3.8100,4.0100,partly sourced,2.5320,2.3220,,4.0100,3.8000,2.9800
2022-03-08,1.6100,2022-03-08,30.2000,2021-12-14,calc_daily_close,1.9120,45.0000,52.0000,60.0000,2.3620,2.4320,2.5120,partly sourced,190.0000,230.0000,250.0000,3.5100,3.9100,4.1100,partly sourced,2.5320,2.3220,,4.0100,3.8000,2.9400
2022-03-09,1.6500,2022-03-09,30.2000,2021-12-14,calc_daily_close,1.9520,45.0000,52.0000,60.0000,2.4020,2.4720,2.5520,partly sourced,190.0000,230.0000,250.0000,3.5500,3.9500,4.1500,partly sourced,2.5020,2.3220,,3.9800,3.8000,2.8500
2022-03-10,1.7000,2022-03-10,30.2000,2021-12-14,calc_daily_close,2.0020,45.0000,52.0000,60.0000,2.4520,2.5220,2.6020,partly sourced,190.0000,230.0000,250.0000,3.6000,4.0000,4.2000,partly sourced,2.5120,2.3220,,3.9900,3.8000,2.8100
2022-03-11,1.8000,2022-03-11,30.2000,2021-12-14,calc_daily_close,2.1020,45.0000,52.0000,60.0000,2.5520,2.6220,2.7020,partly sourced,190.0000,230.0000,250.0000,3.7000,4.1000,4.3000,partly sourced,2.5020,2.3320,,3.9800,3.8100,2.8100
2022-03-12,1.8000,2022-03-11,30.2000,2021-12-14,calc_daily_close,2.1020,45.0000,52.0000,60.0000,2.5520,2.6220,2.7020,partly sourced,190.0000,230.0000,250.0000,3.7000,4.1000,4.3000,partly sourced,2.6320,2.3220,,4.1100,3.8000,2.8100
2022-03-13,1.8000,2022-03-11,30.2000,2021-12-14,calc_daily_close,2.1020,45.0000,52.0000,60.0000,2.5520,2.6220,2.7020,partly sourced,190.0000,230.0000,250.0000,3.7000,4.1000,4.3000,partly sourced,2.5420,2.3420,,4.0200,3.8200,2.7400
2022-03-14,1.9400,2022-03-14,30.2000,2021-12-14,calc_daily_close,2.2420,45.0000,52.0000,60.0000,2.6920,2.7620,2.8420,partly sourced,190.0000,230.0000,250.0000,3.8400,4.2400,4.4400,partly sourced,2.5420,2.3220,2.1120,4.0200,3.8000,2.7900
2022-03-15,1.9700,2022-03-15,37.2000,2022-03-15,calc_daily_close,2.3420,45.0000,52.0000,60.0000,2.7920,2.8620,2.9420,partly sourced,190.0000,230.0000,250.0000,3.8700,4.2700,4.4700,partly sourced,2.5420,2.3820,2.0820,4.0200,3.8600,2.7600
2022-03-16,2.0200,2022-03-16,37.2000,2022-03-15,calc_daily_close,2.3920,45.0000,52.0000,60.0000,2.8420,2.9120,2.9920,partly sourced,190.0000,230.0000,250.0000,3.9200,4.3200,4.5200,partly sourced,2.6020,2.3820,2.0120,4.0800,3.8600,2.6900
2022-03-17,2.0200,2022-03-17,37.2000,2022-03-15,calc_daily_close,2.3920,45.0000,52.0000,60.0000,2.8420,2.9120,2.9920,partly sourced,190.0000,230.0000,250.0000,3.9200,4.3200,4.5200,partly sourced,2.6420,2.3820,2.0020,4.1200,3.8600,2.6800
2022-03-18,2.0200,2022-03-18,37.2000,2022-03-15,calc_daily_close,2.3920,45.0000,52.0000,60.0000,2.8420,2.9120,2.9920,partly sourced,190.0000,230.0000,250.0000,3.9200,4.3200,4.5200,partly sourced,2.6220,2.4320,2.0020,4.1000,3.9100,2.6800
2022-03-19,2.0200,2022-03-18,37.2000,2022-03-15,calc_daily_close,2.3920,45.0000,52.0000,60.0000,2.8420,2.9120,2.9920,partly sourced,190.0000,230.0000,250.0000,3.9200,4.3200,4.5200,partly sourced,2.5720,2.5120,2.0020,4.0500,3.9900,2.6800
2022-03-20,2.0200,2022-03-18,37.2000,2022-03-15,calc_daily_close,2.3920,45.0000,52.0000,60.0000,2.8420,2.9120,2.9920,partly sourced,190.0000,230.0000,250.0000,3.9200,4.3200,4.5200,partly sourced,2.5420,2.5020,2.0420,4.0200,3.9800,2.7200
2022-03-21,2.1800,2022-03-21,37.2000,2022-03-15,calc_daily_close,2.5520,45.0000,52.0000,60.0000,3.0020,3.0720,3.1520,partly sourced,190.0000,230.0000,250.0000,4.0800,4.4800,4.6800,partly sourced,2.5420,2.5020,2.1120,4.0200,3.9800,2.7900
2022-03-22,2.2600,2022-03-22,37.2000,2022-03-15,calc_daily_close,2.6320,45.0000,52.0000,60.0000,3.0820,3.1520,3.2320,partly sourced,190.0000,230.0000,250.0000,4.1600,4.5600,4.7600,partly sourced,2.5420,2.4420,2.0720,4.0200,3.9200,2.7500
2022-03-23,2.2000,2022-03-23,37.2000,2022-03-15,calc_daily_close,2.5720,45.0000,52.0000,60.0000,3.0220,3.0920,3.1720,partly sourced,190.0000,230.0000,250.0000,4.1000,4.5000,4.7000,partly sourced,2.5420,2.4420,2.0820,4.0200,3.9200,2.7600
2022-03-24,2.2700,2022-03-24,37.2000,2022-03-15,calc_daily_close,2.6420,45.0000,52.0000,60.0000,3.0920,3.1620,3.2420,partly sourced,190.0000,230.0000,250.0000,4.1700,4.5700,4.7700,partly sourced,2.5620,2.4420,2.1020,4.0400,3.9200,2.7800
2022-03-25,2.4900,2022-03-25,37.2000,2022-03-15,calc_daily_close,2.8620,45.0000,52.0000,60.0000,3.3120,3.3820,3.4620,partly sourced,190.0000,230.0000,250.0000,4.3900,4.7900,4.9900,partly sourced,2.6120,2.4520,2.1020,4.0900,3.9300,2.7800
2022-03-26,2.4900,2022-03-25,37.2000,2022-03-15,calc_daily_close,2.8620,45.0000,52.0000,60.0000,3.3120,3.3820,3.4620,partly sourced,190.0000,230.0000,250.0000,4.3900,4.7900,4.9900,partly sourced,2.5620,2.4620,2.1020,4.0400,3.9400,2.7800
2022-03-27,2.4900,2022-03-25,37.2000,2022-03-15,calc_daily_close,2.8620,45.0000,52.0000,60.0000,3.3120,3.3820,3.4620,partly sourced,190.0000,230.0000,250.0000,4.3900,4.7900,4.9900,partly sourced,2.5620,2.4920,2.1020,4.0400,3.9700,2.7800
2022-03-28,2.4600,2022-03-28,37.2000,2022-03-15,calc_daily_close,2.8320,45.0000,52.0000,60.0000,3.2820,3.3520,3.4320,partly sourced,190.0000,230.0000,250.0000,4.3600,4.7600,4.9600,partly sourced,2.5620,2.4720,2.1020,4.0400,3.9500,2.7800
2022-03-29,2.4500,2022-03-29,37.2000,2022-03-15,calc_daily_close,2.8220,45.0000,52.0000,60.0000,3.2720,3.3420,3.4220,partly sourced,190.0000,230.0000,250.0000,4.3500,4.7500,4.9500,partly sourced,2.5620,2.4520,2.1220,4.0400,3.9300,2.8000
2022-03-30,2.4200,2022-03-30,37.2000,2022-03-15,calc_daily_close,2.7920,45.0000,52.0000,60.0000,3.2420,3.3120,3.3920,partly sourced,190.0000,230.0000,250.0000,4.3200,4.7200,4.9200,partly sourced,2.4620,2.4520,2.1020,3.9400,3.9300,2.7800
2022-03-31,2.3900,2022-03-31,37.2000,2022-03-15,calc_daily_close,2.7620,45.0000,52.0000,60.0000,3.2120,3.2820,3.3620,partly sourced,190.0000,230.0000,250.0000,4.2900,4.6900,4.8900,partly sourced,2.3020,2.4520,2.0720,3.7800,3.9300,2.7500
2022-04-01,2.4600,2022-04-01,37.2000,2022-03-15,calc_daily_close,2.8320,42.5000,67.5000,70.0000,3.2570,3.5070,3.5320,sourced,190.0000,230.0000,250.0000,4.3600,4.7600,4.9600,partly sourced,2.4320,2.4620,2.0720,3.9100,3.9400,2.7500
2022-04-02,2.4600,2022-04-01,37.2000,2022-03-15,calc_daily_close,2.8320,42.5000,67.5000,70.0000,3.2570,3.5070,3.5320,sourced,190.0000,230.0000,250.0000,4.3600,4.7600,4.9600,partly sourced,2.4120,2.4720,2.0720,3.8900,3.9500,2.7500
2022-04-03,2.4600,2022-04-01,37.2000,2022-03-15,calc_daily_close,2.8320,42.5000,67.5000,70.0000,3.2570,3.5070,3.5320,sourced,190.0000,230.0000,250.0000,4.3600,4.7600,4.9600,partly sourced,2.2820,2.4320,2.0720,3.7600,3.9100,2.7500
2022-04-04,2.4400,2022-04-04,37.2000,2022-03-15,calc_daily_close,2.8120,42.5000,67.5000,70.0000,3.2370,3.4870,3.5120,sourced,190.0000,230.0000,250.0000,4.3400,4.7400,4.9400,partly sourced,2.2820,2.4620,2.2120,3.7600,3.9400,3.6900
2022-04-05,2.5200,2022-04-05,37.2000,2022-03-15,calc_daily_close,2.8920,42.5000,67.5000,70.0000,3.3170,3.5670,3.5920,sourced,190.0000,230.0000,250.0000,4.4200,4.8200,5.0200,partly sourced,2.2820,2.5320,2.2420,3.7600,4.0100,3.7200
2022-04-06,2.5100,2022-04-06,37.2000,2022-03-15,calc_daily_close,2.8820,42.5000,67.5000,70.0000,3.3070,3.5570,3.5820,sourced,190.0000,230.0000,250.0000,4.4100,4.8100,5.0100,partly sourced,2.3320,2.5320,2.3220,3.8100,4.0100,3.8000
2022-04-07,2.5100,2022-04-07,37.2000,2022-03-15,calc_daily_close,2.8820,42.5000,67.5000,70.0000,3.3070,3.5570,3.5820,sourced,190.0000,230.0000,250.0000,4.4100,4.8100,5.0100,partly sourced,2.4320,2.5320,2.3220,3.9100,4.0100,3.8000
2022-04-08,2.5900,2022-04-08,37.2000,2022-03-15,calc_daily_close,2.9620,42.5000,67.5000,70.0000,3.3870,3.6370,3.6620,sourced,190.0000,230.0000,250.0000,4.4900,4.8900,5.0900,partly sourced,2.4720,2.5020,2.3220,3.9500,3.9800,3.8000
2022-04-09,2.5900,2022-04-08,37.2000,2022-03-15,calc_daily_close,2.9620,42.5000,67.5000,70.0000,3.3870,3.6370,3.6620,sourced,190.0000,230.0000,250.0000,4.4900,4.8900,5.0900,partly sourced,2.5220,2.5120,2.3220,4.0000,3.9900,3.8000
2022-04-10,2.5900,2022-04-08,37.2000,2022-03-15,calc_daily_close,2.9620,42.5000,67.5000,70.0000,3.3870,3.6370,3.6620,sourced,190.0000,230.0000,250.0000,4.4900,4.8900,5.0900,partly sourced,2.6220,2.5020,2.3320,4.1000,3.9800,3.8100
2022-04-11,2.6200,2022-04-11,37.2000,2022-03-15,calc_daily_close,2.9920,42.5000,67.5000,70.0000,3.4170,3.6670,3.6920,sourced,190.0000,230.0000,250.0000,4.5200,4.9200,5.1200,partly sourced,2.6220,2.6320,2.3220,4.1000,4.1100,3.8000
2022-04-12,2.5200,2022-04-12,37.2000,2022-03-15,calc_daily_close,2.8920,42.5000,67.5000,70.0000,3.3170,3.5670,3.5920,sourced,190.0000,230.0000,250.0000,4.4200,4.8200,5.0200,partly sourced,2.6220,2.5420,2.3420,4.1000,4.0200,3.8200
2022-04-13,2.5100,2022-04-13,37.2000,2022-03-15,calc_daily_close,2.8820,42.5000,67.5000,70.0000,3.3070,3.5570,3.5820,sourced,190.0000,230.0000,250.0000,4.4100,4.8100,5.0100,partly sourced,2.7620,2.5420,2.3220,4.2400,4.0200,3.8000
2022-04-14,2.6100,2022-04-14,37.2000,2022-03-15,calc_daily_close,2.9820,42.5000,67.5000,70.0000,3.4070,3.6570,3.6820,sourced,190.0000,230.0000,250.0000,4.5100,4.9100,5.1100,partly sourced,2.8620,2.5420,2.3820,4.2700,4.0200,3.8600
2022-04-15,2.6100,2022-04-14,37.2000,2022-03-15,calc_daily_close,2.9820,42.5000,67.5000,70.0000,3.4070,3.6570,3.6820,sourced,190.0000,230.0000,250.0000,4.5100,4.9100,5.1100,partly sourced,2.9120,2.6020,2.3820,4.3200,4.0800,3.8600
2022-04-16,2.6100,2022-04-14,37.2000,2022-03-15,calc_daily_close,2.9820,42.5000,67.5000,70.0000,3.4070,3.6570,3.6820,sourced,190.0000,230.0000,250.0000,4.5100,4.9100,5.1100,partly sourced,2.9120,2.6420,2.3820,4.3200,4.1200,3.8600
2022-04-17,2.6100,2022-04-14,37.2000,2022-03-15,calc_daily_close,2.9820,42.5000,67.5000,70.0000,3.4070,3.6570,3.6820,sourced,190.0000,230.0000,250.0000,4.5100,4.9100,5.1100,partly sourced,2.9120,2.6220,2.4320,4.3200,4.1000,3.9100
2022-04-18,2.6300,2022-04-18,37.2000,2022-03-15,calc_daily_close,3.0020,42.5000,67.5000,70.0000,3.4270,3.6770,3.7020,sourced,190.0000,230.0000,250.0000,4.5300,4.9300,5.1300,partly sourced,2.9120,2.5720,2.5120,4.3200,4.0500,3.9900
2022-04-19,2.7000,2022-04-19,37.2000,2022-03-15,calc_daily_close,3.0720,42.5000,67.5000,70.0000,3.4970,3.7470,3.7720,sourced,190.0000,230.0000,250.0000,4.6000,5.0000,5.2000,partly sourced,2.9120,2.5420,2.5020,4.3200,4.0200,3.9800
2022-04-20,2.7400,2022-04-20,37.2000,2022-03-15,calc_daily_close,3.1120,42.5000,67.5000,70.0000,3.5370,3.7870,3.8120,sourced,190.0000,230.0000,250.0000,4.6400,5.0400,5.2400,partly sourced,3.0720,2.5420,2.5020,4.4800,4.0200,3.9800
2022-04-21,2.8000,2022-04-21,37.2000,2022-03-15,calc_daily_close,3.1720,42.5000,67.5000,70.0000,3.5970,3.8470,3.8720,sourced,190.0000,230.0000,250.0000,4.7000,5.1000,5.3000,partly sourced,3.1520,2.5420,2.4420,4.5600,4.0200,3.9200
2022-04-22,2.7900,2022-04-22,37.2000,2022-03-15,calc_daily_close,3.1620,42.5000,67.5000,70.0000,3.5870,3.8370,3.8620,sourced,190.0000,230.0000,250.0000,4.6900,5.0900,5.2900,partly sourced,3.0920,2.5420,2.4420,4.5000,4.0200,3.9200
2022-04-23,2.7900,2022-04-22,37.2000,2022-03-15,calc_daily_close,3.1620,42.5000,67.5000,70.0000,3.5870,3.8370,3.8620,sourced,190.0000,230.0000,250.0000,4.6900,5.0900,5.2900,partly sourced,3.1620,2.5620,2.4420,4.5700,4.0400,3.9200
2022-04-24,2.7900,2022-04-22,37.2000,2022-03-15,calc_daily_close,3.1620,42.5000,67.5000,70.0000,3.5870,3.8370,3.8620,sourced,190.0000,230.0000,250.0000,4.6900,5.0900,5.2900,partly sourced,3.3820,2.6120,2.4520,4.7900,4.0900,3.9300
2022-04-25,2.7000,2022-04-25,37.2000,2022-03-15,calc_daily_close,3.0720,42.5000,67.5000,70.0000,3.4970,3.7470,3.7720,sourced,190.0000,230.0000,250.0000,4.6000,5.0000,5.2000,partly sourced,3.3820,2.5620,2.4620,4.7900,4.0400,3.9400
2022-04-26,2.6000,2022-04-26,37.2000,2022-03-15,calc_daily_close,2.9720,42.5000,67.5000,70.0000,3.3970,3.6470,3.6720,sourced,190.0000,230.0000,250.0000,4.5000,4.9000,5.1000,partly sourced,3.3820,2.5620,2.4920,4.7900,4.0400,3.9700
2022-04-27,2.6400,2022-04-27,37.2000,2022-03-15,calc_daily_close,3.0120,42.5000,67.5000,70.0000,3.4370,3.6870,3.7120,sourced,190.0000,230.0000,250.0000,4.5400,4.9400,5.1400,partly sourced,3.3520,2.5620,2.4720,4.7600,4.0400,3.9500
2022-04-28,2.6600,2022-04-28,37.2000,2022-03-15,calc_daily_close,3.0320,42.5000,67.5000,70.0000,3.4570,3.7070,3.7320,sourced,190.0000,230.0000,250.0000,4.5600,4.9600,5.1600,partly sourced,3.3420,2.5620,2.4520,4.7500,4.0400,3.9300
2022-04-29,2.7500,2022-04-29,37.2000,2022-03-15,calc_daily_close,3.1220,42.5000,67.5000,70.0000,3.5470,3.7970,3.8220,sourced,190.0000,230.0000,250.0000,4.6500,5.0500,5.2500,partly sourced,3.3120,2.4620,2.4520,4.7200,3.9400,3.9300
2022-04-30,2.7500,2022-04-29,37.2000,2022-03-15,calc_daily_close,3.1220,42.5000,67.5000,70.0000,3.5470,3.7970,3.8220,sourced,190.0000,230.0000,250.0000,4.6500,5.0500,5.2500,partly sourced,3.2820,2.3020,2.4520,4.6900,3.7800,3.9300
2022-05-01,2.7500,2022-04-29,37.2000,2022-03-15,calc_daily_close,3.1220,42.5000,67.5000,70.0000,3.5470,3.7970,3.8220,sourced,190.0000,230.0000,250.0000,4.6500,5.0500,5.2500,partly sourced,3.5070,2.4320,2.4620,4.7600,3.9100,3.9400
2022-05-02,2.8100,2022-05-02,37.2000,2022-03-15,calc_daily_close,3.1820,42.5000,67.5000,70.0000,3.6070,3.8570,3.8820,sourced,190.0000,230.0000,250.0000,4.7100,5.1100,5.3100,partly sourced,3.5070,2.4120,2.4720,4.7600,3.8900,3.9500
2022-05-03,2.8400,2022-05-03,37.2000,2022-03-15,calc_daily_close,3.2120,42.5000,67.5000,70.0000,3.6370,3.8870,3.9120,sourced,190.0000,230.0000,250.0000,4.7400,5.1400,5.3400,partly sourced,3.5070,2.2820,2.4320,4.7600,3.7600,3.9100
2022-05-04,2.7400,2022-05-04,37.2000,2022-03-15,calc_daily_close,3.1120,42.5000,67.5000,70.0000,3.5370,3.7870,3.8120,sourced,190.0000,230.0000,250.0000,4.6400,5.0400,5.2400,partly sourced,3.4870,2.2820,2.4620,4.7400,3.7600,3.9400
2022-05-05,2.8400,2022-05-05,37.2000,2022-03-15,calc_daily_close,3.2120,42.5000,67.5000,70.0000,3.6370,3.8870,3.9120,sourced,190.0000,230.0000,250.0000,4.7400,5.1400,5.3400,partly sourced,3.5670,2.2820,2.5320,4.8200,3.7600,4.0100
2022-05-06,2.8800,2022-05-06,37.2000,2022-03-15,calc_daily_close,3.2520,42.5000,67.5000,70.0000,3.6770,3.9270,3.9520,sourced,190.0000,230.0000,250.0000,4.7800,5.1800,5.3800,partly sourced,3.5570,2.3320,2.5320,4.8100,3.8100,4.0100
2022-05-07,2.8800,2022-05-06,37.2000,2022-03-15,calc_daily_close,3.2520,42.5000,67.5000,70.0000,3.6770,3.9270,3.9520,sourced,190.0000,230.0000,250.0000,4.7800,5.1800,5.3800,partly sourced,3.5570,2.4320,2.5320,4.8100,3.9100,4.0100
2022-05-08,2.8800,2022-05-06,37.2000,2022-03-15,calc_daily_close,3.2520,42.5000,67.5000,70.0000,3.6770,3.9270,3.9520,sourced,190.0000,230.0000,250.0000,4.7800,5.1800,5.3800,partly sourced,3.6370,2.4720,2.5020,4.8900,3.9500,3.9800
2022-05-09,2.7600,2022-05-09,37.2000,2022-03-15,calc_daily_close,3.1320,42.5000,67.5000,70.0000,3.5570,3.8070,3.8320,sourced,190.0000,230.0000,250.0000,4.6600,5.0600,5.2600,partly sourced,3.6370,2.5220,2.5120,4.8900,4.0000,3.9900
2022-05-10,2.7700,2022-05-10,37.2000,2022-03-15,calc_daily_close,3.1420,42.5000,67.5000,70.0000,3.5670,3.8170,3.8420,sourced,190.0000,230.0000,250.0000,4.6700,5.0700,5.2700,partly sourced,3.6370,2.6220,2.5020,4.8900,4.1000,3.9800
2022-05-11,2.8000,2022-05-11,37.2000,2022-03-15,calc_daily_close,3.1720,42.5000,67.5000,70.0000,3.5970,3.8470,3.8720,sourced,190.0000,230.0000,250.0000,4.7000,5.1000,5.3000,partly sourced,3.6670,2.6220,2.6320,4.9200,4.1000,4.1100
2022-05-12,2.7300,2022-05-12,37.2000,2022-03-15,calc_daily_close,3.1020,42.5000,67.5000,70.0000,3.5270,3.7770,3.8020,sourced,190.0000,230.0000,250.0000,4.6300,5.0300,5.2300,partly sourced,3.5670,2.6220,2.5420,4.8200,4.1000,4.0200
2022-05-13,2.7500,2022-05-13,37.2000,2022-03-15,calc_daily_close,3.1220,42.5000,67.5000,70.0000,3.5470,3.7970,3.8220,sourced,190.0000,230.0000,250.0000,4.6500,5.0500,5.2500,partly sourced,3.5570,2.7620,2.5420,4.8100,4.2400,4.0200
2022-05-14,2.7500,2022-05-13,37.2000,2022-03-15,calc_daily_close,3.1220,42.5000,67.5000,70.0000,3.5470,3.7970,3.8220,sourced,190.0000,230.0000,250.0000,4.6500,5.0500,5.2500,partly sourced,3.6570,2.8620,2.5420,4.9100,4.2700,4.0200
2022-05-15,2.7500,2022-05-13,37.2000,2022-03-15,calc_daily_close,3.1220,42.5000,67.5000,70.0000,3.5470,3.7970,3.8220,sourced,190.0000,230.0000,250.0000,4.6500,5.0500,5.2500,partly sourced,3.6570,2.9120,2.6020,4.9100,4.3200,4.0800
2022-05-16,2.7100,2022-05-16,37.2000,2022-03-15,calc_daily_close,3.0820,42.5000,67.5000,70.0000,3.5070,3.7570,3.7820,sourced,190.0000,230.0000,250.0000,4.6100,5.0100,5.2100,partly sourced,3.6570,2.9120,2.6420,4.9100,4.3200,4.1200
2022-05-17,2.8400,2022-05-17,37.2000,2022-03-15,calc_daily_close,3.2120,42.5000,67.5000,70.0000,3.6370,3.8870,3.9120,sourced,190.0000,230.0000,250.0000,4.7400,5.1400,5.3400,partly sourced,3.6570,2.9120,2.6220,4.9100,4.3200,4.1000
2022-05-18,2.8300,2022-05-18,37.2000,2022-03-15,calc_daily_close,3.2020,42.5000,67.5000,70.0000,3.6270,3.8770,3.9020,sourced,190.0000,230.0000,250.0000,4.7300,5.1300,5.3300,partly sourced,3.6770,2.9120,2.5720,4.9300,4.3200,4.0500
2022-05-19,2.7500,2022-05-19,37.2000,2022-03-15,calc_daily_close,3.1220,42.5000,67.5000,70.0000,3.5470,3.7970,3.8220,sourced,190.0000,230.0000,250.0000,4.6500,5.0500,5.2500,partly sourced,3.7470,2.9120,2.5420,5.0000,4.3200,4.0200
2022-05-20,2.7000,2022-05-20,37.2000,2022-03-15,calc_daily_close,3.0720,42.5000,67.5000,70.0000,3.4970,3.7470,3.7720,sourced,190.0000,230.0000,250.0000,4.6000,5.0000,5.2000,partly sourced,3.7870,3.0720,2.5420,5.0400,4.4800,4.0200
2022-05-21,2.7000,2022-05-20,37.2000,2022-03-15,calc_daily_close,3.0720,42.5000,67.5000,70.0000,3.4970,3.7470,3.7720,sourced,190.0000,230.0000,250.0000,4.6000,5.0000,5.2000,partly sourced,3.8470,3.1520,2.5420,5.1000,4.5600,4.0200
2022-05-22,2.7000,2022-05-20,37.2000,2022-03-15,calc_daily_close,3.0720,42.5000,67.5000,70.0000,3.4970,3.7470,3.7720,sourced,190.0000,230.0000,250.0000,4.6000,5.0000,5.2000,partly sourced,3.8370,3.0920,2.5420,5.0900,4.5000,4.0200
2022-05-23,2.7000,2022-05-20,37.2000,2022-03-15,calc_daily_close,3.0720,42.5000,67.5000,70.0000,3.4970,3.7470,3.7720,sourced,190.0000,230.0000,250.0000,4.6000,5.0000,5.2000,partly sourced,3.8370,3.1620,2.5620,5.0900,4.5700,4.0400
2022-05-24,2.6400,2022-05-24,37.2000,2022-03-15,calc_daily_close,3.0120,42.5000,67.5000,70.0000,3.4370,3.6870,3.7120,sourced,190.0000,230.0000,250.0000,4.5400,4.9400,5.1400,partly sourced,3.8370,3.3820,2.6120,5.0900,4.7900,4.0900
2022-05-25,2.6000,2022-05-25,37.2000,2022-03-15,calc_daily_close,2.9720,42.5000,67.5000,70.0000,3.3970,3.6470,3.6720,sourced,190.0000,230.0000,250.0000,4.5000,4.9000,5.1000,partly sourced,3.7470,3.3820,2.5620,5.0000,4.7900,4.0400
2022-05-26,2.6200,2022-05-26,37.2000,2022-03-15,calc_daily_close,2.9920,42.5000,67.5000,70.0000,3.4170,3.6670,3.6920,sourced,190.0000,230.0000,250.0000,4.5200,4.9200,5.1200,partly sourced,3.6470,3.3820,2.5620,4.9000,4.7900,4.0400
2022-05-27,2.6100,2022-05-27,37.2000,2022-03-15,calc_daily_close,2.9820,42.5000,67.5000,70.0000,3.4070,3.6570,3.6820,sourced,190.0000,230.0000,250.0000,4.5100,4.9100,5.1100,partly sourced,3.6870,3.3520,2.5620,4.9400,4.7600,4.0400
2022-05-28,2.6100,2022-05-27,37.2000,2022-03-15,calc_daily_close,2.9820,42.5000,67.5000,70.0000,3.4070,3.6570,3.6820,sourced,190.0000,230.0000,250.0000,4.5100,4.9100,5.1100,partly sourced,3.7070,3.3420,2.5620,4.9600,4.7500,4.0400
2022-05-29,2.6100,2022-05-27,37.2000,2022-03-15,calc_daily_close,2.9820,42.5000,67.5000,70.0000,3.4070,3.6570,3.6820,sourced,190.0000,230.0000,250.0000,4.5100,4.9100,5.1100,partly sourced,3.7970,3.3120,2.4620,5.0500,4.7200,3.9400
2022-05-30,2.6600,2022-05-30,37.2000,2022-03-15,calc_daily_close,3.0320,42.5000,67.5000,70.0000,3.4570,3.7070,3.7320,sourced,190.0000,230.0000,250.0000,4.5600,4.9600,5.1600,partly sourced,3.7970,3.2820,2.3020,5.0500,4.6900,3.7800
2022-05-31,2.7200,2022-05-31,37.2000,2022-03-15,calc_daily_close,3.0920,42.5000,67.5000,70.0000,3.5170,3.7670,3.7920,sourced,190.0000,230.0000,250.0000,4.6200,5.0200,5.2200,partly sourced,3.7970,3.5070,2.4320,5.0500,4.7600,3.9100
2022-06-01,2.8600,2022-06-01,37.2000,2022-03-15,calc_daily_close,3.2320,42.5000,67.5000,70.0000,3.6570,3.9070,3.9320,sourced,190.0000,230.0000,250.0000,4.7600,5.1600,5.3600,partly sourced,3.8570,3.5070,2.4120,5.1100,4.7600,3.8900
2022-06-02,2.8900,2022-06-02,37.2000,2022-03-15,calc_daily_close,3.2620,42.5000,67.5000,70.0000,3.6870,3.9370,3.9620,sourced,190.0000,230.0000,250.0000,4.7900,5.1900,5.3900,partly sourced,3.8870,3.5070,2.2820,5.1400,4.7600,3.7600
2022-06-03,2.9600,2022-06-03,37.2000,2022-03-15,calc_daily_close,3.3320,42.5000,67.5000,70.0000,3.7570,4.0070,4.0320,sourced,190.0000,230.0000,250.0000,4.8600,5.2600,5.4600,partly sourced,3.7870,3.4870,2.2820,5.0400,4.7400,3.7600
2022-06-04,2.9600,2022-06-03,37.2000,2022-03-15,calc_daily_close,3.3320,42.5000,67.5000,70.0000,3.7570,4.0070,4.0320,sourced,190.0000,230.0000,250.0000,4.8600,5.2600,5.4600,partly sourced,3.8870,3.5670,2.2820,5.1400,4.8200,3.7600
2022-06-05,2.9600,2022-06-03,37.2000,2022-03-15,calc_daily_close,3.3320,42.5000,67.5000,70.0000,3.7570,4.0070,4.0320,sourced,190.0000,230.0000,250.0000,4.8600,5.2600,5.4600,partly sourced,3.9270,3.5570,2.3320,5.1800,4.8100,3.8100
2022-06-06,3.0900,2022-06-06,37.2000,2022-03-15,calc_daily_close,3.4620,42.5000,67.5000,70.0000,3.8870,4.1370,4.1620,sourced,190.0000,230.0000,250.0000,4.9900,5.3900,5.5900,partly sourced,3.9270,3.5570,2.4320,5.1800,4.8100,3.9100
2022-06-07,3.1000,2022-06-07,37.2000,2022-03-15,calc_daily_close,3.4720,42.5000,67.5000,70.0000,3.8970,4.1470,4.1720,sourced,190.0000,230.0000,250.0000,5.0000,5.4000,5.6000,partly sourced,3.9270,3.6370,2.4720,5.1800,4.8900,3.9500
2022-06-08,3.1800,2022-06-08,37.2000,2022-03-15,calc_daily_close,3.5520,42.5000,67.5000,70.0000,3.9770,4.2270,4.2520,sourced,190.0000,230.0000,250.0000,5.0800,5.4800,5.6800,partly sourced,3.8070,3.6370,2.5220,5.0600,4.8900,4.0000
2022-06-09,3.1500,2022-06-09,37.2000,2022-03-15,calc_daily_close,3.5220,42.5000,67.5000,70.0000,3.9470,4.1970,4.2220,sourced,190.0000,230.0000,250.0000,5.0500,5.4500,5.6500,partly sourced,3.8170,3.6370,2.6220,5.0700,4.8900,4.1000
2022-06-10,3.3200,2022-06-10,37.2000,2022-03-15,calc_daily_close,3.6920,42.5000,67.5000,70.0000,4.1170,4.3670,4.3920,sourced,190.0000,230.0000,250.0000,5.2200,5.6200,5.8200,partly sourced,3.8470,3.6670,2.6220,5.1000,4.9200,4.1000
2022-06-11,3.3200,2022-06-10,37.2000,2022-03-15,calc_daily_close,3.6920,42.5000,67.5000,70.0000,4.1170,4.3670,4.3920,sourced,190.0000,230.0000,250.0000,5.2200,5.6200,5.8200,partly sourced,3.7770,3.5670,2.6220,5.0300,4.8200,4.1000
2022-06-12,3.3200,2022-06-10,37.2000,2022-03-15,calc_daily_close,3.6920,42.5000,67.5000,70.0000,4.1170,4.3670,4.3920,sourced,190.0000,230.0000,250.0000,5.2200,5.6200,5.8200,partly sourced,3.7970,3.5570,2.7620,5.0500,4.8100,4.2400
2022-06-13,3.4800,2022-06-13,37.2000,2022-03-15,calc_daily_close,3.8520,42.5000,67.5000,70.0000,4.2770,4.5270,4.5520,sourced,190.0000,230.0000,250.0000,5.3800,5.7800,5.9800,partly sourced,3.7970,3.6570,2.8620,5.0500,4.9100,4.2700
2022-06-14,3.5600,2022-06-14,29.0000,2022-06-14,calc_daily_close,3.8500,42.5000,67.5000,70.0000,4.2750,4.5250,4.5500,sourced,190.0000,230.0000,250.0000,5.4600,5.8600,6.0600,partly sourced,3.7970,3.6570,2.9120,5.0500,4.9100,4.3200
2022-06-15,3.3800,2022-06-15,29.0000,2022-06-14,calc_daily_close,3.6700,42.5000,67.5000,70.0000,4.0950,4.3450,4.3700,sourced,190.0000,230.0000,250.0000,5.2800,5.6800,5.8800,partly sourced,3.7570,3.6570,2.9120,5.0100,4.9100,4.3200
2022-06-16,3.3100,2022-06-16,29.0000,2022-06-14,calc_daily_close,3.6000,42.5000,67.5000,70.0000,4.0250,4.2750,4.3000,sourced,190.0000,230.0000,250.0000,5.2100,5.6100,5.8100,partly sourced,3.8870,3.6570,2.9120,5.1400,4.9100,4.3200
2022-06-17,3.3200,2022-06-17,29.0000,2022-06-14,calc_daily_close,3.6100,42.5000,67.5000,70.0000,4.0350,4.2850,4.3100,sourced,190.0000,230.0000,250.0000,5.2200,5.6200,5.8200,partly sourced,3.8770,3.6770,2.9120,5.1300,4.9300,4.3200
2022-06-18,3.3200,2022-06-17,29.0000,2022-06-14,calc_daily_close,3.6100,42.5000,67.5000,70.0000,4.0350,4.2850,4.3100,sourced,190.0000,230.0000,250.0000,5.2200,5.6200,5.8200,partly sourced,3.7970,3.7470,2.9120,5.0500,5.0000,4.3200
2022-06-19,3.3200,2022-06-17,29.0000,2022-06-14,calc_daily_close,3.6100,42.5000,67.5000,70.0000,4.0350,4.2850,4.3100,sourced,190.0000,230.0000,250.0000,5.2200,5.6200,5.8200,partly sourced,3.7470,3.7870,3.0720,5.0000,5.0400,4.4800
2022-06-20,3.3700,2022-06-20,29.0000,2022-06-14,calc_daily_close,3.6600,42.5000,67.5000,70.0000,4.0850,4.3350,4.3600,sourced,190.0000,230.0000,250.0000,5.2700,5.6700,5.8700,partly sourced,3.7470,3.8470,3.1520,5.0000,5.1000,4.5600
2022-06-21,3.4000,2022-06-21,29.0000,2022-06-14,calc_daily_close,3.6900,42.5000,67.5000,70.0000,4.1150,4.3650,4.3900,sourced,190.0000,230.0000,250.0000,5.3000,5.7000,5.9000,partly sourced,3.7470,3.8370,3.0920,5.0000,5.0900,4.5000
2022-06-22,3.3100,2022-06-22,29.0000,2022-06-14,calc_daily_close,3.6000,42.5000,67.5000,70.0000,4.0250,4.2750,4.3000,sourced,190.0000,230.0000,250.0000,5.2100,5.6100,5.8100,partly sourced,3.7470,3.8370,3.1620,5.0000,5.0900,4.5700
2022-06-23,3.1600,2022-06-23,29.0000,2022-06-14,calc_daily_close,3.4500,42.5000,67.5000,70.0000,3.8750,4.1250,4.1500,sourced,190.0000,230.0000,250.0000,5.0600,5.4600,5.6600,partly sourced,3.6870,3.8370,3.3820,4.9400,5.0900,4.7900
2022-06-24,3.1900,2022-06-24,29.0000,2022-06-14,calc_daily_close,3.4800,42.5000,67.5000,70.0000,3.9050,4.1550,4.1800,sourced,190.0000,230.0000,250.0000,5.0900,5.4900,5.6900,partly sourced,3.6470,3.7470,3.3820,4.9000,5.0000,4.7900
2022-06-25,3.1900,2022-06-24,29.0000,2022-06-14,calc_daily_close,3.4800,42.5000,67.5000,70.0000,3.9050,4.1550,4.1800,sourced,190.0000,230.0000,250.0000,5.0900,5.4900,5.6900,partly sourced,3.6670,3.6470,3.3820,4.9200,4.9000,4.7900
2022-06-26,3.1900,2022-06-24,29.0000,2022-06-14,calc_daily_close,3.4800,42.5000,67.5000,70.0000,3.9050,4.1550,4.1800,sourced,190.0000,230.0000,250.0000,5.0900,5.4900,5.6900,partly sourced,3.6570,3.6870,3.3520,4.9100,4.9400,4.7600
2022-06-27,3.2400,2022-06-27,29.0000,2022-06-14,calc_daily_close,3.5300,42.5000,67.5000,70.0000,3.9550,4.2050,4.2300,sourced,190.0000,230.0000,250.0000,5.1400,5.5400,5.7400,partly sourced,3.6570,3.7070,3.3420,4.9100,4.9600,4.7500
2022-06-28,3.2200,2022-06-28,29.0000,2022-06-14,calc_daily_close,3.5100,42.5000,67.5000,70.0000,3.9350,4.1850,4.2100,sourced,190.0000,230.0000,250.0000,5.1200,5.5200,5.7200,partly sourced,3.6570,3.7970,3.3120,4.9100,5.0500,4.7200
2022-06-29,3.1700,2022-06-29,29.0000,2022-06-14,calc_daily_close,3.4600,42.5000,67.5000,70.0000,3.8850,4.1350,4.1600,sourced,190.0000,230.0000,250.0000,5.0700,5.4700,5.6700,partly sourced,3.7070,3.7970,3.2820,4.9600,5.0500,4.6900
2022-06-30,3.1000,2022-06-30,29.0000,2022-06-14,calc_daily_close,3.3900,42.5000,67.5000,70.0000,3.8150,4.0650,4.0900,sourced,190.0000,230.0000,250.0000,5.0000,5.4000,5.6000,partly sourced,3.7670,3.7970,3.5070,5.0200,5.0500,4.7600
2022-07-01,3.1000,2022-06-30,29.0000,2022-06-14,calc_daily_close,3.3900,42.5000,67.5000,70.0000,3.8150,4.0650,4.0900,sourced,190.0000,230.0000,250.0000,5.0000,5.4000,5.6000,partly sourced,3.9070,3.8570,3.5070,5.1600,5.1100,4.7600
2022-07-02,3.1000,2022-06-30,29.0000,2022-06-14,calc_daily_close,3.3900,42.5000,67.5000,70.0000,3.8150,4.0650,4.0900,sourced,190.0000,230.0000,250.0000,5.0000,5.4000,5.6000,partly sourced,3.9370,3.8870,3.5070,5.1900,5.1400,4.7600
2022-07-03,3.1000,2022-06-30,29.0000,2022-06-14,calc_daily_close,3.3900,42.5000,67.5000,70.0000,3.8150,4.0650,4.0900,sourced,190.0000,230.0000,250.0000,5.0000,5.4000,5.6000,partly sourced,4.0070,3.7870,3.4870,5.2600,5.0400,4.7400
2022-07-04,3.0400,2022-07-04,29.0000,2022-06-14,calc_daily_close,3.3300,47.0000,57.0000,65.0000,3.8000,3.9000,3.9800,sourced,190.0000,230.0000,250.0000,4.9400,5.3400,5.5400,partly sourced,4.0070,3.8870,3.5670,5.2600,5.1400,4.8200
2022-07-05,2.9400,2022-07-05,29.0000,2022-06-14,calc_daily_close,3.2300,47.0000,57.0000,65.0000,3.7000,3.8000,3.8800,sourced,190.0000,230.0000,250.0000,4.8400,5.2400,5.4400,partly sourced,4.0070,3.9270,3.5570,5.2600,5.1800,4.8100
2022-07-06,3.0600,2022-07-06,29.0000,2022-06-14,calc_daily_close,3.3500,47.0000,57.0000,65.0000,3.8200,3.9200,4.0000,sourced,190.0000,230.0000,250.0000,4.9600,5.3600,5.5600,partly sourced,4.1370,3.9270,3.5570,5.3900,5.1800,4.8100
2022-07-07,3.1200,2022-07-07,29.0000,2022-06-14,calc_daily_close,3.4100,47.0000,57.0000,65.0000,3.8800,3.9800,4.0600,sourced,190.0000,230.0000,250.0000,5.0200,5.4200,5.6200,partly sourced,4.1470,3.9270,3.6370,5.4000,5.1800,4.8900
2022-07-08,3.2100,2022-07-08,29.0000,2022-06-14,calc_daily_close,3.5000,47.0000,57.0000,65.0000,3.9700,4.0700,4.1500,sourced,190.0000,230.0000,250.0000,5.1100,5.5100,5.7100,partly sourced,4.2270,3.8070,3.6370,5.4800,5.0600,4.8900
2022-07-09,3.2100,2022-07-08,29.0000,2022-06-14,calc_daily_close,3.5000,47.0000,57.0000,65.0000,3.9700,4.0700,4.1500,sourced,190.0000,230.0000,250.0000,5.1100,5.5100,5.7100,partly sourced,4.1970,3.8170,3.6370,5.4500,5.0700,4.8900
2022-07-10,3.2100,2022-07-08,29.0000,2022-06-14,calc_daily_close,3.5000,47.0000,57.0000,65.0000,3.9700,4.0700,4.1500,sourced,190.0000,230.0000,250.0000,5.1100,5.5100,5.7100,partly sourced,4.3670,3.8470,3.6670,5.6200,5.1000,4.9200
2022-07-11,3.1600,2022-07-11,29.0000,2022-06-14,calc_daily_close,3.4500,47.0000,57.0000,65.0000,3.9200,4.0200,4.1000,sourced,190.0000,230.0000,250.0000,5.0600,5.4600,5.6600,partly sourced,4.3670,3.7770,3.5670,5.6200,5.0300,4.8200
2022-07-12,3.1000,2022-07-12,29.0000,2022-06-14,calc_daily_close,3.3900,47.0000,57.0000,65.0000,3.8600,3.9600,4.0400,sourced,190.0000,230.0000,250.0000,5.0000,5.4000,5.6000,partly sourced,4.3670,3.7970,3.5570,5.6200,5.0500,4.8100
2022-07-13,3.1300,2022-07-13,29.0000,2022-06-14,calc_daily_close,3.4200,47.0000,57.0000,65.0000,3.8900,3.9900,4.0700,sourced,190.0000,230.0000,250.0000,5.0300,5.4300,5.6300,partly sourced,4.5270,3.7970,3.6570,5.7800,5.0500,4.9100
2022-07-14,3.1400,2022-07-14,29.0000,2022-06-14,calc_daily_close,3.4300,47.0000,57.0000,65.0000,3.9000,4.0000,4.0800,sourced,190.0000,230.0000,250.0000,5.0400,5.4400,5.6400,partly sourced,4.5250,3.7970,3.6570,5.8600,5.0500,4.9100
2022-07-15,3.0800,2022-07-15,29.0000,2022-06-14,calc_daily_close,3.3700,47.0000,57.0000,65.0000,3.8400,3.9400,4.0200,sourced,190.0000,230.0000,250.0000,4.9800,5.3800,5.5800,partly sourced,4.3450,3.7570,3.6570,5.6800,5.0100,4.9100
2022-07-16,3.0800,2022-07-15,29.0000,2022-06-14,calc_daily_close,3.3700,47.0000,57.0000,65.0000,3.8400,3.9400,4.0200,sourced,190.0000,230.0000,250.0000,4.9800,5.3800,5.5800,partly sourced,4.2750,3.8870,3.6570,5.6100,5.1400,4.9100
2022-07-17,3.0800,2022-07-15,29.0000,2022-06-14,calc_daily_close,3.3700,47.0000,57.0000,65.0000,3.8400,3.9400,4.0200,sourced,190.0000,230.0000,250.0000,4.9800,5.3800,5.5800,partly sourced,4.2850,3.8770,3.6770,5.6200,5.1300,4.9300
2022-07-18,3.0700,2022-07-18,29.0000,2022-06-14,calc_daily_close,3.3600,47.0000,57.0000,65.0000,3.8300,3.9300,4.0100,sourced,190.0000,230.0000,250.0000,4.9700,5.3700,5.5700,partly sourced,4.2850,3.7970,3.7470,5.6200,5.0500,5.0000
2022-07-19,3.1300,2022-07-19,29.0000,2022-06-14,calc_daily_close,3.4200,47.0000,57.0000,65.0000,3.8900,3.9900,4.0700,sourced,190.0000,230.0000,250.0000,5.0300,5.4300,5.6300,partly sourced,4.2850,3.7470,3.7870,5.6200,5.0000,5.0400
2022-07-20,3.1500,2022-07-20,29.0000,2022-06-14,calc_daily_close,3.4400,47.0000,57.0000,65.0000,3.9100,4.0100,4.0900,sourced,190.0000,230.0000,250.0000,5.0500,5.4500,5.6500,partly sourced,4.3350,3.7470,3.8470,5.6700,5.0000,5.1000
2022-07-21,3.0000,2022-07-21,29.0000,2022-06-14,calc_daily_close,3.2900,47.0000,57.0000,65.0000,3.7600,3.8600,3.9400,sourced,190.0000,230.0000,250.0000,4.9000,5.3000,5.5000,partly sourced,4.3650,3.7470,3.8370,5.7000,5.0000,5.0900
2022-07-22,2.8600,2022-07-22,29.0000,2022-06-14,calc_daily_close,3.1500,47.0000,57.0000,65.0000,3.6200,3.7200,3.8000,sourced,190.0000,230.0000,250.0000,4.7600,5.1600,5.3600,partly sourced,4.2750,3.7470,3.8370,5.6100,5.0000,5.0900
2022-07-23,2.8600,2022-07-22,29.0000,2022-06-14,calc_daily_close,3.1500,47.0000,57.0000,65.0000,3.6200,3.7200,3.8000,sourced,190.0000,230.0000,250.0000,4.7600,5.1600,5.3600,partly sourced,4.1250,3.6870,3.8370,5.4600,4.9400,5.0900
2022-07-24,2.8600,2022-07-22,29.0000,2022-06-14,calc_daily_close,3.1500,47.0000,57.0000,65.0000,3.6200,3.7200,3.8000,sourced,190.0000,230.0000,250.0000,4.7600,5.1600,5.3600,partly sourced,4.1550,3.6470,3.7470,5.4900,4.9000,5.0000
2022-07-25,2.9000,2022-07-25,29.0000,2022-06-14,calc_daily_close,3.1900,47.0000,57.0000,65.0000,3.6600,3.7600,3.8400,sourced,190.0000,230.0000,250.0000,4.8000,5.2000,5.4000,partly sourced,4.1550,3.6670,3.6470,5.4900,4.9200,4.9000
2022-07-26,2.8700,2022-07-26,29.0000,2022-06-14,calc_daily_close,3.1600,47.0000,57.0000,65.0000,3.6300,3.7300,3.8100,sourced,190.0000,230.0000,250.0000,4.7700,5.1700,5.3700,partly sourced,4.1550,3.6570,3.6870,5.4900,4.9100,4.9400
2022-07-27,2.8300,2022-07-27,29.0000,2022-06-14,calc_daily_close,3.1200,47.0000,57.0000,65.0000,3.5900,3.6900,3.7700,sourced,190.0000,230.0000,250.0000,4.7300,5.1300,5.3300,partly sourced,4.2050,3.6570,3.7070,5.5400,4.9100,4.9600
2022-07-28,2.6500,2022-07-28,29.0000,2022-06-14,calc_daily_close,2.9400,47.0000,57.0000,65.0000,3.4100,3.5100,3.5900,sourced,190.0000,230.0000,250.0000,4.5500,4.9500,5.1500,partly sourced,4.1850,3.6570,3.7970,5.5200,4.9100,5.0500
2022-07-29,2.6600,2022-07-29,29.0000,2022-06-14,calc_daily_close,2.9500,47.0000,57.0000,65.0000,3.4200,3.5200,3.6000,sourced,190.0000,230.0000,250.0000,4.5600,4.9600,5.1600,partly sourced,4.1350,3.7070,3.7970,5.4700,4.9600,5.0500
2022-07-30,2.6600,2022-07-29,29.0000,2022-06-14,calc_daily_close,2.9500,47.0000,57.0000,65.0000,3.4200,3.5200,3.6000,sourced,190.0000,230.0000,250.0000,4.5600,4.9600,5.1600,partly sourced,4.0650,3.7670,3.7970,5.4000,5.0200,5.0500
2022-07-31,2.6600,2022-07-29,29.0000,2022-06-14,calc_daily_close,2.9500,47.0000,57.0000,65.0000,3.4200,3.5200,3.6000,sourced,190.0000,230.0000,250.0000,4.5600,4.9600,5.1600,partly sourced,4.0650,3.9070,3.8570,5.4000,5.1600,5.1100
2022-08-01,2.6600,2022-07-29,29.0000,2022-06-14,calc_daily_close,2.9500,47.0000,57.0000,65.0000,3.4200,3.5200,3.6000,sourced,190.0000,230.0000,250.0000,4.5600,4.9600,5.1600,partly sourced,4.0650,3.9370,3.8870,5.4000,5.1900,5.1400
2022-08-02,2.8000,2022-08-02,29.0000,2022-06-14,calc_daily_close,3.0900,47.0000,57.0000,65.0000,3.5600,3.6600,3.7400,sourced,190.0000,230.0000,250.0000,4.7000,5.1000,5.3000,partly sourced,4.0650,4.0070,3.7870,5.4000,5.2600,5.0400
2022-08-03,2.8500,2022-08-03,29.0000,2022-06-14,calc_daily_close,3.1400,47.0000,57.0000,65.0000,3.6100,3.7100,3.7900,sourced,190.0000,230.0000,250.0000,4.7500,5.1500,5.3500,partly sourced,3.9000,4.0070,3.8870,5.3400,5.2600,5.1400
2022-08-04,2.7900,2022-08-04,29.0000,2022-06-14,calc_daily_close,3.0800,47.0000,57.0000,65.0000,3.5500,3.6500,3.7300,sourced,190.0000,230.0000,250.0000,4.6900,5.0900,5.2900,partly sourced,3.8000,4.0070,3.9270,5.2400,5.2600,5.1800
2022-08-05,2.9000,2022-08-05,29.0000,2022-06-14,calc_daily_close,3.1900,47.0000,57.0000,65.0000,3.6600,3.7600,3.8400,sourced,190.0000,230.0000,250.0000,4.8000,5.2000,5.4000,partly sourced,3.9200,4.1370,3.9270,5.3600,5.3900,5.1800
2022-08-06,2.9000,2022-08-05,29.0000,2022-06-14,calc_daily_close,3.1900,47.0000,57.0000,65.0000,3.6600,3.7600,3.8400,sourced,190.0000,230.0000,250.0000,4.8000,5.2000,5.4000,partly sourced,3.9800,4.1470,3.9270,5.4200,5.4000,5.1800
2022-08-07,2.9000,2022-08-05,29.0000,2022-06-14,calc_daily_close,3.1900,47.0000,57.0000,65.0000,3.6600,3.7600,3.8400,sourced,190.0000,230.0000,250.0000,4.8000,5.2000,5.4000,partly sourced,4.0700,4.2270,3.8070,5.5100,5.4800,5.0600
2022-08-08,2.8700,2022-08-08,29.0000,2022-06-14,calc_daily_close,3.1600,47.0000,57.0000,65.0000,3.6300,3.7300,3.8100,sourced,190.0000,230.0000,250.0000,4.7700,5.1700,5.3700,partly sourced,4.0700,4.1970,3.8170,5.5100,5.4500,5.0700
2022-08-09,2.9100,2022-08-09,29.0000,2022-06-14,calc_daily_close,3.2000,47.0000,57.0000,65.0000,3.6700,3.7700,3.8500,sourced,190.0000,230.0000,250.0000,4.8100,5.2100,5.4100,partly sourced,4.0700,4.3670,3.8470,5.5100,5.6200,5.1000
2022-08-10,2.8500,2022-08-10,29.0000,2022-06-14,calc_daily_close,3.1400,47.0000,57.0000,65.0000,3.6100,3.7100,3.7900,sourced,190.0000,230.0000,250.0000,4.7500,5.1500,5.3500,partly sourced,4.0200,4.3670,3.7770,5.4600,5.6200,5.0300
2022-08-11,2.9400,2022-08-11,29.0000,2022-06-14,calc_daily_close,3.2300,47.0000,57.0000,65.0000,3.7000,3.8000,3.8800,sourced,190.0000,230.0000,250.0000,4.8400,5.2400,5.4400,partly sourced,3.9600,4.3670,3.7970,5.4000,5.6200,5.0500
2022-08-12,2.9100,2022-08-12,29.0000,2022-06-14,calc_daily_close,3.2000,47.0000,57.0000,65.0000,3.6700,3.7700,3.8500,sourced,190.0000,230.0000,250.0000,4.8100,5.2100,5.4100,partly sourced,3.9900,4.5270,3.7970,5.4300,5.7800,5.0500
2022-08-13,2.9100,2022-08-12,29.0000,2022-06-14,calc_daily_close,3.2000,47.0000,57.0000,65.0000,3.6700,3.7700,3.8500,sourced,190.0000,230.0000,250.0000,4.8100,5.2100,5.4100,partly sourced,4.0000,4.5250,3.7970,5.4400,5.8600,5.0500
2022-08-14,2.9100,2022-08-12,29.0000,2022-06-14,calc_daily_close,3.2000,47.0000,57.0000,65.0000,3.6700,3.7700,3.8500,sourced,190.0000,230.0000,250.0000,4.8100,5.2100,5.4100,partly sourced,3.9400,4.3450,3.7570,5.3800,5.6800,5.0100
2022-08-15,2.8800,2022-08-15,29.0000,2022-06-14,calc_daily_close,3.1700,47.0000,57.0000,65.0000,3.6400,3.7400,3.8200,sourced,190.0000,230.0000,250.0000,4.7800,5.1800,5.3800,partly sourced,3.9400,4.2750,3.8870,5.3800,5.6100,5.1400
2022-08-16,2.9500,2022-08-16,29.0000,2022-06-14,calc_daily_close,3.2400,47.0000,57.0000,65.0000,3.7100,3.8100,3.8900,sourced,190.0000,230.0000,250.0000,4.8500,5.2500,5.4500,partly sourced,3.9400,4.2850,3.8770,5.3800,5.6200,5.1300
2022-08-17,3.0500,2022-08-17,29.0000,2022-06-14,calc_daily_close,3.3400,47.0000,57.0000,65.0000,3.8100,3.9100,3.9900,sourced,190.0000,230.0000,250.0000,4.9500,5.3500,5.5500,partly sourced,3.9300,4.2850,3.7970,5.3700,5.6200,5.0500
2022-08-18,3.0600,2022-08-18,29.0000,2022-06-14,calc_daily_close,3.3500,47.0000,57.0000,65.0000,3.8200,3.9200,4.0000,sourced,190.0000,230.0000,250.0000,4.9600,5.3600,5.5600,partly sourced,3.9900,4.2850,3.7470,5.4300,5.6200,5.0000
2022-08-19,3.1300,2022-08-19,29.0000,2022-06-14,calc_daily_close,3.4200,47.0000,57.0000,65.0000,3.8900,3.9900,4.0700,sourced,190.0000,230.0000,250.0000,5.0300,5.4300,5.6300,partly sourced,4.0100,4.3350,3.7470,5.4500,5.6700,5.0000
2022-08-20,3.1300,2022-08-19,29.0000,2022-06-14,calc_daily_close,3.4200,47.0000,57.0000,65.0000,3.8900,3.9900,4.0700,sourced,190.0000,230.0000,250.0000,5.0300,5.4300,5.6300,partly sourced,3.8600,4.3650,3.7470,5.3000,5.7000,5.0000
2022-08-21,3.1300,2022-08-19,29.0000,2022-06-14,calc_daily_close,3.4200,47.0000,57.0000,65.0000,3.8900,3.9900,4.0700,sourced,190.0000,230.0000,250.0000,5.0300,5.4300,5.6300,partly sourced,3.7200,4.2750,3.7470,5.1600,5.6100,5.0000
2022-08-22,3.1900,2022-08-22,29.0000,2022-06-14,calc_daily_close,3.4800,47.0000,57.0000,65.0000,3.9500,4.0500,4.1300,sourced,190.0000,230.0000,250.0000,5.0900,5.4900,5.6900,partly sourced,3.7200,4.1250,3.6870,5.1600,5.4600,4.9400
2022-08-23,3.2100,2022-08-23,29.0000,2022-06-14,calc_daily_close,3.5000,47.0000,57.0000,65.0000,3.9700,4.0700,4.1500,sourced,190.0000,230.0000,250.0000,5.1100,5.5100,5.7100,partly sourced,3.7200,4.1550,3.6470,5.1600,5.4900,4.9000
2022-08-24,3.2700,2022-08-24,29.0000,2022-06-14,calc_daily_close,3.5600,47.0000,57.0000,65.0000,4.0300,4.1300,4.2100,sourced,190.0000,230.0000,250.0000,5.1700,5.5700,5.7700,partly sourced,3.7600,4.1550,3.6670,5.2000,5.4900,4.9200
2022-08-25,3.2300,2022-08-25,29.0000,2022-06-14,calc_daily_close,3.5200,47.0000,57.0000,65.0000,3.9900,4.0900,4.1700,sourced,190.0000,230.0000,250.0000,5.1300,5.5300,5.7300,partly sourced,3.7300,4.1550,3.6570,5.1700,5.4900,4.9100
2022-08-26,3.2500,2022-08-26,29.0000,2022-06-14,calc_daily_close,3.5400,47.0000,57.0000,65.0000,4.0100,4.1100,4.1900,sourced,190.0000,230.0000,250.0000,5.1500,5.5500,5.7500,partly sourced,3.6900,4.2050,3.6570,5.1300,5.5400,4.9100
2022-08-27,3.2500,2022-08-26,29.0000,2022-06-14,calc_daily_close,3.5400,47.0000,57.0000,65.0000,4.0100,4.1100,4.1900,sourced,190.0000,230.0000,250.0000,5.1500,5.5500,5.7500,partly sourced,3.5100,4.1850,3.6570,4.9500,5.5200,4.9100
2022-08-28,3.2500,2022-08-26,29.0000,2022-06-14,calc_daily_close,3.5400,47.0000,57.0000,65.0000,4.0100,4.1100,4.1900,sourced,190.0000,230.0000,250.0000,5.1500,5.5500,5.7500,partly sourced,3.5200,4.1350,3.7070,4.9600,5.4700,4.9600
2022-08-29,3.3100,2022-08-29,29.0000,2022-06-14,calc_daily_close,3.6000,47.0000,57.0000,65.0000,4.0700,4.1700,4.2500,sourced,190.0000,230.0000,250.0000,5.2100,5.6100,5.8100,partly sourced,3.5200,4.0650,3.7670,4.9600,5.4000,5.0200
2022-08-30,3.3200,2022-08-30,29.0000,2022-06-14,calc_daily_close,3.6100,47.0000,57.0000,65.0000,4.0800,4.1800,4.2600,sourced,190.0000,230.0000,250.0000,5.2200,5.6200,5.8200,partly sourced,3.5200,4.0650,3.9070,4.9600,5.4000,5.1600
2022-08-31,3.3400,2022-08-31,29.0000,2022-06-14,calc_daily_close,3.6300,47.0000,57.0000,65.0000,4.1000,4.2000,4.2800,sourced,190.0000,230.0000,250.0000,5.2400,5.6400,5.8400,partly sourced,3.5200,4.0650,3.9370,4.9600,5.4000,5.1900
2022-09-01,3.3700,2022-09-01,29.0000,2022-06-14,calc_daily_close,3.6600,47.0000,57.0000,65.0000,4.1300,4.2300,4.3100,sourced,190.0000,230.0000,250.0000,5.2700,5.6700,5.8700,partly sourced,3.6600,4.0650,4.0070,5.1000,5.4000,5.2600
2022-09-02,3.2800,2022-09-02,29.0000,2022-06-14,calc_daily_close,3.5700,47.0000,57.0000,65.0000,4.0400,4.1400,4.2200,sourced,190.0000,230.0000,250.0000,5.1800,5.5800,5.7800,partly sourced,3.7100,3.9000,4.0070,5.1500,5.3400,5.2600
2022-09-03,3.2800,2022-09-02,29.0000,2022-06-14,calc_daily_close,3.5700,47.0000,57.0000,65.0000,4.0400,4.1400,4.2200,sourced,190.0000,230.0000,250.0000,5.1800,5.5800,5.7800,partly sourced,3.6500,3.8000,4.0070,5.0900,5.2400,5.2600
2022-09-04,3.2800,2022-09-02,29.0000,2022-06-14,calc_daily_close,3.5700,47.0000,57.0000,65.0000,4.0400,4.1400,4.2200,sourced,190.0000,230.0000,250.0000,5.1800,5.5800,5.7800,partly sourced,3.7600,3.9200,4.1370,5.2000,5.3600,5.3900
2022-09-05,3.2800,2022-09-02,29.0000,2022-06-14,calc_daily_close,3.5700,47.0000,57.0000,65.0000,4.0400,4.1400,4.2200,sourced,190.0000,230.0000,250.0000,5.1800,5.5800,5.7800,partly sourced,3.7600,3.9800,4.1470,5.2000,5.4200,5.4000
2022-09-06,3.3300,2022-09-06,29.0000,2022-06-14,calc_daily_close,3.6200,47.0000,57.0000,65.0000,4.0900,4.1900,4.2700,sourced,190.0000,230.0000,250.0000,5.2300,5.6300,5.8300,partly sourced,3.7600,4.0700,4.2270,5.2000,5.5100,5.4800
2022-09-07,3.3000,2022-09-07,29.0000,2022-06-14,calc_daily_close,3.5900,47.0000,57.0000,65.0000,4.0600,4.1600,4.2400,sourced,190.0000,230.0000,250.0000,5.2000,5.6000,5.8000,partly sourced,3.7300,4.0700,4.1970,5.1700,5.5100,5.4500
2022-09-08,3.3700,2022-09-08,29.0000,2022-06-14,calc_daily_close,3.6600,47.0000,57.0000,65.0000,4.1300,4.2300,4.3100,sourced,190.0000,230.0000,250.0000,5.2700,5.6700,5.8700,partly sourced,3.7700,4.0700,4.3670,5.2100,5.5100,5.6200
2022-09-09,3.3100,2022-09-09,29.0000,2022-06-14,calc_daily_close,3.6000,47.0000,57.0000,65.0000,4.0700,4.1700,4.2500,sourced,190.0000,230.0000,250.0000,5.2100,5.6100,5.8100,partly sourced,3.7100,4.0200,4.3670,5.1500,5.4600,5.6200
2022-09-10,3.3100,2022-09-09,29.0000,2022-06-14,calc_daily_close,3.6000,47.0000,57.0000,65.0000,4.0700,4.1700,4.2500,sourced,190.0000,230.0000,250.0000,5.2100,5.6100,5.8100,partly sourced,3.8000,3.9600,4.3670,5.2400,5.4000,5.6200
2022-09-11,3.3100,2022-09-09,29.0000,2022-06-14,calc_daily_close,3.6000,47.0000,57.0000,65.0000,4.0700,4.1700,4.2500,sourced,190.0000,230.0000,250.0000,5.2100,5.6100,5.8100,partly sourced,3.7700,3.9900,4.5270,5.2100,5.4300,5.7800
2022-09-12,3.3000,2022-09-12,29.0000,2022-06-14,calc_daily_close,3.5900,47.0000,57.0000,65.0000,4.0600,4.1600,4.2400,sourced,190.0000,230.0000,250.0000,5.2000,5.6000,5.8000,partly sourced,3.7700,4.0000,4.5250,5.2100,5.4400,5.8600
2022-09-13,3.3800,2022-09-13,29.0000,2022-06-14,calc_daily_close,3.6700,47.0000,57.0000,65.0000,4.1400,4.2400,4.3200,sourced,190.0000,230.0000,250.0000,5.2800,5.6800,5.8800,partly sourced,3.7700,3.9400,4.3450,5.2100,5.3800,5.6800
2022-09-14,3.3900,2022-09-14,29.0000,2022-06-14,calc_daily_close,3.6800,47.0000,57.0000,65.0000,4.1500,4.2500,4.3300,sourced,190.0000,230.0000,250.0000,5.2900,5.6900,5.8900,partly sourced,3.7400,3.9400,4.2750,5.1800,5.3800,5.6100
2022-09-15,3.4300,2022-09-15,18.0000,2022-09-15,calc_daily_close,3.6100,47.0000,57.0000,65.0000,4.0800,4.1800,4.2600,sourced,190.0000,230.0000,250.0000,5.3300,5.7300,5.9300,partly sourced,3.8100,3.9400,4.2850,5.2500,5.3800,5.6200
2022-09-16,3.4100,2022-09-16,18.0000,2022-09-15,calc_daily_close,3.5900,47.0000,57.0000,65.0000,4.0600,4.1600,4.2400,sourced,190.0000,230.0000,250.0000,5.3100,5.7100,5.9100,partly sourced,3.9100,3.9300,4.2850,5.3500,5.3700,5.6200
2022-09-17,3.4100,2022-09-16,18.0000,2022-09-15,calc_daily_close,3.5900,47.0000,57.0000,65.0000,4.0600,4.1600,4.2400,sourced,190.0000,230.0000,250.0000,5.3100,5.7100,5.9100,partly sourced,3.9200,3.9900,4.2850,5.3600,5.4300,5.6200
2022-09-18,3.4100,2022-09-16,18.0000,2022-09-15,calc_daily_close,3.5900,47.0000,57.0000,65.0000,4.0600,4.1600,4.2400,sourced,190.0000,230.0000,250.0000,5.3100,5.7100,5.9100,partly sourced,3.9900,4.0100,4.3350,5.4300,5.4500,5.6700
2022-09-19,3.4200,2022-09-19,18.0000,2022-09-15,calc_daily_close,3.6000,47.0000,57.0000,65.0000,4.0700,4.1700,4.2500,sourced,190.0000,230.0000,250.0000,5.3200,5.7200,5.9200,partly sourced,3.9900,3.8600,4.3650,5.4300,5.3000,5.7000
2022-09-20,3.3900,2022-09-20,18.0000,2022-09-15,calc_daily_close,3.5700,47.0000,57.0000,65.0000,4.0400,4.1400,4.2200,sourced,190.0000,230.0000,250.0000,5.2900,5.6900,5.8900,partly sourced,3.9900,3.7200,4.2750,5.4300,5.1600,5.6100
2022-09-21,3.3500,2022-09-21,18.0000,2022-09-15,calc_daily_close,3.5300,47.0000,57.0000,65.0000,4.0000,4.1000,4.1800,sourced,190.0000,230.0000,250.0000,5.2500,5.6500,5.8500,partly sourced,4.0500,3.7200,4.1250,5.4900,5.1600,5.4600
2022-09-22,3.4000,2022-09-22,18.0000,2022-09-15,calc_daily_close,3.5800,47.0000,57.0000,65.0000,4.0500,4.1500,4.2300,sourced,190.0000,230.0000,250.0000,5.3000,5.7000,5.9000,partly sourced,4.0700,3.7200,4.1550,5.5100,5.1600,5.4900
2022-09-23,3.4000,2022-09-23,18.0000,2022-09-15,calc_daily_close,3.5800,47.0000,57.0000,65.0000,4.0500,4.1500,4.2300,sourced,190.0000,230.0000,250.0000,5.3000,5.7000,5.9000,partly sourced,4.1300,3.7600,4.1550,5.5700,5.2000,5.4900
2022-09-24,3.4000,2022-09-23,18.0000,2022-09-15,calc_daily_close,3.5800,47.0000,57.0000,65.0000,4.0500,4.1500,4.2300,sourced,190.0000,230.0000,250.0000,5.3000,5.7000,5.9000,partly sourced,4.0900,3.7300,4.1550,5.5300,5.1700,5.4900
2022-09-25,3.4000,2022-09-23,18.0000,2022-09-15,calc_daily_close,3.5800,47.0000,57.0000,65.0000,4.0500,4.1500,4.2300,sourced,190.0000,230.0000,250.0000,5.3000,5.7000,5.9000,partly sourced,4.1100,3.6900,4.2050,5.5500,5.1300,5.5400
2022-09-26,3.5000,2022-09-26,18.0000,2022-09-15,calc_daily_close,3.6800,47.0000,57.0000,65.0000,4.1500,4.2500,4.3300,sourced,190.0000,230.0000,250.0000,5.4000,5.8000,6.0000,partly sourced,4.1100,3.5100,4.1850,5.5500,4.9500,5.5200
2022-09-27,3.4500,2022-09-27,18.0000,2022-09-15,calc_daily_close,3.6300,47.0000,57.0000,65.0000,4.1000,4.2000,4.2800,sourced,190.0000,230.0000,250.0000,5.3500,5.7500,5.9500,partly sourced,4.1100,3.5200,4.1350,5.5500,4.9600,5.4700
2022-09-28,3.2400,2022-09-28,18.0000,2022-09-15,calc_daily_close,3.4200,47.0000,57.0000,65.0000,3.8900,3.9900,4.0700,sourced,190.0000,230.0000,250.0000,5.1400,5.5400,5.7400,partly sourced,4.1700,3.5200,4.0650,5.6100,4.9600,5.4000
2022-09-29,3.3200,2022-09-29,18.0000,2022-09-15,calc_daily_close,3.5000,47.0000,57.0000,65.0000,3.9700,4.0700,4.1500,sourced,190.0000,230.0000,250.0000,5.2200,5.6200,5.8200,partly sourced,4.1800,3.5200,4.0650,5.6200,4.9600,5.4000
2022-09-30,3.3200,2022-09-29,18.0000,2022-09-15,calc_daily_close,3.5000,47.0000,57.0000,65.0000,3.9700,4.0700,4.1500,sourced,190.0000,230.0000,250.0000,5.2200,5.6200,5.8200,partly sourced,4.2000,3.5200,4.0650,5.6400,4.9600,5.4000
2022-10-01,3.3200,2022-09-29,18.0000,2022-09-15,calc_daily_close,3.5000,47.0000,57.0000,65.0000,3.9700,4.0700,4.1500,sourced,190.0000,230.0000,250.0000,5.2200,5.6200,5.8200,partly sourced,4.2300,3.6600,4.0650,5.6700,5.1000,5.4000
2022-10-02,3.3200,2022-09-29,18.0000,2022-09-15,calc_daily_close,3.5000,47.0000,57.0000,65.0000,3.9700,4.0700,4.1500,sourced,190.0000,230.0000,250.0000,5.2200,5.6200,5.8200,partly sourced,4.1400,3.7100,3.9000,5.5800,5.1500,5.3400
2022-10-03,3.2800,2022-10-03,18.0000,2022-09-15,calc_daily_close,3.4600,45.0000,57.0000,65.0000,3.9100,4.0300,4.1100,estimated,190.0000,230.0000,250.0000,5.1800,5.5800,5.7800,sourced,4.1400,3.6500,3.8000,5.5800,5.0900,5.2400
2022-10-04,3.2700,2022-10-04,18.0000,2022-09-15,calc_daily_close,3.4500,45.0000,57.0000,65.0000,3.9000,4.0200,4.1000,estimated,190.0000,230.0000,250.0000,5.1700,5.5700,5.7700,sourced,4.1400,3.7600,3.9200,5.5800,5.2000,5.3600
2022-10-05,3.4200,2022-10-05,18.0000,2022-09-15,calc_daily_close,3.6000,45.0000,57.0000,65.0000,4.0500,4.1700,4.2500,estimated,190.0000,230.0000,250.0000,5.3200,5.7200,5.9200,sourced,4.1400,3.7600,3.9800,5.5800,5.2000,5.4200
2022-10-06,3.4900,2022-10-06,18.0000,2022-09-15,calc_daily_close,3.6700,45.0000,57.0000,65.0000,4.1200,4.2400,4.3200,estimated,190.0000,230.0000,250.0000,5.3900,5.7900,5.9900,sourced,4.1900,3.7600,4.0700,5.6300,5.2000,5.5100
2022-10-07,3.5500,2022-10-07,18.0000,2022-09-15,calc_daily_close,3.7300,45.0000,57.0000,65.0000,4.1800,4.3000,4.3800,estimated,190.0000,230.0000,250.0000,5.4500,5.8500,6.0500,sourced,4.1600,3.7300,4.0700,5.6000,5.1700,5.5100
2022-10-08,3.5500,2022-10-07,18.0000,2022-09-15,calc_daily_close,3.7300,45.0000,57.0000,65.0000,4.1800,4.3000,4.3800,estimated,190.0000,230.0000,250.0000,5.4500,5.8500,6.0500,sourced,4.2300,3.7700,4.0700,5.6700,5.2100,5.5100
2022-10-09,3.5500,2022-10-07,18.0000,2022-09-15,calc_daily_close,3.7300,45.0000,57.0000,65.0000,4.1800,4.3000,4.3800,estimated,190.0000,230.0000,250.0000,5.4500,5.8500,6.0500,sourced,4.1700,3.7100,4.0200,5.6100,5.1500,5.4600
2022-10-10,3.5500,2022-10-07,18.0000,2022-09-15,calc_daily_close,3.7300,45.0000,57.0000,65.0000,4.1800,4.3000,4.3800,estimated,190.0000,230.0000,250.0000,5.4500,5.8500,6.0500,sourced,4.1700,3.8000,3.9600,5.6100,5.2400,5.4000
2022-10-11,3.6200,2022-10-11,18.0000,2022-09-15,calc_daily_close,3.8000,45.0000,57.0000,65.0000,4.2500,4.3700,4.4500,estimated,190.0000,230.0000,250.0000,5.5200,5.9200,6.1200,sourced,4.1700,3.7700,3.9900,5.6100,5.2100,5.4300
2022-10-12,3.5700,2022-10-12,18.0000,2022-09-15,calc_daily_close,3.7500,45.0000,57.0000,65.0000,4.2000,4.3200,4.4000,estimated,190.0000,230.0000,250.0000,5.4700,5.8700,6.0700,sourced,4.1600,3.7700,4.0000,5.6000,5.2100,5.4400
2022-10-13,3.5900,2022-10-13,18.0000,2022-09-15,calc_daily_close,3.7700,45.0000,57.0000,65.0000,4.2200,4.3400,4.4200,estimated,190.0000,230.0000,250.0000,5.4900,5.8900,6.0900,sourced,4.2400,3.7700,3.9400,5.6800,5.2100,5.3800
2022-10-14,3.6400,2022-10-14,18.0000,2022-09-15,calc_daily_close,3.8200,45.0000,57.0000,65.0000,4.2700,4.3900,4.4700,estimated,190.0000,230.0000,250.0000,5.5400,5.9400,6.1400,sourced,4.2500,3.7400,3.9400,5.6900,5.1800,5.3800
2022-10-15,3.6400,2022-10-14,18.0000,2022-09-15,calc_daily_close,3.8200,45.0000,57.0000,65.0000,4.2700,4.3900,4.4700,estimated,190.0000,230.0000,250.0000,5.5400,5.9400,6.1400,sourced,4.1800,3.8100,3.9400,5.7300,5.2500,5.3800
2022-10-16,3.6400,2022-10-14,18.0000,2022-09-15,calc_daily_close,3.8200,45.0000,57.0000,65.0000,4.2700,4.3900,4.4700,estimated,190.0000,230.0000,250.0000,5.5400,5.9400,6.1400,sourced,4.1600,3.9100,3.9300,5.7100,5.3500,5.3700
2022-10-17,3.6000,2022-10-17,18.0000,2022-09-15,calc_daily_close,3.7800,45.0000,57.0000,65.0000,4.2300,4.3500,4.4300,estimated,190.0000,230.0000,250.0000,5.5000,5.9000,6.1000,sourced,4.1600,3.9200,3.9900,5.7100,5.3600,5.4300
2022-10-18,3.5100,2022-10-18,18.0000,2022-09-15,calc_daily_close,3.6900,45.0000,57.0000,65.0000,4.1400,4.2600,4.3400,estimated,190.0000,230.0000,250.0000,5.4100,5.8100,6.0100,sourced,4.1600,3.9900,4.0100,5.7100,5.4300,5.4500
2022-10-19,3.7100,2022-10-19,18.0000,2022-09-15,calc_daily_close,3.8900,45.0000,57.0000,65.0000,4.3400,4.4600,4.5400,estimated,190.0000,230.0000,250.0000,5.6100,6.0100,6.2100,sourced,4.1700,3.9900,3.8600,5.7200,5.4300,5.3000
2022-10-20,3.8400,2022-10-20,18.0000,2022-09-15,calc_daily_close,4.0200,45.0000,57.0000,65.0000,4.4700,4.5900,4.6700,estimated,190.0000,230.0000,250.0000,5.7400,6.1400,6.3400,sourced,4.1400,3.9900,3.7200,5.6900,5.4300,5.1600
2022-10-21,3.7300,2022-10-21,18.0000,2022-09-15,calc_daily_close,3.9100,45.0000,57.0000,65.0000,4.3600,4.4800,4.5600,estimated,190.0000,230.0000,250.0000,5.6300,6.0300,6.2300,sourced,4.1000,4.0500,3.7200,5.6500,5.4900,5.1600
2022-10-22,3.7300,2022-10-21,18.0000,2022-09-15,calc_daily_close,3.9100,45.0000,57.0000,65.0000,4.3600,4.4800,4.5600,estimated,190.0000,230.0000,250.0000,5.6300,6.0300,6.2300,sourced,4.1500,4.0700,3.7200,5.7000,5.5100,5.1600
2022-10-23,3.7300,2022-10-21,18.0000,2022-09-15,calc_daily_close,3.9100,45.0000,57.0000,65.0000,4.3600,4.4800,4.5600,estimated,190.0000,230.0000,250.0000,5.6300,6.0300,6.2300,sourced,4.1500,4.1300,3.7600,5.7000,5.5700,5.2000
2022-10-24,3.7100,2022-10-24,18.0000,2022-09-15,calc_daily_close,3.8900,45.0000,57.0000,65.0000,4.3400,4.4600,4.5400,estimated,190.0000,230.0000,250.0000,5.6100,6.0100,6.2100,sourced,4.1500,4.0900,3.7300,5.7000,5.5300,5.1700
2022-10-25,3.6600,2022-10-25,18.0000,2022-09-15,calc_daily_close,3.8400,45.0000,57.0000,65.0000,4.2900,4.4100,4.4900,estimated,190.0000,230.0000,250.0000,5.5600,5.9600,6.1600,sourced,4.1500,4.1100,3.6900,5.7000,5.5500,5.1300
2022-10-26,3.4100,2022-10-26,18.0000,2022-09-15,calc_daily_close,3.5900,45.0000,57.0000,65.0000,4.0400,4.1600,4.2400,estimated,190.0000,230.0000,250.0000,5.3100,5.7100,5.9100,sourced,4.2500,4.1100,3.5100,5.8000,5.5500,4.9500
2022-10-27,3.3300,2022-10-27,18.0000,2022-09-15,calc_daily_close,3.5100,45.0000,57.0000,65.0000,3.9600,4.0800,4.1600,estimated,190.0000,230.0000,250.0000,5.2300,5.6300,5.8300,sourced,4.2000,4.1100,3.5200,5.7500,5.5500,4.9600
2022-10-28,3.3800,2022-10-28,18.0000,2022-09-15,calc_daily_close,3.5600,45.0000,57.0000,65.0000,4.0100,4.1300,4.2100,estimated,190.0000,230.0000,250.0000,5.2800,5.6800,5.8800,sourced,3.9900,4.1700,3.5200,5.5400,5.6100,4.9600
2022-10-29,3.3800,2022-10-28,18.0000,2022-09-15,calc_daily_close,3.5600,45.0000,57.0000,65.0000,4.0100,4.1300,4.2100,estimated,190.0000,230.0000,250.0000,5.2800,5.6800,5.8800,sourced,4.0700,4.1800,3.5200,5.6200,5.6200,4.9600
2022-10-30,3.3800,2022-10-28,18.0000,2022-09-15,calc_daily_close,3.5600,45.0000,57.0000,65.0000,4.0100,4.1300,4.2100,estimated,190.0000,230.0000,250.0000,5.2800,5.6800,5.8800,sourced,4.0700,4.2000,3.5200,5.6200,5.6400,4.9600
2022-10-31,3.4300,2022-10-31,18.0000,2022-09-15,calc_daily_close,3.6100,45.0000,57.0000,65.0000,4.0600,4.1800,4.2600,estimated,190.0000,230.0000,250.0000,5.3300,5.7300,5.9300,sourced,4.0700,4.2300,3.6600,5.6200,5.6700,5.1000
2022-11-01,3.4300,2022-11-01,18.0000,2022-09-15,calc_daily_close,3.6100,45.0000,57.0000,65.0000,4.0600,4.1800,4.2600,estimated,190.0000,230.0000,250.0000,5.3300,5.7300,5.9300,sourced,4.0700,4.1400,3.7100,5.6200,5.5800,5.1500
2022-11-02,3.4800,2022-11-02,18.0000,2022-09-15,calc_daily_close,3.6600,45.0000,57.0000,65.0000,4.1100,4.2300,4.3100,estimated,190.0000,230.0000,250.0000,5.3800,5.7800,5.9800,sourced,4.0300,4.1400,3.6500,5.5800,5.5800,5.0900
2022-11-03,3.5900,2022-11-03,18.0000,2022-09-15,calc_daily_close,3.7700,45.0000,57.0000,65.0000,4.2200,4.3400,4.4200,estimated,190.0000,230.0000,250.0000,5.4900,5.8900,6.0900,sourced,4.0200,4.1400,3.7600,5.5700,5.5800,5.2000
2022-11-04,3.6700,2022-11-04,18.0000,2022-09-15,calc_daily_close,3.8500,45.0000,57.0000,65.0000,4.3000,4.4200,4.5000,estimated,190.0000,230.0000,250.0000,5.5700,5.9700,6.1700,sourced,4.1700,4.1400,3.7600,5.7200,5.5800,5.2000
2022-11-05,3.6700,2022-11-04,18.0000,2022-09-15,calc_daily_close,3.8500,45.0000,57.0000,65.0000,4.3000,4.4200,4.5000,estimated,190.0000,230.0000,250.0000,5.5700,5.9700,6.1700,sourced,4.2400,4.1900,3.7600,5.7900,5.6300,5.2000
2022-11-06,3.6700,2022-11-04,18.0000,2022-09-15,calc_daily_close,3.8500,45.0000,57.0000,65.0000,4.3000,4.4200,4.5000,estimated,190.0000,230.0000,250.0000,5.5700,5.9700,6.1700,sourced,4.3000,4.1600,3.7300,5.8500,5.6000,5.1700
2022-11-07,3.7700,2022-11-07,18.0000,2022-09-15,calc_daily_close,3.9500,45.0000,57.0000,65.0000,4.4000,4.5200,4.6000,estimated,190.0000,230.0000,250.0000,5.6700,6.0700,6.2700,sourced,4.3000,4.2300,3.7700,5.8500,5.6700,5.2100
2022-11-08,3.6700,2022-11-08,18.0000,2022-09-15,calc_daily_close,3.8500,45.0000,57.0000,65.0000,4.3000,4.4200,4.5000,estimated,190.0000,230.0000,250.0000,5.5700,5.9700,6.1700,sourced,4.3000,4.1700,3.7100,5.8500,5.6100,5.1500
2022-11-09,3.6000,2022-11-09,18.0000,2022-09-15,calc_daily_close,3.7800,45.0000,57.0000,65.0000,4.2300,4.3500,4.4300,estimated,190.0000,230.0000,250.0000,5.5000,5.9000,6.1000,sourced,4.3000,4.1700,3.8000,5.8500,5.6100,5.2400
2022-11-10,3.3100,2022-11-10,18.0000,2022-09-15,calc_daily_close,3.4900,45.0000,57.0000,65.0000,3.9400,4.0600,4.1400,estimated,190.0000,230.0000,250.0000,5.2100,5.6100,5.8100,sourced,4.3700,4.1700,3.7700,5.9200,5.6100,5.2100
2022-11-11,3.3100,2022-11-10,18.0000,2022-09-15,calc_daily_close,3.4900,45.0000,57.0000,65.0000,3.9400,4.0600,4.1400,estimated,190.0000,230.0000,250.0000,5.2100,5.6100,5.8100,sourced,4.3200,4.1600,3.7700,5.8700,5.6000,5.2100
2022-11-12,3.3100,2022-11-10,18.0000,2022-09-15,calc_daily_close,3.4900,45.0000,57.0000,65.0000,3.9400,4.0600,4.1400,estimated,190.0000,230.0000,250.0000,5.2100,5.6100,5.8100,sourced,4.3400,4.2400,3.7700,5.8900,5.6800,5.2100
2022-11-13,3.3100,2022-11-10,18.0000,2022-09-15,calc_daily_close,3.4900,45.0000,57.0000,65.0000,3.9400,4.0600,4.1400,estimated,190.0000,230.0000,250.0000,5.2100,5.6100,5.8100,sourced,4.3900,4.2500,3.7400,5.9400,5.6900,5.1800
2022-11-14,3.3300,2022-11-14,18.0000,2022-09-15,calc_daily_close,3.5100,45.0000,57.0000,65.0000,3.9600,4.0800,4.1600,estimated,190.0000,230.0000,250.0000,5.2300,5.6300,5.8300,sourced,4.3900,4.1800,3.8100,5.9400,5.7300,5.2500
2022-11-15,3.3200,2022-11-15,18.0000,2022-09-15,calc_daily_close,3.5000,45.0000,57.0000,65.0000,3.9500,4.0700,4.1500,estimated,190.0000,230.0000,250.0000,5.2200,5.6200,5.8200,sourced,4.3900,4.1600,3.9100,5.9400,5.7100,5.3500
2022-11-16,3.2600,2022-11-16,18.0000,2022-09-15,calc_daily_close,3.4400,45.0000,57.0000,65.0000,3.8900,4.0100,4.0900,estimated,190.0000,230.0000,250.0000,5.1600,5.5600,5.7600,sourced,4.3500,4.1600,3.9200,5.9000,5.7100,5.3600
2022-11-17,3.3300,2022-11-17,18.0000,2022-09-15,calc_daily_close,3.5100,45.0000,57.0000,65.0000,3.9600,4.0800,4.1600,estimated,190.0000,230.0000,250.0000,5.2300,5.6300,5.8300,sourced,4.2600,4.1600,3.9900,5.8100,5.7100,5.4300
2022-11-18,3.3500,2022-11-18,18.0000,2022-09-15,calc_daily_close,3.5300,45.0000,57.0000,65.0000,3.9800,4.1000,4.1800,estimated,190.0000,230.0000,250.0000,5.2500,5.6500,5.8500,sourced,4.4600,4.1700,3.9900,6.0100,5.7200,5.4300
2022-11-19,3.3500,2022-11-18,18.0000,2022-09-15,calc_daily_close,3.5300,45.0000,57.0000,65.0000,3.9800,4.1000,4.1800,estimated,190.0000,230.0000,250.0000,5.2500,5.6500,5.8500,sourced,4.5900,4.1400,3.9900,6.1400,5.6900,5.4300
2022-11-20,3.3500,2022-11-18,18.0000,2022-09-15,calc_daily_close,3.5300,45.0000,57.0000,65.0000,3.9800,4.1000,4.1800,estimated,190.0000,230.0000,250.0000,5.2500,5.6500,5.8500,sourced,4.4800,4.1000,4.0500,6.0300,5.6500,5.4900
2022-11-21,3.3200,2022-11-21,18.0000,2022-09-15,calc_daily_close,3.5000,45.0000,57.0000,65.0000,3.9500,4.0700,4.1500,estimated,190.0000,230.0000,250.0000,5.2200,5.6200,5.8200,sourced,4.4800,4.1500,4.0700,6.0300,5.7000,5.5100
2022-11-22,3.2600,2022-11-22,18.0000,2022-09-15,calc_daily_close,3.4400,45.0000,57.0000,65.0000,3.8900,4.0100,4.0900,estimated,190.0000,230.0000,250.0000,5.1600,5.5600,5.7600,sourced,4.4800,4.1500,4.1300,6.0300,5.7000,5.5700
2022-11-23,3.2200,2022-11-23,18.0000,2022-09-15,calc_daily_close,3.4000,45.0000,57.0000,65.0000,3.8500,3.9700,4.0500,estimated,190.0000,230.0000,250.0000,5.1200,5.5200,5.7200,sourced,4.4600,4.1500,4.0900,6.0100,5.7000,5.5300
2022-11-24,3.1600,2022-11-24,18.0000,2022-09-15,calc_daily_close,3.3400,45.0000,57.0000,65.0000,3.7900,3.9100,3.9900,estimated,190.0000,230.0000,250.0000,5.0600,5.4600,5.6600,sourced,4.4100,4.1500,4.1100,5.9600,5.7000,5.5500
2022-11-25,3.1500,2022-11-25,18.0000,2022-09-15,calc_daily_close,3.3300,45.0000,57.0000,65.0000,3.7800,3.9000,3.9800,estimated,190.0000,230.0000,250.0000,5.0500,5.4500,5.6500,sourced,4.1600,4.2500,4.1100,5.7100,5.8000,5.5500
2022-11-26,3.1500,2022-11-25,18.0000,2022-09-15,calc_daily_close,3.3300,45.0000,57.0000,65.0000,3.7800,3.9000,3.9800,estimated,190.0000,230.0000,250.0000,5.0500,5.4500,5.6500,sourced,4.0800,4.2000,4.1100,5.6300,5.7500,5.5500
2022-11-27,3.1500,2022-11-25,18.0000,2022-09-15,calc_daily_close,3.3300,45.0000,57.0000,65.0000,3.7800,3.9000,3.9800,estimated,190.0000,230.0000,250.0000,5.0500,5.4500,5.6500,sourced,4.1300,3.9900,4.1700,5.6800,5.5400,5.6100
2022-11-28,3.1800,2022-11-28,18.0000,2022-09-15,calc_daily_close,3.3600,45.0000,57.0000,65.0000,3.8100,3.9300,4.0100,estimated,190.0000,230.0000,250.0000,5.0800,5.4800,5.6800,sourced,4.1300,4.0700,4.1800,5.6800,5.6200,5.6200
2022-11-29,3.2400,2022-11-29,18.0000,2022-09-15,calc_daily_close,3.4200,45.0000,57.0000,65.0000,3.8700,3.9900,4.0700,estimated,190.0000,230.0000,250.0000,5.1400,5.5400,5.7400,sourced,4.1300,4.0700,4.2000,5.6800,5.6200,5.6400
2022-11-30,3.1800,2022-11-30,18.0000,2022-09-15,calc_daily_close,3.3600,45.0000,57.0000,65.0000,3.8100,3.9300,4.0100,estimated,190.0000,230.0000,250.0000,5.0800,5.4800,5.6800,sourced,4.1800,4.0700,4.2300,5.7300,5.6200,5.6700
2022-12-01,3.0500,2022-12-01,18.0000,2022-09-15,calc_daily_close,3.2300,45.0000,57.0000,65.0000,3.6800,3.8000,3.8800,estimated,190.0000,230.0000,250.0000,4.9500,5.3500,5.5500,sourced,4.1800,4.0700,4.1400,5.7300,5.6200,5.5800
2022-12-02,3.0000,2022-12-02,18.0000,2022-09-15,calc_daily_close,3.1800,45.0000,57.0000,65.0000,3.6300,3.7500,3.8300,estimated,190.0000,230.0000,250.0000,4.9000,5.3000,5.5000,sourced,4.2300,4.0300,4.1400,5.7800,5.5800,5.5800
2022-12-03,3.0000,2022-12-02,18.0000,2022-09-15,calc_daily_close,3.1800,45.0000,57.0000,65.0000,3.6300,3.7500,3.8300,estimated,190.0000,230.0000,250.0000,4.9000,5.3000,5.5000,sourced,4.3400,4.0200,4.1400,5.8900,5.5700,5.5800
2022-12-04,3.0000,2022-12-02,18.0000,2022-09-15,calc_daily_close,3.1800,45.0000,57.0000,65.0000,3.6300,3.7500,3.8300,estimated,190.0000,230.0000,250.0000,4.9000,5.3000,5.5000,sourced,4.4200,4.1700,4.1400,5.9700,5.7200,5.5800
2022-12-05,3.0600,2022-12-05,18.0000,2022-09-15,calc_daily_close,3.2400,45.0000,57.0000,65.0000,3.6900,3.8100,3.8900,estimated,190.0000,230.0000,250.0000,4.9600,5.3600,5.5600,sourced,4.4200,4.2400,4.1900,5.9700,5.7900,5.6300
2022-12-06,3.0000,2022-12-06,18.0000,2022-09-15,calc_daily_close,3.1800,45.0000,57.0000,65.0000,3.6300,3.7500,3.8300,estimated,190.0000,230.0000,250.0000,4.9000,5.3000,5.5000,sourced,4.4200,4.3000,4.1600,5.9700,5.8500,5.6000
2022-12-07,2.9600,2022-12-07,18.0000,2022-09-15,calc_daily_close,3.1400,45.0000,57.0000,65.0000,3.5900,3.7100,3.7900,estimated,190.0000,230.0000,250.0000,4.8600,5.2600,5.4600,sourced,4.5200,4.3000,4.2300,6.0700,5.8500,5.6700
2022-12-08,3.0100,2022-12-08,18.0000,2022-09-15,calc_daily_close,3.1900,45.0000,57.0000,65.0000,3.6400,3.7600,3.8400,estimated,190.0000,230.0000,250.0000,4.9100,5.3100,5.5100,sourced,4.4200,4.3000,4.1700,5.9700,5.8500,5.6100
2022-12-09,3.0700,2022-12-09,18.0000,2022-09-15,calc_daily_close,3.2500,45.0000,57.0000,65.0000,3.7000,3.8200,3.9000,estimated,190.0000,230.0000,250.0000,4.9700,5.3700,5.5700,sourced,4.3500,4.3000,4.1700,5.9000,5.8500,5.6100
2022-12-10,3.0700,2022-12-09,18.0000,2022-09-15,calc_daily_close,3.2500,45.0000,57.0000,65.0000,3.7000,3.8200,3.9000,estimated,190.0000,230.0000,250.0000,4.9700,5.3700,5.5700,sourced,4.0600,4.3700,4.1700,5.6100,5.9200,5.6100
2022-12-11,3.0700,2022-12-09,18.0000,2022-09-15,calc_daily_close,3.2500,45.0000,57.0000,65.0000,3.7000,3.8200,3.9000,estimated,190.0000,230.0000,250.0000,4.9700,5.3700,5.5700,sourced,4.0600,4.3200,4.1600,5.6100,5.8700,5.6000
2022-12-12,3.1100,2022-12-12,18.0000,2022-09-15,calc_daily_close,3.2900,45.0000,57.0000,65.0000,3.7400,3.8600,3.9400,estimated,190.0000,230.0000,250.0000,5.0100,5.4100,5.6100,sourced,4.0600,4.3400,4.2400,5.6100,5.8900,5.6800
2022-12-13,3.0000,2022-12-13,18.0000,2022-09-15,calc_daily_close,3.1800,45.0000,57.0000,65.0000,3.6300,3.7500,3.8300,estimated,190.0000,230.0000,250.0000,4.9000,5.3000,5.5000,sourced,4.0600,4.3900,4.2500,5.6100,5.9400,5.6900
2022-12-14,2.9400,2022-12-14,27.0000,2022-12-14,calc_daily_close,3.2100,45.0000,57.0000,65.0000,3.6600,3.7800,3.8600,estimated,190.0000,230.0000,250.0000,4.8400,5.2400,5.4400,sourced,4.0800,4.3900,4.1800,5.6300,5.9400,5.7300
2022-12-15,2.9000,2022-12-15,27.0000,2022-12-14,calc_daily_close,3.1700,45.0000,57.0000,65.0000,3.6200,3.7400,3.8200,estimated,190.0000,230.0000,250.0000,4.8000,5.2000,5.4000,sourced,4.0700,4.3900,4.1600,5.6200,5.9400,5.7100
2022-12-16,2.9100,2022-12-16,27.0000,2022-12-14,calc_daily_close,3.1800,45.0000,57.0000,65.0000,3.6300,3.7500,3.8300,estimated,190.0000,230.0000,250.0000,4.8100,5.2100,5.4100,sourced,4.0100,4.3500,4.1600,5.5600,5.9000,5.7100
2022-12-17,2.9100,2022-12-16,27.0000,2022-12-14,calc_daily_close,3.1800,45.0000,57.0000,65.0000,3.6300,3.7500,3.8300,estimated,190.0000,230.0000,250.0000,4.8100,5.2100,5.4100,sourced,4.0800,4.2600,4.1600,5.6300,5.8100,5.7100
2022-12-18,2.9100,2022-12-16,27.0000,2022-12-14,calc_daily_close,3.1800,45.0000,57.0000,65.0000,3.6300,3.7500,3.8300,estimated,190.0000,230.0000,250.0000,4.8100,5.2100,5.4100,sourced,4.1000,4.4600,4.1700,5.6500,6.0100,5.7200
2022-12-19,2.9700,2022-12-19,27.0000,2022-12-14,calc_daily_close,3.2400,45.0000,57.0000,65.0000,3.6900,3.8100,3.8900,estimated,190.0000,230.0000,250.0000,4.8700,5.2700,5.4700,sourced,4.1000,4.5900,4.1400,5.6500,6.1400,5.6900
2022-12-20,3.0700,2022-12-20,27.0000,2022-12-14,calc_daily_close,3.3400,45.0000,57.0000,65.0000,3.7900,3.9100,3.9900,estimated,190.0000,230.0000,250.0000,4.9700,5.3700,5.5700,sourced,4.1000,4.4800,4.1000,5.6500,6.0300,5.6500
2022-12-21,3.0700,2022-12-21,27.0000,2022-12-14,calc_daily_close,3.3400,45.0000,57.0000,65.0000,3.7900,3.9100,3.9900,estimated,190.0000,230.0000,250.0000,4.9700,5.3700,5.5700,sourced,4.0700,4.4800,4.1500,5.6200,6.0300,5.7000
2022-12-22,3.1500,2022-12-22,27.0000,2022-12-14,calc_daily_close,3.4200,45.0000,57.0000,65.0000,3.8700,3.9900,4.0700,estimated,190.0000,230.0000,250.0000,5.0500,5.4500,5.6500,sourced,4.0100,4.4800,4.1500,5.5600,6.0300,5.7000
2022-12-23,3.2500,2022-12-23,27.0000,2022-12-14,calc_daily_close,3.5200,45.0000,57.0000,65.0000,3.9700,4.0900,4.1700,estimated,190.0000,230.0000,250.0000,5.1500,5.5500,5.7500,sourced,3.9700,4.4600,4.1500,5.5200,6.0100,5.7000
2022-12-24,3.2500,2022-12-23,27.0000,2022-12-14,calc_daily_close,3.5200,45.0000,57.0000,65.0000,3.9700,4.0900,4.1700,estimated,190.0000,230.0000,250.0000,5.1500,5.5500,5.7500,sourced,3.9100,4.4100,4.1500,5.4600,5.9600,5.7000
2022-12-25,3.2500,2022-12-23,27.0000,2022-12-14,calc_daily_close,3.5200,45.0000,57.0000,65.0000,3.9700,4.0900,4.1700,estimated,190.0000,230.0000,250.0000,5.1500,5.5500,5.7500,sourced,3.9000,4.1600,4.2500,5.4500,5.7100,5.8000
2022-12-26,3.2500,2022-12-23,27.0000,2022-12-14,calc_daily_close,3.5200,45.0000,57.0000,65.0000,3.9700,4.0900,4.1700,estimated,190.0000,230.0000,250.0000,5.1500,5.5500,5.7500,sourced,3.9000,4.0800,4.2000,5.4500,5.6300,5.7500
2022-12-27,3.2500,2022-12-23,27.0000,2022-12-14,calc_daily_close,3.5200,45.0000,57.0000,65.0000,3.9700,4.0900,4.1700,estimated,190.0000,230.0000,250.0000,5.1500,5.5500,5.7500,sourced,3.9000,4.1300,3.9900,5.4500,5.6800,5.5400
2022-12-28,3.3700,2022-12-28,27.0000,2022-12-14,calc_daily_close,3.6400,45.0000,57.0000,65.0000,4.0900,4.2100,4.2900,estimated,190.0000,230.0000,250.0000,5.2700,5.6700,5.8700,sourced,3.9300,4.1300,4.0700,5.4800,5.6800,5.6200
2022-12-29,3.3700,2022-12-29,27.0000,2022-12-14,calc_daily_close,3.6400,45.0000,57.0000,65.0000,4.0900,4.2100,4.2900,estimated,190.0000,230.0000,250.0000,5.2700,5.6700,5.8700,sourced,3.9900,4.1300,4.0700,5.5400,5.6800,5.6200
2022-12-30,3.4100,2022-12-30,27.0000,2022-12-14,calc_daily_close,3.6800,45.0000,57.0000,65.0000,4.1300,4.2500,4.3300,estimated,190.0000,230.0000,250.0000,5.3100,5.7100,5.9100,sourced,3.9300,4.1800,4.0700,5.4800,5.7300,5.6200
2022-12-31,3.4100,2022-12-30,27.0000,2022-12-14,calc_daily_close,3.6800,45.0000,57.0000,65.0000,4.1300,4.2500,4.3300,estimated,190.0000,230.0000,250.0000,5.3100,5.7100,5.9100,sourced,3.8000,4.1800,4.0700,5.3500,5.7300,5.6200
2023-01-01,3.4100,2022-12-30,27.0000,2022-12-14,calc_daily_close,3.6800,45.0000,57.0000,65.0000,4.1300,4.2500,4.3300,estimated,190.0000,230.0000,250.0000,5.3100,5.7100,5.9100,sourced,3.7500,4.2300,4.0300,5.3000,5.7800,5.5800
2023-01-02,3.4100,2022-12-30,27.0000,2022-12-14,calc_daily_close,3.6800,45.0000,57.0000,65.0000,4.1300,4.2500,4.3300,estimated,190.0000,230.0000,250.0000,5.3100,5.7100,5.9100,sourced,3.7500,4.3400,4.0200,5.3000,5.8900,5.5700
2023-01-03,3.3400,2023-01-03,27.0000,2022-12-14,calc_daily_close,3.6100,45.0000,55.0000,60.0000,4.0600,4.1600,4.2100,partly sourced,170.0000,190.0000,250.0000,5.0400,5.2400,5.8400,partly sourced,3.7500,4.4200,4.1700,5.3000,5.9700,5.7200
2023-01-04,3.2800,2023-01-04,27.0000,2022-12-14,calc_daily_close,3.5500,45.0000,55.0000,60.0000,4.0000,4.1000,4.1500,partly sourced,170.0000,190.0000,250.0000,4.9800,5.1800,5.7800,partly sourced,3.8100,4.4200,4.2400,5.3600,5.9700,5.7900
2023-01-05,3.3200,2023-01-05,27.0000,2022-12-14,calc_daily_close,3.5900,45.0000,55.0000,60.0000,4.0400,4.1400,4.1900,partly sourced,170.0000,190.0000,250.0000,5.0200,5.2200,5.8200,partly sourced,3.7500,4.4200,4.3000,5.3000,5.9700,5.8500
2023-01-06,3.2400,2023-01-06,27.0000,2022-12-14,calc_daily_close,3.5100,45.0000,55.0000,60.0000,3.9600,4.0600,4.1100,partly sourced,170.0000,190.0000,250.0000,4.9400,5.1400,5.7400,partly sourced,3.7100,4.5200,4.3000,5.2600,6.0700,5.8500
2023-01-07,3.2400,2023-01-06,27.0000,2022-12-14,calc_daily_close,3.5100,45.0000,55.0000,60.0000,3.9600,4.0600,4.1100,partly sourced,170.0000,190.0000,250.0000,4.9400,5.1400,5.7400,partly sourced,3.7600,4.4200,4.3000,5.3100,5.9700,5.8500
2023-01-08,3.2400,2023-01-06,27.0000,2022-12-14,calc_daily_close,3.5100,45.0000,55.0000,60.0000,3.9600,4.0600,4.1100,partly sourced,170.0000,190.0000,250.0000,4.9400,5.1400,5.7400,partly sourced,3.8200,4.3500,4.3000,5.3700,5.9000,5.8500
2023-01-09,3.2200,2023-01-09,27.0000,2022-12-14,calc_daily_close,3.4900,45.0000,55.0000,60.0000,3.9400,4.0400,4.0900,partly sourced,170.0000,190.0000,250.0000,4.9200,5.1200,5.7200,partly sourced,3.8200,4.0600,4.3700,5.3700,5.6100,5.9200
2023-01-10,3.2300,2023-01-10,27.0000,2022-12-14,calc_daily_close,3.5000,45.0000,55.0000,60.0000,3.9500,4.0500,4.1000,partly sourced,170.0000,190.0000,250.0000,4.9300,5.1300,5.7300,partly sourced,3.8200,4.0600,4.3200,5.3700,5.6100,5.8700
2023-01-11,3.1300,2023-01-11,27.0000,2022-12-14,calc_daily_close,3.4000,45.0000,55.0000,60.0000,3.8500,3.9500,4.0000,partly sourced,170.0000,190.0000,250.0000,4.8300,5.0300,5.6300,partly sourced,3.8600,4.0600,4.3400,5.4100,5.6100,5.8900
2023-01-12,3.0200,2023-01-12,27.0000,2022-12-14,calc_daily_close,3.2900,45.0000,55.0000,60.0000,3.7400,3.8400,3.8900,partly sourced,170.0000,190.0000,250.0000,4.7200,4.9200,5.5200,partly sourced,3.7500,4.0600,4.3900,5.3000,5.6100,5.9400
2023-01-13,3.0000,2023-01-13,27.0000,2022-12-14,calc_daily_close,3.2700,45.0000,55.0000,60.0000,3.7200,3.8200,3.8700,partly sourced,170.0000,190.0000,250.0000,4.7000,4.9000,5.5000,partly sourced,3.7800,4.0800,4.3900,5.2400,5.6300,5.9400
2023-01-14,3.0000,2023-01-13,27.0000,2022-12-14,calc_daily_close,3.2700,45.0000,55.0000,60.0000,3.7200,3.8200,3.8700,partly sourced,170.0000,190.0000,250.0000,4.7000,4.9000,5.5000,partly sourced,3.7400,4.0700,4.3900,5.2000,5.6200,5.9400
2023-01-15,3.0000,2023-01-13,27.0000,2022-12-14,calc_daily_close,3.2700,45.0000,55.0000,60.0000,3.7200,3.8200,3.8700,partly sourced,170.0000,190.0000,250.0000,4.7000,4.9000,5.5000,partly sourced,3.7500,4.0100,4.3500,5.2100,5.5600,5.9000
2023-01-16,2.9500,2023-01-16,27.0000,2022-12-14,calc_daily_close,3.2200,45.0000,55.0000,60.0000,3.6700,3.7700,3.8200,partly sourced,170.0000,190.0000,250.0000,4.6500,4.8500,5.4500,partly sourced,3.7500,4.0800,4.2600,5.2100,5.6300,5.8100
2023-01-17,2.9300,2023-01-17,27.0000,2022-12-14,calc_daily_close,3.2000,45.0000,55.0000,60.0000,3.6500,3.7500,3.8000,partly sourced,170.0000,190.0000,250.0000,4.6300,4.8300,5.4300,partly sourced,3.7500,4.1000,4.4600,5.2100,5.6500,6.0100
2023-01-18,2.8000,2023-01-18,27.0000,2022-12-14,calc_daily_close,3.0700,45.0000,55.0000,60.0000,3.5200,3.6200,3.6700,partly sourced,170.0000,190.0000,250.0000,4.5000,4.7000,5.3000,partly sourced,3.8100,4.1000,4.5900,5.2700,5.6500,6.1400
2023-01-19,2.8200,2023-01-19,27.0000,2022-12-14,calc_daily_close,3.0900,45.0000,55.0000,60.0000,3.5400,3.6400,3.6900,partly sourced,170.0000,190.0000,250.0000,4.5200,4.7200,5.3200,partly sourced,3.9100,4.1000,4.4800,5.3700,5.6500,6.0300
2023-01-20,2.9200,2023-01-20,27.0000,2022-12-14,calc_daily_close,3.1900,45.0000,55.0000,60.0000,3.6400,3.7400,3.7900,partly sourced,170.0000,190.0000,250.0000,4.6200,4.8200,5.4200,partly sourced,3.9100,4.0700,4.4800,5.3700,5.6200,6.0300
2023-01-21,2.9200,2023-01-20,27.0000,2022-12-14,calc_daily_close,3.1900,45.0000,55.0000,60.0000,3.6400,3.7400,3.7900,partly sourced,170.0000,190.0000,250.0000,4.6200,4.8200,5.4200,partly sourced,3.9900,4.0100,4.4800,5.4500,5.5600,6.0300
2023-01-22,2.9200,2023-01-20,27.0000,2022-12-14,calc_daily_close,3.1900,45.0000,55.0000,60.0000,3.6400,3.7400,3.7900,partly sourced,170.0000,190.0000,250.0000,4.6200,4.8200,5.4200,partly sourced,4.0900,3.9700,4.4600,5.5500,5.5200,6.0100
2023-01-23,2.9700,2023-01-23,27.0000,2022-12-14,calc_daily_close,3.2400,45.0000,55.0000,60.0000,3.6900,3.7900,3.8400,partly sourced,170.0000,190.0000,250.0000,4.6700,4.8700,5.4700,partly sourced,4.0900,3.9100,4.4100,5.5500,5.4600,5.9600
2023-01-24,2.9300,2023-01-24,27.0000,2022-12-14,calc_daily_close,3.2000,45.0000,55.0000,60.0000,3.6500,3.7500,3.8000,partly sourced,170.0000,190.0000,250.0000,4.6300,4.8300,5.4300,partly sourced,4.0900,3.9000,4.1600,5.5500,5.4500,5.7100
2023-01-25,2.8800,2023-01-25,27.0000,2022-12-14,calc_daily_close,3.1500,45.0000,55.0000,60.0000,3.6000,3.7000,3.7500,partly sourced,170.0000,190.0000,250.0000,4.5800,4.7800,5.3800,partly sourced,4.0900,3.9000,4.0800,5.5500,5.4500,5.6300
2023-01-26,2.9500,2023-01-26,27.0000,2022-12-14,calc_daily_close,3.2200,45.0000,55.0000,60.0000,3.6700,3.7700,3.8200,partly sourced,170.0000,190.0000,250.0000,4.6500,4.8500,5.4500,partly sourced,4.0900,3.9000,4.1300,5.5500,5.4500,5.6800
2023-01-27,3.0100,2023-01-27,27.0000,2022-12-14,calc_daily_close,3.2800,45.0000,55.0000,60.0000,3.7300,3.8300,3.8800,partly sourced,170.0000,190.0000,250.0000,4.7100,4.9100,5.5100,partly sourced,4.2100,3.9300,4.1300,5.6700,5.4800,5.6800
2023-01-28,3.0100,2023-01-27,27.0000,2022-12-14,calc_daily_close,3.2800,45.0000,55.0000,60.0000,3.7300,3.8300,3.8800,partly sourced,170.0000,190.0000,250.0000,4.7100,4.9100,5.5100,partly sourced,4.2100,3.9900,4.1300,5.6700,5.5400,5.6800
2023-01-29,3.0100,2023-01-27,27.0000,2022-12-14,calc_daily_close,3.2800,45.0000,55.0000,60.0000,3.7300,3.8300,3.8800,partly sourced,170.0000,190.0000,250.0000,4.7100,4.9100,5.5100,partly sourced,4.2500,3.9300,4.1800,5.7100,5.4800,5.7300
2023-01-30,3.0400,2023-01-30,27.0000,2022-12-14,calc_daily_close,3.3100,45.0000,55.0000,60.0000,3.7600,3.8600,3.9100,partly sourced,170.0000,190.0000,250.0000,4.7400,4.9400,5.5400,partly sourced,4.2500,3.8000,4.1800,5.7100,5.3500,5.7300
2023-01-31,3.0400,2023-01-31,27.0000,2022-12-14,calc_daily_close,3.3100,45.0000,55.0000,60.0000,3.7600,3.8600,3.9100,partly sourced,170.0000,190.0000,250.0000,4.7400,4.9400,5.5400,partly sourced,4.2500,3.7500,4.2300,5.7100,5.3000,5.7800
2023-02-01,2.9300,2023-02-01,27.0000,2022-12-14,calc_daily_close,3.2000,45.0000,55.0000,60.0000,3.6500,3.7500,3.8000,partly sourced,170.0000,190.0000,250.0000,4.6300,4.8300,5.4300,partly sourced,4.2500,3.7500,4.3400,5.7100,5.3000,5.8900
2023-02-02,2.9200,2023-02-02,27.0000,2022-12-14,calc_daily_close,3.1900,45.0000,55.0000,60.0000,3.6400,3.7400,3.7900,partly sourced,170.0000,190.0000,250.0000,4.6200,4.8200,5.4200,partly sourced,4.1600,3.7500,4.4200,5.2400,5.3000,5.9700
2023-02-03,3.0500,2023-02-03,27.0000,2022-12-14,calc_daily_close,3.3200,45.0000,55.0000,60.0000,3.7700,3.8700,3.9200,partly sourced,170.0000,190.0000,250.0000,4.7500,4.9500,5.5500,partly sourced,4.1000,3.8100,4.4200,5.1800,5.3600,5.9700
2023-02-04,3.0500,2023-02-03,27.0000,2022-12-14,calc_daily_close,3.3200,45.0000,55.0000,60.0000,3.7700,3.8700,3.9200,partly sourced,170.0000,190.0000,250.0000,4.7500,4.9500,5.5500,partly sourced,4.1400,3.7500,4.4200,5.2200,5.3000,5.9700
2023-02-05,3.0500,2023-02-03,27.0000,2022-12-14,calc_daily_close,3.3200,45.0000,55.0000,60.0000,3.7700,3.8700,3.9200,partly sourced,170.0000,190.0000,250.0000,4.7500,4.9500,5.5500,partly sourced,4.0600,3.7100,4.5200,5.1400,5.2600,6.0700
2023-02-06,3.1700,2023-02-06,27.0000,2022-12-14,calc_daily_close,3.4400,45.0000,55.0000,60.0000,3.8900,3.9900,4.0400,partly sourced,170.0000,190.0000,250.0000,4.8700,5.0700,5.6700,partly sourced,4.0600,3.7600,4.4200,5.1400,5.3100,5.9700
2023-02-07,3.2000,2023-02-07,27.0000,2022-12-14,calc_daily_close,3.4700,45.0000,55.0000,60.0000,3.9200,4.0200,4.0700,partly sourced,170.0000,190.0000,250.0000,4.9000,5.1000,5.7000,partly sourced,4.0600,3.8200,4.3500,5.1400,5.3700,5.9000
2023-02-08,3.1600,2023-02-08,27.0000,2022-12-14,calc_daily_close,3.4300,45.0000,55.0000,60.0000,3.8800,3.9800,4.0300,partly sourced,170.0000,190.0000,250.0000,4.8600,5.0600,5.6600,partly sourced,4.0400,3.8200,4.0600,5.1200,5.3700,5.6100
2023-02-09,3.2000,2023-02-09,27.0000,2022-12-14,calc_daily_close,3.4700,45.0000,55.0000,60.0000,3.9200,4.0200,4.0700,partly sourced,170.0000,190.0000,250.0000,4.9000,5.1000,5.7000,partly sourced,4.0500,3.8200,4.0600,5.1300,5.3700,5.6100
2023-02-10,3.3100,2023-02-10,27.0000,2022-12-14,calc_daily_close,3.5800,45.0000,55.0000,60.0000,4.0300,4.1300,4.1800,partly sourced,170.0000,190.0000,250.0000,5.0100,5.2100,5.8100,partly sourced,3.9500,3.8600,4.0600,5.0300,5.4100,5.6100
2023-02-11,3.3100,2023-02-10,27.0000,2022-12-14,calc_daily_close,3.5800,45.0000,55.0000,60.0000,4.0300,4.1300,4.1800,partly sourced,170.0000,190.0000,250.0000,5.0100,5.2100,5.8100,partly sourced,3.8400,3.7500,4.0600,4.9200,5.3000,5.6100
2023-02-12,3.3100,2023-02-10,27.0000,2022-12-14,calc_daily_close,3.5800,45.0000,55.0000,60.0000,4.0300,4.1300,4.1800,partly sourced,170.0000,190.0000,250.0000,5.0100,5.2100,5.8100,partly sourced,3.8200,3.7800,4.0800,4.9000,5.2400,5.6300
2023-02-13,3.2700,2023-02-13,27.0000,2022-12-14,calc_daily_close,3.5400,45.0000,55.0000,60.0000,3.9900,4.0900,4.1400,partly sourced,170.0000,190.0000,250.0000,4.9700,5.1700,5.7700,partly sourced,3.8200,3.7400,4.0700,4.9000,5.2000,5.6200
2023-02-14,3.3900,2023-02-14,27.0000,2022-12-14,calc_daily_close,3.6600,45.0000,55.0000,60.0000,4.1100,4.2100,4.2600,partly sourced,170.0000,190.0000,250.0000,5.0900,5.2900,5.8900,partly sourced,3.8200,3.7500,4.0100,4.9000,5.2100,5.5600
2023-02-15,3.4300,2023-02-15,27.0000,2022-12-14,calc_daily_close,3.7000,45.0000,55.0000,60.0000,4.1500,4.2500,4.3000,partly sourced,170.0000,190.0000,250.0000,5.1300,5.3300,5.9300,partly sourced,3.7700,3.7500,4.0800,4.8500,5.2100,5.6300
2023-02-16,3.4500,2023-02-16,27.0000,2022-12-14,calc_daily_close,3.7200,45.0000,55.0000,60.0000,4.1700,4.2700,4.3200,partly sourced,170.0000,190.0000,250.0000,5.1500,5.3500,5.9500,partly sourced,3.7500,3.7500,4.1000,4.8300,5.2100,5.6500
2023-02-17,3.4500,2023-02-17,27.0000,2022-12-14,calc_daily_close,3.7200,45.0000,55.0000,60.0000,4.1700,4.2700,4.3200,partly sourced,170.0000,190.0000,250.0000,5.1500,5.3500,5.9500,partly sourced,3.6200,3.8100,4.1000,4.7000,5.2700,5.6500
2023-02-18,3.4500,2023-02-17,27.0000,2022-12-14,calc_daily_close,3.7200,45.0000,55.0000,60.0000,4.1700,4.2700,4.3200,partly sourced,170.0000,190.0000,250.0000,5.1500,5.3500,5.9500,partly sourced,3.6400,3.9100,4.1000,4.7200,5.3700,5.6500
2023-02-19,3.4500,2023-02-17,27.0000,2022-12-14,calc_daily_close,3.7200,45.0000,55.0000,60.0000,4.1700,4.2700,4.3200,partly sourced,170.0000,190.0000,250.0000,5.1500,5.3500,5.9500,partly sourced,3.7400,3.9100,4.0700,4.8200,5.3700,5.6200
2023-02-20,3.4500,2023-02-17,27.0000,2022-12-14,calc_daily_close,3.7200,45.0000,55.0000,60.0000,4.1700,4.2700,4.3200,partly sourced,170.0000,190.0000,250.0000,5.1500,5.3500,5.9500,partly sourced,3.7400,3.9900,4.0100,4.8200,5.4500,5.5600
2023-02-21,3.5800,2023-02-21,27.0000,2022-12-14,calc_daily_close,3.8500,45.0000,55.0000,60.0000,4.3000,4.4000,4.4500,partly sourced,170.0000,190.0000,250.0000,5.2800,5.4800,6.0800,partly sourced,3.7400,4.0900,3.9700,4.8200,5.5500,5.5200
2023-02-22,3.5400,2023-02-22,27.0000,2022-12-14,calc_daily_close,3.8100,45.0000,55.0000,60.0000,4.2600,4.3600,4.4100,partly sourced,170.0000,190.0000,250.0000,5.2400,5.4400,6.0400,partly sourced,3.7900,4.0900,3.9100,4.8700,5.5500,5.4600
2023-02-23,3.5000,2023-02-23,27.0000,2022-12-14,calc_daily_close,3.7700,45.0000,55.0000,60.0000,4.2200,4.3200,4.3700,partly sourced,170.0000,190.0000,250.0000,5.2000,5.4000,6.0000,partly sourced,3.7500,4.0900,3.9000,4.8300,5.5500,5.4500
2023-02-24,3.5900,2023-02-24,27.0000,2022-12-14,calc_daily_close,3.8600,45.0000,55.0000,60.0000,4.3100,4.4100,4.4600,partly sourced,170.0000,190.0000,250.0000,5.2900,5.4900,6.0900,partly sourced,3.7000,4.0900,3.9000,4.7800,5.5500,5.4500
2023-02-25,3.5900,2023-02-24,27.0000,2022-12-14,calc_daily_close,3.8600,45.0000,55.0000,60.0000,4.3100,4.4100,4.4600,partly sourced,170.0000,190.0000,250.0000,5.2900,5.4900,6.0900,partly sourced,3.7700,4.0900,3.9000,4.8500,5.5500,5.4500
2023-02-26,3.5900,2023-02-24,27.0000,2022-12-14,calc_daily_close,3.8600,45.0000,55.0000,60.0000,4.3100,4.4100,4.4600,partly sourced,170.0000,190.0000,250.0000,5.2900,5.4900,6.0900,partly sourced,3.8300,4.2100,3.9300,4.9100,5.6700,5.4800
2023-02-27,3.5700,2023-02-27,27.0000,2022-12-14,calc_daily_close,3.8400,45.0000,55.0000,60.0000,4.2900,4.3900,4.4400,partly sourced,170.0000,190.0000,250.0000,5.2700,5.4700,6.0700,partly sourced,3.8300,4.2100,3.9900,4.9100,5.6700,5.5400
2023-02-28,3.5200,2023-02-28,27.0000,2022-12-14,calc_daily_close,3.7900,45.0000,55.0000,60.0000,4.2400,4.3400,4.3900,partly sourced,170.0000,190.0000,250.0000,5.2200,5.4200,6.0200,partly sourced,3.8300,4.2500,3.9300,4.9100,5.7100,5.4800
2023-03-01,3.5900,2023-03-01,27.0000,2022-12-14,calc_daily_close,3.8600,45.0000,55.0000,60.0000,4.3100,4.4100,4.4600,partly sourced,170.0000,190.0000,250.0000,5.2900,5.4900,6.0900,partly sourced,3.8600,4.2500,3.8000,4.9400,5.7100,5.3500
2023-03-02,3.6600,2023-03-02,27.0000,2022-12-14,calc_daily_close,3.9300,45.0000,55.0000,60.0000,4.3800,4.4800,4.5300,partly sourced,170.0000,190.0000,250.0000,5.3600,5.5600,6.1600,partly sourced,3.8600,4.2500,3.7500,4.9400,5.7100,5.3000
2023-03-03,3.5500,2023-03-03,27.0000,2022-12-14,calc_daily_close,3.8200,45.0000,55.0000,60.0000,4.2700,4.3700,4.4200,partly sourced,170.0000,190.0000,250.0000,5.2500,5.4500,6.0500,partly sourced,3.7500,4.2500,3.7500,4.8300,5.7100,5.3000
2023-03-04,3.5500,2023-03-03,27.0000,2022-12-14,calc_daily_close,3.8200,45.0000,55.0000,60.0000,4.2700,4.3700,4.4200,partly sourced,170.0000,190.0000,250.0000,5.2500,5.4500,6.0500,partly sourced,3.7400,4.1600,3.7500,4.8200,5.2400,5.3000
2023-03-05,3.5500,2023-03-03,27.0000,2022-12-14,calc_daily_close,3.8200,45.0000,55.0000,60.0000,4.2700,4.3700,4.4200,partly sourced,170.0000,190.0000,250.0000,5.2500,5.4500,6.0500,partly sourced,3.8700,4.1000,3.8100,4.9500,5.1800,5.3600
2023-03-06,3.5800,2023-03-06,27.0000,2022-12-14,calc_daily_close,3.8500,45.0000,55.0000,60.0000,4.3000,4.4000,4.4500,partly sourced,170.0000,190.0000,250.0000,5.2800,5.4800,6.0800,partly sourced,3.8700,4.1400,3.7500,4.9500,5.2200,5.3000
2023-03-07,3.5700,2023-03-07,27.0000,2022-12-14,calc_daily_close,3.8400,45.0000,55.0000,60.0000,4.2900,4.3900,4.4400,partly sourced,170.0000,190.0000,250.0000,5.2700,5.4700,6.0700,partly sourced,3.8700,4.0600,3.7100,4.9500,5.1400,5.2600
2023-03-08,3.5000,2023-03-08,27.0000,2022-12-14,calc_daily_close,3.7700,45.0000,55.0000,60.0000,4.2200,4.3200,4.3700,partly sourced,170.0000,190.0000,250.0000,5.2000,5.4000,6.0000,partly sourced,3.9900,4.0600,3.7600,5.0700,5.1400,5.3100
2023-03-09,3.3700,2023-03-09,27.0000,2022-12-14,calc_daily_close,3.6400,45.0000,55.0000,60.0000,4.0900,4.1900,4.2400,partly sourced,170.0000,190.0000,250.0000,5.0700,5.2700,5.8700,partly sourced,4.0200,4.0600,3.8200,5.1000,5.1400,5.3700
2023-03-10,3.1900,2023-03-10,27.0000,2022-12-14,calc_daily_close,3.4600,45.0000,55.0000,60.0000,3.9100,4.0100,4.0600,partly sourced,170.0000,190.0000,250.0000,4.8900,5.0900,5.6900,partly sourced,3.9800,4.0400,3.8200,5.0600,5.1200,5.3700
2023-03-11,3.1900,2023-03-10,27.0000,2022-12-14,calc_daily_close,3.4600,45.0000,55.0000,60.0000,3.9100,4.0100,4.0600,partly sourced,170.0000,190.0000,250.0000,4.8900,5.0900,5.6900,partly sourced,4.0200,4.0500,3.8200,5.1000,5.1300,5.3700
2023-03-12,3.1900,2023-03-10,27.0000,2022-12-14,calc_daily_close,3.4600,45.0000,55.0000,60.0000,3.9100,4.0100,4.0600,partly sourced,170.0000,190.0000,250.0000,4.8900,5.0900,5.6900,partly sourced,4.1300,3.9500,3.8600,5.2100,5.0300,5.4100
2023-03-13,2.9000,2023-03-13,27.0000,2022-12-14,calc_daily_close,3.1700,45.0000,55.0000,60.0000,3.6200,3.7200,3.7700,partly sourced,170.0000,190.0000,250.0000,4.6000,4.8000,5.4000,partly sourced,4.1300,3.8400,3.7500,5.2100,4.9200,5.3000
2023-03-14,3.0100,2023-03-14,27.0000,2022-12-14,calc_daily_close,3.2800,45.0000,55.0000,60.0000,3.7300,3.8300,3.8800,partly sourced,170.0000,190.0000,250.0000,4.7100,4.9100,5.5100,partly sourced,4.1300,3.8200,3.7800,5.2100,4.9000,5.2400
2023-03-15,2.8500,2023-03-15,27.4000,2023-03-15,calc_daily_close,3.1240,45.0000,55.0000,60.0000,3.5740,3.6740,3.7240,partly sourced,170.0000,190.0000,250.0000,4.5500,4.7500,5.3500,partly sourced,4.0900,3.8200,3.7400,5.1700,4.9000,5.2000
2023-03-16,3.0500,2023-03-16,27.4000,2023-03-15,calc_daily_close,3.3240,45.0000,55.0000,60.0000,3.7740,3.8740,3.9240,partly sourced,170.0000,190.0000,250.0000,4.7500,4.9500,5.5500,partly sourced,4.2100,3.8200,3.7500,5.2900,4.9000,5.2100
2023-03-17,2.8900,2023-03-17,27.4000,2023-03-15,calc_daily_close,3.1640,45.0000,55.0000,60.0000,3.6140,3.7140,3.7640,partly sourced,170.0000,190.0000,250.0000,4.5900,4.7900,5.3900,partly sourced,4.2500,3.7700,3.7500,5.3300,4.8500,5.2100
2023-03-18,2.8900,2023-03-17,27.4000,2023-03-15,calc_daily_close,3.1640,45.0000,55.0000,60.0000,3.6140,3.7140,3.7640,partly sourced,170.0000,190.0000,250.0000,4.5900,4.7900,5.3900,partly sourced,4.2700,3.7500,3.7500,5.3500,4.8300,5.2100
2023-03-19,2.8900,2023-03-17,27.4000,2023-03-15,calc_daily_close,3.1640,45.0000,55.0000,60.0000,3.6140,3.7140,3.7640,partly sourced,170.0000,190.0000,250.0000,4.5900,4.7900,5.3900,partly sourced,4.2700,3.6200,3.8100,5.3500,4.7000,5.2700
2023-03-20,2.9600,2023-03-20,27.4000,2023-03-15,calc_daily_close,3.2340,45.0000,55.0000,60.0000,3.6840,3.7840,3.8340,partly sourced,170.0000,190.0000,250.0000,4.6600,4.8600,5.4600,partly sourced,4.2700,3.6400,3.9100,5.3500,4.7200,5.3700
2023-03-21,2.9700,2023-03-21,27.4000,2023-03-15,calc_daily_close,3.2440,45.0000,55.0000,60.0000,3.6940,3.7940,3.8440,partly sourced,170.0000,190.0000,250.0000,4.6700,4.8700,5.4700,partly sourced,4.2700,3.7400,3.9100,5.3500,4.8200,5.3700
2023-03-22,2.7700,2023-03-22,27.4000,2023-03-15,calc_daily_close,3.0440,45.0000,55.0000,60.0000,3.4940,3.5940,3.6440,partly sourced,170.0000,190.0000,250.0000,4.4700,4.6700,5.2700,partly sourced,4.2700,3.7400,3.9900,5.3500,4.8200,5.4500
2023-03-23,2.7500,2023-03-23,27.4000,2023-03-15,calc_daily_close,3.0240,45.0000,55.0000,60.0000,3.4740,3.5740,3.6240,partly sourced,170.0000,190.0000,250.0000,4.4500,4.6500,5.2500,partly sourced,4.4000,3.7400,4.0900,5.4800,4.8200,5.5500
2023-03-24,2.7700,2023-03-24,27.4000,2023-03-15,calc_daily_close,3.0440,45.0000,55.0000,60.0000,3.4940,3.5940,3.6440,partly sourced,170.0000,190.0000,250.0000,4.4700,4.6700,5.2700,partly sourced,4.3600,3.7900,4.0900,5.4400,4.8700,5.5500
2023-03-25,2.7700,2023-03-24,27.4000,2023-03-15,calc_daily_close,3.0440,45.0000,55.0000,60.0000,3.4940,3.5940,3.6440,partly sourced,170.0000,190.0000,250.0000,4.4700,4.6700,5.2700,partly sourced,4.3200,3.7500,4.0900,5.4000,4.8300,5.5500
2023-03-26,2.7700,2023-03-24,27.4000,2023-03-15,calc_daily_close,3.0440,45.0000,55.0000,60.0000,3.4940,3.5940,3.6440,partly sourced,170.0000,190.0000,250.0000,4.4700,4.6700,5.2700,partly sourced,4.4100,3.7000,4.0900,5.4900,4.7800,5.5500
2023-03-27,2.9600,2023-03-27,27.4000,2023-03-15,calc_daily_close,3.2340,45.0000,55.0000,60.0000,3.6840,3.7840,3.8340,partly sourced,170.0000,190.0000,250.0000,4.6600,4.8600,5.4600,partly sourced,4.4100,3.7700,4.0900,5.4900,4.8500,5.5500
2023-03-28,3.0000,2023-03-28,27.4000,2023-03-15,calc_daily_close,3.2740,45.0000,55.0000,60.0000,3.7240,3.8240,3.8740,partly sourced,170.0000,190.0000,250.0000,4.7000,4.9000,5.5000,partly sourced,4.4100,3.8300,4.2100,5.4900,4.9100,5.6700
2023-03-29,3.0500,2023-03-29,27.4000,2023-03-15,calc_daily_close,3.3240,45.0000,55.0000,60.0000,3.7740,3.8740,3.9240,partly sourced,170.0000,190.0000,250.0000,4.7500,4.9500,5.5500,partly sourced,4.3900,3.8300,4.2100,5.4700,4.9100,5.6700
2023-03-30,3.0600,2023-03-30,27.4000,2023-03-15,calc_daily_close,3.3340,45.0000,55.0000,60.0000,3.7840,3.8840,3.9340,partly sourced,170.0000,190.0000,250.0000,4.7600,4.9600,5.5600,partly sourced,4.3400,3.8300,4.2500,5.4200,4.9100,5.7100
2023-03-31,3.0200,2023-03-31,27.4000,2023-03-15,calc_daily_close,3.2940,45.0000,55.0000,60.0000,3.7440,3.8440,3.8940,partly sourced,170.0000,190.0000,250.0000,4.7200,4.9200,5.5200,partly sourced,4.4100,3.8600,4.2500,5.4900,4.9400,5.7100
2023-04-01,3.0200,2023-03-31,27.4000,2023-03-15,calc_daily_close,3.2940,45.0000,55.0000,60.0000,3.7440,3.8440,3.8940,partly sourced,170.0000,190.0000,250.0000,4.7200,4.9200,5.5200,partly sourced,4.4800,3.8600,4.2500,5.5600,4.9400,5.7100
2023-04-02,3.0200,2023-03-31,27.4000,2023-03-15,calc_daily_close,3.2940,45.0000,55.0000,60.0000,3.7440,3.8440,3.8940,partly sourced,170.0000,190.0000,250.0000,4.7200,4.9200,5.5200,partly sourced,4.3700,3.7500,4.2500,5.4500,4.8300,5.7100
2023-04-03,2.9400,2023-04-03,27.4000,2023-03-15,calc_daily_close,3.2140,43.0000,55.0000,60.0000,3.6440,3.7640,3.8140,partly sourced,170.0000,190.0000,250.0000,4.6400,4.8400,5.4400,partly sourced,4.3700,3.7400,4.1600,5.4500,4.8200,5.2400
2023-04-04,2.8500,2023-04-04,27.4000,2023-03-15,calc_daily_close,3.1240,43.0000,55.0000,60.0000,3.5540,3.6740,3.7240,partly sourced,170.0000,190.0000,250.0000,4.5500,4.7500,5.3500,partly sourced,4.3700,3.8700,4.1000,5.4500,4.9500,5.1800
2023-04-05,2.8700,2023-04-05,27.4000,2023-03-15,calc_daily_close,3.1440,43.0000,55.0000,60.0000,3.5740,3.6940,3.7440,partly sourced,170.0000,190.0000,250.0000,4.5700,4.7700,5.3700,partly sourced,4.4000,3.8700,4.1400,5.4800,4.9500,5.2200
2023-04-06,2.9000,2023-04-06,27.4000,2023-03-15,calc_daily_close,3.1740,43.0000,55.0000,60.0000,3.6040,3.7240,3.7740,partly sourced,170.0000,190.0000,250.0000,4.6000,4.8000,5.4000,partly sourced,4.3900,3.8700,4.0600,5.4700,4.9500,5.1400
2023-04-07,2.9000,2023-04-06,27.4000,2023-03-15,calc_daily_close,3.1740,43.0000,55.0000,60.0000,3.6040,3.7240,3.7740,partly sourced,170.0000,190.0000,250.0000,4.6000,4.8000,5.4000,partly sourced,4.3200,3.9900,4.0600,5.4000,5.0700,5.1400
2023-04-08,2.9000,2023-04-06,27.4000,2023-03-15,calc_daily_close,3.1740,43.0000,55.0000,60.0000,3.6040,3.7240,3.7740,partly sourced,170.0000,190.0000,250.0000,4.6000,4.8000,5.4000,partly sourced,4.1900,4.0200,4.0600,5.2700,5.1000,5.1400
2023-04-09,2.9000,2023-04-06,27.4000,2023-03-15,calc_daily_close,3.1740,43.0000,55.0000,60.0000,3.6040,3.7240,3.7740,partly sourced,170.0000,190.0000,250.0000,4.6000,4.8000,5.4000,partly sourced,4.0100,3.9800,4.0400,5.0900,5.0600,5.1200
2023-04-10,3.0400,2023-04-10,27.4000,2023-03-15,calc_daily_close,3.3140,43.0000,55.0000,60.0000,3.7440,3.8640,3.9140,partly sourced,170.0000,190.0000,250.0000,4.7400,4.9400,5.5400,partly sourced,4.0100,4.0200,4.0500,5.0900,5.1000,5.1300
2023-04-11,3.0600,2023-04-11,27.4000,2023-03-15,calc_daily_close,3.3340,43.0000,55.0000,60.0000,3.7640,3.8840,3.9340,partly sourced,170.0000,190.0000,250.0000,4.7600,4.9600,5.5600,partly sourced,4.0100,4.1300,3.9500,5.0900,5.2100,5.0300
2023-04-12,3.0400,2023-04-12,27.4000,2023-03-15,calc_daily_close,3.3140,43.0000,55.0000,60.0000,3.7440,3.8640,3.9140,partly sourced,170.0000,190.0000,250.0000,4.7400,4.9400,5.5400,partly sourced,3.7200,4.1300,3.8400,4.8000,5.2100,4.9200
2023-04-13,3.1100,2023-04-13,27.4000,2023-03-15,calc_daily_close,3.3840,43.0000,55.0000,60.0000,3.8140,3.9340,3.9840,partly sourced,170.0000,190.0000,250.0000,4.8100,5.0100,5.6100,partly sourced,3.8300,4.1300,3.8200,4.9100,5.2100,4.9000
2023-04-14,3.2100,2023-04-14,27.4000,2023-03-15,calc_daily_close,3.4840,43.0000,55.0000,60.0000,3.9140,4.0340,4.0840,partly sourced,170.0000,190.0000,250.0000,4.9100,5.1100,5.7100,partly sourced,3.6740,4.0900,3.8200,4.7500,5.1700,4.9000
2023-04-15,3.2100,2023-04-14,27.4000,2023-03-15,calc_daily_close,3.4840,43.0000,55.0000,60.0000,3.9140,4.0340,4.0840,partly sourced,170.0000,190.0000,250.0000,4.9100,5.1100,5.7100,partly sourced,3.8740,4.2100,3.8200,4.9500,5.2900,4.9000
2023-04-16,3.2100,2023-04-14,27.4000,2023-03-15,calc_daily_close,3.4840,43.0000,55.0000,60.0000,3.9140,4.0340,4.0840,partly sourced,170.0000,190.0000,250.0000,4.9100,5.1100,5.7100,partly sourced,3.7140,4.2500,3.7700,4.7900,5.3300,4.8500
2023-04-17,3.2600,2023-04-17,27.4000,2023-03-15,calc_daily_close,3.5340,43.0000,55.0000,60.0000,3.9640,4.0840,4.1340,partly sourced,170.0000,190.0000,250.0000,4.9600,5.1600,5.7600,partly sourced,3.7140,4.2700,3.7500,4.7900,5.3500,4.8300
2023-04-18,3.2300,2023-04-18,27.4000,2023-03-15,calc_daily_close,3.5040,43.0000,55.0000,60.0000,3.9340,4.0540,4.1040,partly sourced,170.0000,190.0000,250.0000,4.9300,5.1300,5.7300,partly sourced,3.7140,4.2700,3.6200,4.7900,5.3500,4.7000
2023-04-19,3.2400,2023-04-19,27.4000,2023-03-15,calc_daily_close,3.5140,43.0000,55.0000,60.0000,3.9440,4.0640,4.1140,partly sourced,170.0000,190.0000,250.0000,4.9400,5.1400,5.7400,partly sourced,3.7840,4.2700,3.6400,4.8600,5.3500,4.7200
2023-04-20,3.1500,2023-04-20,27.4000,2023-03-15,calc_daily_close,3.4240,43.0000,55.0000,60.0000,3.8540,3.9740,4.0240,partly sourced,170.0000,190.0000,250.0000,4.8500,5.0500,5.6500,partly sourced,3.7940,4.2700,3.7400,4.8700,5.3500,4.8200
2023-04-21,3.1000,2023-04-21,27.4000,2023-03-15,calc_daily_close,3.3740,43.0000,55.0000,60.0000,3.8040,3.9240,3.9740,partly sourced,170.0000,190.0000,250.0000,4.8000,5.0000,5.6000,partly sourced,3.5940,4.2700,3.7400,4.6700,5.3500,4.8200
2023-04-22,3.1000,2023-04-21,27.4000,2023-03-15,calc_daily_close,3.3740,43.0000,55.0000,60.0000,3.8040,3.9240,3.9740,partly sourced,170.0000,190.0000,250.0000,4.8000,5.0000,5.6000,partly sourced,3.5740,4.4000,3.7400,4.6500,5.4800,4.8200
2023-04-23,3.1000,2023-04-21,27.4000,2023-03-15,calc_daily_close,3.3740,43.0000,55.0000,60.0000,3.8040,3.9240,3.9740,partly sourced,170.0000,190.0000,250.0000,4.8000,5.0000,5.6000,partly sourced,3.5940,4.3600,3.7900,4.6700,5.4400,4.8700
2023-04-24,3.0800,2023-04-24,27.4000,2023-03-15,calc_daily_close,3.3540,43.0000,55.0000,60.0000,3.7840,3.9040,3.9540,partly sourced,170.0000,190.0000,250.0000,4.7800,4.9800,5.5800,partly sourced,3.5940,4.3200,3.7500,4.6700,5.4000,4.8300
2023-04-25,2.9200,2023-04-25,27.4000,2023-03-15,calc_daily_close,3.1940,43.0000,55.0000,60.0000,3.6240,3.7440,3.7940,partly sourced,170.0000,190.0000,250.0000,4.6200,4.8200,5.4200,partly sourced,3.5940,4.4100,3.7000,4.6700,5.4900,4.7800
2023-04-26,2.9800,2023-04-26,27.4000,2023-03-15,calc_daily_close,3.2540,43.0000,55.0000,60.0000,3.6840,3.8040,3.8540,partly sourced,170.0000,190.0000,250.0000,4.6800,4.8800,5.4800,partly sourced,3.7840,4.4100,3.7700,4.8600,5.4900,4.8500
2023-04-27,3.0900,2023-04-27,27.4000,2023-03-15,calc_daily_close,3.3640,43.0000,55.0000,60.0000,3.7940,3.9140,3.9640,partly sourced,170.0000,190.0000,250.0000,4.7900,4.9900,5.5900,partly sourced,3.8240,4.4100,3.8300,4.9000,5.4900,4.9100
2023-04-28,2.9700,2023-04-28,27.4000,2023-03-15,calc_daily_close,3.2440,43.0000,55.0000,60.0000,3.6740,3.7940,3.8440,partly sourced,170.0000,190.0000,250.0000,4.6700,4.8700,5.4700,partly sourced,3.8740,4.3900,3.8300,4.9500,5.4700,4.9100
2023-04-29,2.9700,2023-04-28,27.4000,2023-03-15,calc_daily_close,3.2440,43.0000,55.0000,60.0000,3.6740,3.7940,3.8440,partly sourced,170.0000,190.0000,250.0000,4.6700,4.8700,5.4700,partly sourced,3.8840,4.3400,3.8300,4.9600,5.4200,4.9100
2023-04-30,2.9700,2023-04-28,27.4000,2023-03-15,calc_daily_close,3.2440,43.0000,55.0000,60.0000,3.6740,3.7940,3.8440,partly sourced,170.0000,190.0000,250.0000,4.6700,4.8700,5.4700,partly sourced,3.8440,4.4100,3.8600,4.9200,5.4900,4.9400
2023-05-01,3.1000,2023-05-01,27.4000,2023-03-15,calc_daily_close,3.3740,43.0000,55.0000,60.0000,3.8040,3.9240,3.9740,partly sourced,170.0000,190.0000,250.0000,4.8000,5.0000,5.6000,partly sourced,3.8440,4.4800,3.8600,4.9200,5.5600,4.9400
2023-05-02,2.9500,2023-05-02,27.4000,2023-03-15,calc_daily_close,3.2240,43.0000,55.0000,60.0000,3.6540,3.7740,3.8240,partly sourced,170.0000,190.0000,250.0000,4.6500,4.8500,5.4500,partly sourced,3.8440,4.3700,3.7500,4.9200,5.4500,4.8300
2023-05-03,2.8700,2023-05-03,27.4000,2023-03-15,calc_daily_close,3.1440,43.0000,55.0000,60.0000,3.5740,3.6940,3.7440,partly sourced,170.0000,190.0000,250.0000,4.5700,4.7700,5.3700,partly sourced,3.7640,4.3700,3.7400,4.8400,5.4500,4.8200
2023-05-04,2.8800,2023-05-04,27.4000,2023-03-15,calc_daily_close,3.1540,43.0000,55.0000,60.0000,3.5840,3.7040,3.7540,partly sourced,170.0000,190.0000,250.0000,4.5800,4.7800,5.3800,partly sourced,3.6740,4.3700,3.8700,4.7500,5.4500,4.9500
2023-05-05,3.0200,2023-05-05,27.4000,2023-03-15,calc_daily_close,3.2940,43.0000,55.0000,60.0000,3.7240,3.8440,3.8940,partly sourced,170.0000,190.0000,250.0000,4.7200,4.9200,5.5200,partly sourced,3.6940,4.4000,3.8700,4.7700,5.4800,4.9500
2023-05-06,3.0200,2023-05-05,27.4000,2023-03-15,calc_daily_close,3.2940,43.0000,55.0000,60.0000,3.7240,3.8440,3.8940,partly sourced,170.0000,190.0000,250.0000,4.7200,4.9200,5.5200,partly sourced,3.7240,4.3900,3.8700,4.8000,5.4700,4.9500
2023-05-07,3.0200,2023-05-05,27.4000,2023-03-15,calc_daily_close,3.2940,43.0000,55.0000,60.0000,3.7240,3.8440,3.8940,partly sourced,170.0000,190.0000,250.0000,4.7200,4.9200,5.5200,partly sourced,3.7240,4.3200,3.9900,4.8000,5.4000,5.0700
2023-05-08,3.0800,2023-05-08,27.4000,2023-03-15,calc_daily_close,3.3540,43.0000,55.0000,60.0000,3.7840,3.9040,3.9540,partly sourced,170.0000,190.0000,250.0000,4.7800,4.9800,5.5800,partly sourced,3.7240,4.1900,4.0200,4.8000,5.2700,5.1000
2023-05-09,3.0800,2023-05-09,27.4000,2023-03-15,calc_daily_close,3.3540,43.0000,55.0000,60.0000,3.7840,3.9040,3.9540,partly sourced,170.0000,190.0000,250.0000,4.7800,4.9800,5.5800,partly sourced,3.7240,4.0100,3.9800,4.8000,5.0900,5.0600
2023-05-10,2.9900,2023-05-10,27.4000,2023-03-15,calc_daily_close,3.2640,43.0000,55.0000,60.0000,3.6940,3.8140,3.8640,partly sourced,170.0000,190.0000,250.0000,4.6900,4.8900,5.4900,partly sourced,3.8640,4.0100,4.0200,4.9400,5.0900,5.1000
2023-05-11,2.9400,2023-05-11,27.4000,2023-03-15,calc_daily_close,3.2140,43.0000,55.0000,60.0000,3.6440,3.7640,3.8140,partly sourced,170.0000,190.0000,250.0000,4.6400,4.8400,5.4400,partly sourced,3.8840,4.0100,4.1300,4.9600,5.0900,5.2100
2023-05-12,3.0000,2023-05-12,27.4000,2023-03-15,calc_daily_close,3.2740,43.0000,55.0000,60.0000,3.7040,3.8240,3.8740,partly sourced,170.0000,190.0000,250.0000,4.7000,4.9000,5.5000,partly sourced,3.8640,3.7200,4.1300,4.9400,4.8000,5.2100
2023-05-13,3.0000,2023-05-12,27.4000,2023-03-15,calc_daily_close,3.2740,43.0000,55.0000,60.0000,3.7040,3.8240,3.8740,partly sourced,170.0000,190.0000,250.0000,4.7000,4.9000,5.5000,partly sourced,3.9340,3.8300,4.1300,5.0100,4.9100,5.2100
2023-05-14,3.0000,2023-05-12,27.4000,2023-03-15,calc_daily_close,3.2740,43.0000,55.0000,60.0000,3.7040,3.8240,3.8740,partly sourced,170.0000,190.0000,250.0000,4.7000,4.9000,5.5000,partly sourced,4.0340,3.6740,4.0900,5.1100,4.7500,5.1700
2023-05-15,3.0800,2023-05-15,27.4000,2023-03-15,calc_daily_close,3.3540,43.0000,55.0000,60.0000,3.7840,3.9040,3.9540,partly sourced,170.0000,190.0000,250.0000,4.7800,4.9800,5.5800,partly sourced,4.0340,3.8740,4.2100,5.1100,4.9500,5.2900
2023-05-16,3.2100,2023-05-16,27.4000,2023-03-15,calc_daily_close,3.4840,43.0000,55.0000,60.0000,3.9140,4.0340,4.0840,partly sourced,170.0000,190.0000,250.0000,4.9100,5.1100,5.7100,partly sourced,4.0340,3.7140,4.2500,5.1100,4.7900,5.3300
2023-05-17,3.2900,2023-05-17,27.4000,2023-03-15,calc_daily_close,3.5640,43.0000,55.0000,60.0000,3.9940,4.1140,4.1640,partly sourced,170.0000,190.0000,250.0000,4.9900,5.1900,5.7900,partly sourced,4.0840,3.7140,4.2700,5.1600,4.7900,5.3500
2023-05-18,3.3600,2023-05-18,27.4000,2023-03-15,calc_daily_close,3.6340,43.0000,55.0000,60.0000,4.0640,4.1840,4.2340,partly sourced,170.0000,190.0000,250.0000,5.0600,5.2600,5.8600,partly sourced,4.0540,3.7140,4.2700,5.1300,4.7900,5.3500
2023-05-19,3.2900,2023-05-19,27.4000,2023-03-15,calc_daily_close,3.5640,43.0000,55.0000,60.0000,3.9940,4.1140,4.1640,partly sourced,170.0000,190.0000,250.0000,4.9900,5.1900,5.7900,partly sourced,4.0640,3.7840,4.2700,5.1400,4.8600,5.3500
2023-05-20,3.2900,2023-05-19,27.4000,2023-03-15,calc_daily_close,3.5640,43.0000,55.0000,60.0000,3.9940,4.1140,4.1640,partly sourced,170.0000,190.0000,250.0000,4.9900,5.1900,5.7900,partly sourced,3.9740,3.7940,4.2700,5.0500,4.8700,5.3500
2023-05-21,3.2900,2023-05-19,27.4000,2023-03-15,calc_daily_close,3.5640,43.0000,55.0000,60.0000,3.9940,4.1140,4.1640,partly sourced,170.0000,190.0000,250.0000,4.9900,5.1900,5.7900,partly sourced,3.9240,3.5940,4.2700,5.0000,4.6700,5.3500
2023-05-22,3.2900,2023-05-19,27.4000,2023-03-15,calc_daily_close,3.5640,43.0000,55.0000,60.0000,3.9940,4.1140,4.1640,partly sourced,170.0000,190.0000,250.0000,4.9900,5.1900,5.7900,partly sourced,3.9240,3.5740,4.4000,5.0000,4.6500,5.4800
2023-05-23,3.4100,2023-05-23,27.4000,2023-03-15,calc_daily_close,3.6840,43.0000,55.0000,60.0000,4.1140,4.2340,4.2840,partly sourced,170.0000,190.0000,250.0000,5.1100,5.3100,5.9100,partly sourced,3.9240,3.5940,4.3600,5.0000,4.6700,5.4400
2023-05-24,3.4600,2023-05-24,27.4000,2023-03-15,calc_daily_close,3.7340,43.0000,55.0000,60.0000,4.1640,4.2840,4.3340,partly sourced,170.0000,190.0000,250.0000,5.1600,5.3600,5.9600,partly sourced,3.9040,3.5940,4.3200,4.9800,4.6700,5.4000
2023-05-25,3.5200,2023-05-25,27.4000,2023-03-15,calc_daily_close,3.7940,43.0000,55.0000,60.0000,4.2240,4.3440,4.3940,partly sourced,170.0000,190.0000,250.0000,5.2200,5.4200,6.0200,partly sourced,3.7440,3.5940,4.4100,4.8200,4.6700,5.4900
2023-05-26,3.5700,2023-05-26,27.4000,2023-03-15,calc_daily_close,3.8440,43.0000,55.0000,60.0000,4.2740,4.3940,4.4440,partly sourced,170.0000,190.0000,250.0000,5.2700,5.4700,6.0700,partly sourced,3.8040,3.7840,4.4100,4.8800,4.8600,5.4900
2023-05-27,3.5700,2023-05-26,27.4000,2023-03-15,calc_daily_close,3.8440,43.0000,55.0000,60.0000,4.2740,4.3940,4.4440,partly sourced,170.0000,190.0000,250.0000,5.2700,5.4700,6.0700,partly sourced,3.9140,3.8240,4.4100,4.9900,4.9000,5.4900
2023-05-28,3.5700,2023-05-26,27.4000,2023-03-15,calc_daily_close,3.8440,43.0000,55.0000,60.0000,4.2740,4.3940,4.4440,partly sourced,170.0000,190.0000,250.0000,5.2700,5.4700,6.0700,partly sourced,3.7940,3.8740,4.3900,4.8700,4.9500,5.4700
2023-05-29,3.5900,2023-05-29,27.4000,2023-03-15,calc_daily_close,3.8640,43.0000,55.0000,60.0000,4.2940,4.4140,4.4640,partly sourced,170.0000,190.0000,250.0000,5.2900,5.4900,6.0900,partly sourced,3.7940,3.8840,4.3400,4.8700,4.9600,5.4200
2023-05-30,3.5000,2023-05-30,27.4000,2023-03-15,calc_daily_close,3.7740,43.0000,55.0000,60.0000,4.2040,4.3240,4.3740,partly sourced,170.0000,190.0000,250.0000,5.2000,5.4000,6.0000,partly sourced,3.7940,3.8440,4.4100,4.8700,4.9200,5.4900
2023-05-31,3.4400,2023-05-31,27.4000,2023-03-15,calc_daily_close,3.7140,43.0000,55.0000,60.0000,4.1440,4.2640,4.3140,partly sourced,170.0000,190.0000,250.0000,5.1400,5.3400,5.9400,partly sourced,3.9240,3.8440,4.4800,5.0000,4.9200,5.5600
2023-06-01,3.4100,2023-06-01,27.4000,2023-03-15,calc_daily_close,3.6840,43.0000,55.0000,60.0000,4.1140,4.2340,4.2840,partly sourced,170.0000,190.0000,250.0000,5.1100,5.3100,5.9100,partly sourced,3.7740,3.8440,4.3700,4.8500,4.9200,5.4500
2023-06-02,3.4900,2023-06-02,27.4000,2023-03-15,calc_daily_close,3.7640,43.0000,55.0000,60.0000,4.1940,4.3140,4.3640,partly sourced,170.0000,190.0000,250.0000,5.1900,5.3900,5.9900,partly sourced,3.6940,3.7640,4.3700,4.7700,4.8400,5.4500
2023-06-03,3.4900,2023-06-02,27.4000,2023-03-15,calc_daily_close,3.7640,43.0000,55.0000,60.0000,4.1940,4.3140,4.3640,partly sourced,170.0000,190.0000,250.0000,5.1900,5.3900,5.9900,partly sourced,3.7040,3.6740,4.3700,4.7800,4.7500,5.4500
2023-06-04,3.4900,2023-06-02,27.4000,2023-03-15,calc_daily_close,3.7640,43.0000,55.0000,60.0000,4.1940,4.3140,4.3640,partly sourced,170.0000,190.0000,250.0000,5.1900,5.3900,5.9900,partly sourced,3.8440,3.6940,4.4000,4.9200,4.7700,5.4800
2023-06-05,3.5200,2023-06-05,27.4000,2023-03-15,calc_daily_close,3.7940,43.0000,55.0000,60.0000,4.2240,4.3440,4.3940,partly sourced,170.0000,190.0000,250.0000,5.2200,5.4200,6.0200,partly sourced,3.8440,3.7240,4.3900,4.9200,4.8000,5.4700
2023-06-06,3.5500,2023-06-06,27.4000,2023-03-15,calc_daily_close,3.8240,43.0000,55.0000,60.0000,4.2540,4.3740,4.4240,partly sourced,170.0000,190.0000,250.0000,5.2500,5.4500,6.0500,partly sourced,3.8440,3.7240,4.3200,4.9200,4.8000,5.4000
2023-06-07,3.7300,2023-06-07,27.4000,2023-03-15,calc_daily_close,4.0040,43.0000,55.0000,60.0000,4.4340,4.5540,4.6040,partly sourced,170.0000,190.0000,250.0000,5.4300,5.6300,6.2300,partly sourced,3.9040,3.7240,4.1900,4.9800,4.8000,5.2700
2023-06-08,3.7000,2023-06-08,27.4000,2023-03-15,calc_daily_close,3.9740,43.0000,55.0000,60.0000,4.4040,4.5240,4.5740,partly sourced,170.0000,190.0000,250.0000,5.4000,5.6000,6.2000,partly sourced,3.9040,3.7240,4.0100,4.9800,4.8000,5.0900
2023-06-09,3.6800,2023-06-09,27.4000,2023-03-15,calc_daily_close,3.9540,43.0000,55.0000,60.0000,4.3840,4.5040,4.5540,partly sourced,170.0000,190.0000,250.0000,5.3800,5.5800,6.1800,partly sourced,3.8140,3.8640,4.0100,4.8900,4.9400,5.0900
2023-06-10,3.6800,2023-06-09,27.4000,2023-03-15,calc_daily_close,3.9540,43.0000,55.0000,60.0000,4.3840,4.5040,4.5540,partly sourced,170.0000,190.0000,250.0000,5.3800,5.5800,6.1800,partly sourced,3.7640,3.8840,4.0100,4.8400,4.9600,5.0900
2023-06-11,3.6800,2023-06-09,27.4000,2023-03-15,calc_daily_close,3.9540,43.0000,55.0000,60.0000,4.3840,4.5040,4.5540,partly sourced,170.0000,190.0000,250.0000,5.3800,5.5800,6.1800,partly sourced,3.8240,3.8640,3.7200,4.9000,4.9400,4.8000
2023-06-12,3.6400,2023-06-12,27.4000,2023-03-15,calc_daily_close,3.9140,43.0000,55.0000,60.0000,4.3440,4.4640,4.5140,partly sourced,170.0000,190.0000,250.0000,5.3400,5.5400,6.1400,partly sourced,3.8240,3.9340,3.8300,4.9000,5.0100,4.9100
2023-06-13,3.7600,2023-06-13,27.4000,2023-03-15,calc_daily_close,4.0340,43.0000,55.0000,60.0000,4.4640,4.5840,4.6340,partly sourced,170.0000,190.0000,250.0000,5.4600,5.6600,6.2600,partly sourced,3.8240,4.0340,3.6740,4.9000,5.1100,4.7500
2023-06-14,3.7200,2023-06-14,23.7000,2023-06-14,calc_daily_close,3.9570,43.0000,55.0000,60.0000,4.3870,4.5070,4.5570,partly sourced,170.0000,190.0000,250.0000,5.4200,5.6200,6.2200,partly sourced,3.9040,4.0340,3.8740,4.9800,5.1100,4.9500
2023-06-15,3.6400,2023-06-15,23.7000,2023-06-14,calc_daily_close,3.8770,43.0000,55.0000,60.0000,4.3070,4.4270,4.4770,partly sourced,170.0000,190.0000,250.0000,5.3400,5.5400,6.1400,partly sourced,4.0340,4.0340,3.7140,5.1100,5.1100,4.7900
2023-06-16,3.6800,2023-06-16,23.7000,2023-06-14,calc_daily_close,3.9170,43.0000,55.0000,60.0000,4.3470,4.4670,4.5170,partly sourced,170.0000,190.0000,250.0000,5.3800,5.5800,6.1800,partly sourced,4.1140,4.0840,3.7140,5.1900,5.1600,4.7900
2023-06-17,3.6800,2023-06-16,23.7000,2023-06-14,calc_daily_close,3.9170,43.0000,55.0000,60.0000,4.3470,4.4670,4.5170,partly sourced,170.0000,190.0000,250.0000,5.3800,5.5800,6.1800,partly sourced,4.1840,4.0540,3.7140,5.2600,5.1300,4.7900
2023-06-18,3.6800,2023-06-16,23.7000,2023-06-14,calc_daily_close,3.9170,43.0000,55.0000,60.0000,4.3470,4.4670,4.5170,partly sourced,170.0000,190.0000,250.0000,5.3800,5.5800,6.1800,partly sourced,4.1140,4.0640,3.7840,5.1900,5.1400,4.8600
2023-06-19,3.7500,2023-06-19,23.7000,2023-06-14,calc_daily_close,3.9870,43.0000,55.0000,60.0000,4.4170,4.5370,4.5870,partly sourced,170.0000,190.0000,250.0000,5.4500,5.6500,6.2500,partly sourced,4.1140,3.9740,3.7940,5.1900,5.0500,4.8700
2023-06-20,3.6900,2023-06-20,23.7000,2023-06-14,calc_daily_close,3.9270,43.0000,55.0000,60.0000,4.3570,4.4770,4.5270,partly sourced,170.0000,190.0000,250.0000,5.3900,5.5900,6.1900,partly sourced,4.1140,3.9240,3.5940,5.1900,5.0000,4.6700
2023-06-21,3.7400,2023-06-21,23.7000,2023-06-14,calc_daily_close,3.9770,43.0000,55.0000,60.0000,4.4070,4.5270,4.5770,partly sourced,170.0000,190.0000,250.0000,5.4400,5.6400,6.2400,partly sourced,4.1140,3.9240,3.5740,5.1900,5.0000,4.6500
2023-06-22,3.8400,2023-06-22,23.7000,2023-06-14,calc_daily_close,4.0770,43.0000,55.0000,60.0000,4.5070,4.6270,4.6770,partly sourced,170.0000,190.0000,250.0000,5.5400,5.7400,6.3400,partly sourced,4.2340,3.9240,3.5940,5.3100,5.0000,4.6700
2023-06-23,3.7600,2023-06-23,23.7000,2023-06-14,calc_daily_close,3.9970,43.0000,55.0000,60.0000,4.4270,4.5470,4.5970,partly sourced,170.0000,190.0000,250.0000,5.4600,5.6600,6.2600,partly sourced,4.2840,3.9040,3.5940,5.3600,4.9800,4.6700
2023-06-24,3.7600,2023-06-23,23.7000,2023-06-14,calc_daily_close,3.9970,43.0000,55.0000,60.0000,4.4270,4.5470,4.5970,partly sourced,170.0000,190.0000,250.0000,5.4600,5.6600,6.2600,partly sourced,4.3440,3.7440,3.5940,5.4200,4.8200,4.6700
2023-06-25,3.7600,2023-06-23,23.7000,2023-06-14,calc_daily_close,3.9970,43.0000,55.0000,60.0000,4.4270,4.5470,4.5970,partly sourced,170.0000,190.0000,250.0000,5.4600,5.6600,6.2600,partly sourced,4.3940,3.8040,3.7840,5.4700,4.8800,4.8600
2023-06-26,3.7000,2023-06-26,23.7000,2023-06-14,calc_daily_close,3.9370,43.0000,55.0000,60.0000,4.3670,4.4870,4.5370,partly sourced,170.0000,190.0000,250.0000,5.4000,5.6000,6.2000,partly sourced,4.3940,3.9140,3.8240,5.4700,4.9900,4.9000
2023-06-27,3.6900,2023-06-27,23.7000,2023-06-14,calc_daily_close,3.9270,43.0000,55.0000,60.0000,4.3570,4.4770,4.5270,partly sourced,170.0000,190.0000,250.0000,5.3900,5.5900,6.1900,partly sourced,4.3940,3.7940,3.8740,5.4700,4.8700,4.9500
2023-06-28,3.6100,2023-06-28,23.7000,2023-06-14,calc_daily_close,3.8470,43.0000,55.0000,60.0000,4.2770,4.3970,4.4470,partly sourced,170.0000,190.0000,250.0000,5.3100,5.5100,6.1100,partly sourced,4.4140,3.7940,3.8840,5.4900,4.8700,4.9600
2023-06-29,3.7800,2023-06-29,23.7000,2023-06-14,calc_daily_close,4.0170,43.0000,55.0000,60.0000,4.4470,4.5670,4.6170,partly sourced,170.0000,190.0000,250.0000,5.4800,5.6800,6.2800,partly sourced,4.3240,3.7940,3.8440,5.4000,4.8700,4.9200
2023-06-30,3.6800,2023-06-30,23.7000,2023-06-14,calc_daily_close,3.9170,43.0000,55.0000,60.0000,4.3470,4.4670,4.5170,partly sourced,170.0000,190.0000,250.0000,5.3800,5.5800,6.1800,partly sourced,4.2640,3.9240,3.8440,5.3400,5.0000,4.9200
2023-07-01,3.6800,2023-06-30,23.7000,2023-06-14,calc_daily_close,3.9170,43.0000,55.0000,60.0000,4.3470,4.4670,4.5170,partly sourced,170.0000,190.0000,250.0000,5.3800,5.5800,6.1800,partly sourced,4.2340,3.7740,3.8440,5.3100,4.8500,4.9200
2023-07-02,3.6800,2023-06-30,23.7000,2023-06-14,calc_daily_close,3.9170,43.0000,55.0000,60.0000,4.3470,4.4670,4.5170,partly sourced,170.0000,190.0000,250.0000,5.3800,5.5800,6.1800,partly sourced,4.3140,3.6940,3.7640,5.3900,4.7700,4.8400
2023-07-03,3.6800,2023-06-30,23.7000,2023-06-14,calc_daily_close,3.9170,43.0000,55.0000,60.0000,4.3470,4.4670,4.5170,partly sourced,170.0000,190.0000,250.0000,5.3800,5.5800,6.1800,partly sourced,4.3140,3.7040,3.6740,5.3900,4.7800,4.7500
2023-07-04,3.7400,2023-07-04,23.7000,2023-06-14,calc_daily_close,3.9770,43.0000,55.0000,60.0000,4.4070,4.5270,4.5770,sourced,170.0000,190.0000,250.0000,5.4400,5.6400,6.2400,sourced,4.3140,3.8440,3.6940,5.3900,4.9200,4.7700
2023-07-05,3.8200,2023-07-05,23.7000,2023-06-14,calc_daily_close,4.0570,43.0000,55.0000,60.0000,4.4870,4.6070,4.6570,sourced,170.0000,190.0000,250.0000,5.5200,5.7200,6.3200,sourced,4.3440,3.8440,3.7240,5.4200,4.9200,4.8000
2023-07-06,3.9100,2023-07-06,23.7000,2023-06-14,calc_daily_close,4.1470,43.0000,55.0000,60.0000,4.5770,4.6970,4.7470,sourced,170.0000,190.0000,250.0000,5.6100,5.8100,6.4100,sourced,4.3740,3.8440,3.7240,5.4500,4.9200,4.8000
2023-07-07,3.9800,2023-07-07,23.7000,2023-06-14,calc_daily_close,4.2170,43.0000,55.0000,60.0000,4.6470,4.7670,4.8170,sourced,170.0000,190.0000,250.0000,5.6800,5.8800,6.4800,sourced,4.5540,3.9040,3.7240,5.6300,4.9800,4.8000
2023-07-08,3.9800,2023-07-07,23.7000,2023-06-14,calc_daily_close,4.2170,43.0000,55.0000,60.0000,4.6470,4.7670,4.8170,sourced,170.0000,190.0000,250.0000,5.6800,5.8800,6.4800,sourced,4.5240,3.9040,3.7240,5.6000,4.9800,4.8000
2023-07-09,3.9800,2023-07-07,23.7000,2023-06-14,calc_daily_close,4.2170,43.0000,55.0000,60.0000,4.6470,4.7670,4.8170,sourced,170.0000,190.0000,250.0000,5.6800,5.8800,6.4800,sourced,4.5040,3.8140,3.8640,5.5800,4.8900,4.9400
2023-07-10,3.9100,2023-07-10,23.7000,2023-06-14,calc_daily_close,4.1470,43.0000,55.0000,60.0000,4.5770,4.6970,4.7470,sourced,170.0000,190.0000,250.0000,5.6100,5.8100,6.4100,sourced,4.5040,3.7640,3.8840,5.5800,4.8400,4.9600
2023-07-11,3.9500,2023-07-11,23.7000,2023-06-14,calc_daily_close,4.1870,43.0000,55.0000,60.0000,4.6170,4.7370,4.7870,sourced,170.0000,190.0000,250.0000,5.6500,5.8500,6.4500,sourced,4.5040,3.8240,3.8640,5.5800,4.9000,4.9400
2023-07-12,3.8100,2023-07-12,23.7000,2023-06-14,calc_daily_close,4.0470,43.0000,55.0000,60.0000,4.4770,4.5970,4.6470,sourced,170.0000,190.0000,250.0000,5.5100,5.7100,6.3100,sourced,4.4640,3.8240,3.9340,5.5400,4.9000,5.0100
2023-07-13,3.7100,2023-07-13,23.7000,2023-06-14,calc_daily_close,3.9470,43.0000,55.0000,60.0000,4.3770,4.4970,4.5470,sourced,170.0000,190.0000,250.0000,5.4100,5.6100,6.2100,sourced,4.5840,3.8240,4.0340,5.6600,4.9000,5.1100
2023-07-14,3.7600,2023-07-14,23.7000,2023-06-14,calc_daily_close,3.9970,43.0000,55.0000,60.0000,4.4270,4.5470,4.5970,sourced,170.0000,190.0000,250.0000,5.4600,5.6600,6.2600,sourced,4.5070,3.9040,4.0340,5.6200,4.9800,5.1100
2023-07-15,3.7600,2023-07-14,23.7000,2023-06-14,calc_daily_close,3.9970,43.0000,55.0000,60.0000,4.4270,4.5470,4.5970,sourced,170.0000,190.0000,250.0000,5.4600,5.6600,6.2600,sourced,4.4270,4.0340,4.0340,5.5400,5.1100,5.1100
2023-07-16,3.7600,2023-07-14,23.7000,2023-06-14,calc_daily_close,3.9970,43.0000,55.0000,60.0000,4.4270,4.5470,4.5970,sourced,170.0000,190.0000,250.0000,5.4600,5.6600,6.2600,sourced,4.4670,4.1140,4.0840,5.5800,5.1900,5.1600
2023-07-17,3.8000,2023-07-17,23.7000,2023-06-14,calc_daily_close,4.0370,43.0000,55.0000,60.0000,4.4670,4.5870,4.6370,sourced,170.0000,190.0000,250.0000,5.5000,5.7000,6.3000,sourced,4.4670,4.1840,4.0540,5.5800,5.2600,5.1300
2023-07-18,3.7600,2023-07-18,23.7000,2023-06-14,calc_daily_close,3.9970,43.0000,55.0000,60.0000,4.4270,4.5470,4.5970,sourced,170.0000,190.0000,250.0000,5.4600,5.6600,6.2600,sourced,4.4670,4.1140,4.0640,5.5800,5.1900,5.1400
2023-07-19,3.7400,2023-07-19,23.7000,2023-06-14,calc_daily_close,3.9770,43.0000,55.0000,60.0000,4.4070,4.5270,4.5770,sourced,170.0000,190.0000,250.0000,5.4400,5.6400,6.2400,sourced,4.5370,4.1140,3.9740,5.6500,5.1900,5.0500
2023-07-20,3.8600,2023-07-20,23.7000,2023-06-14,calc_daily_close,4.0970,43.0000,55.0000,60.0000,4.5270,4.6470,4.6970,sourced,170.0000,190.0000,250.0000,5.5600,5.7600,6.3600,sourced,4.4770,4.1140,3.9240,5.5900,5.1900,5.0000
2023-07-21,3.8100,2023-07-21,23.7000,2023-06-14,calc_daily_close,4.0470,43.0000,55.0000,60.0000,4.4770,4.5970,4.6470,sourced,170.0000,190.0000,250.0000,5.5100,5.7100,6.3100,sourced,4.5270,4.1140,3.9240,5.6400,5.1900,5.0000
2023-07-22,3.8100,2023-07-21,23.7000,2023-06-14,calc_daily_close,4.0470,43.0000,55.0000,60.0000,4.4770,4.5970,4.6470,sourced,170.0000,190.0000,250.0000,5.5100,5.7100,6.3100,sourced,4.6270,4.2340,3.9240,5.7400,5.3100,5.0000
2023-07-23,3.8100,2023-07-21,23.7000,2023-06-14,calc_daily_close,4.0470,43.0000,55.0000,60.0000,4.4770,4.5970,4.6470,sourced,170.0000,190.0000,250.0000,5.5100,5.7100,6.3100,sourced,4.5470,4.2840,3.9040,5.6600,5.3600,4.9800
2023-07-24,3.9000,2023-07-24,23.7000,2023-06-14,calc_daily_close,4.1370,43.0000,55.0000,60.0000,4.5670,4.6870,4.7370,sourced,170.0000,190.0000,250.0000,5.6000,5.8000,6.4000,sourced,4.5470,4.3440,3.7440,5.6600,5.4200,4.8200
2023-07-25,3.9300,2023-07-25,23.7000,2023-06-14,calc_daily_close,4.1670,43.0000,55.0000,60.0000,4.5970,4.7170,4.7670,sourced,170.0000,190.0000,250.0000,5.6300,5.8300,6.4300,sourced,4.5470,4.3940,3.8040,5.6600,5.4700,4.8800
2023-07-26,3.8500,2023-07-26,23.7000,2023-06-14,calc_daily_close,4.0870,43.0000,55.0000,60.0000,4.5170,4.6370,4.6870,sourced,170.0000,190.0000,250.0000,5.5500,5.7500,6.3500,sourced,4.4870,4.3940,3.9140,5.6000,5.4700,4.9900
2023-07-27,4.0000,2023-07-27,23.7000,2023-06-14,calc_daily_close,4.2370,43.0000,55.0000,60.0000,4.6670,4.7870,4.8370,sourced,170.0000,190.0000,250.0000,5.7000,5.9000,6.5000,sourced,4.4770,4.3940,3.7940,5.5900,5.4700,4.8700
2023-07-28,3.9200,2023-07-28,23.7000,2023-06-14,calc_daily_close,4.1570,43.0000,55.0000,60.0000,4.5870,4.7070,4.7570,sourced,170.0000,190.0000,250.0000,5.6200,5.8200,6.4200,sourced,4.3970,4.4140,3.7940,5.5100,5.4900,4.8700
2023-07-29,3.9200,2023-07-28,23.7000,2023-06-14,calc_daily_close,4.1570,43.0000,55.0000,60.0000,4.5870,4.7070,4.7570,sourced,170.0000,190.0000,250.0000,5.6200,5.8200,6.4200,sourced,4.5670,4.3240,3.7940,5.6800,5.4000,4.8700
2023-07-30,3.9200,2023-07-28,23.7000,2023-06-14,calc_daily_close,4.1570,43.0000,55.0000,60.0000,4.5870,4.7070,4.7570,sourced,170.0000,190.0000,250.0000,5.6200,5.8200,6.4200,sourced,4.4670,4.2640,3.9240,5.5800,5.3400,5.0000
2023-07-31,3.9000,2023-07-31,23.7000,2023-06-14,calc_daily_close,4.1370,43.0000,55.0000,60.0000,4.5670,4.6870,4.7370,sourced,170.0000,190.0000,250.0000,5.6000,5.8000,6.4000,sourced,4.4670,4.2340,3.7740,5.5800,5.3100,4.8500
2023-08-01,3.9800,2023-08-01,23.7000,2023-06-14,calc_daily_close,4.2170,43.0000,55.0000,60.0000,4.6470,4.7670,4.8170,sourced,170.0000,190.0000,250.0000,5.6800,5.8800,6.4800,sourced,4.4670,4.3140,3.6940,5.5800,5.3900,4.7700
2023-08-02,3.9700,2023-08-02,23.7000,2023-06-14,calc_daily_close,4.2070,43.0000,55.0000,60.0000,4.6370,4.7570,4.8070,sourced,170.0000,190.0000,250.0000,5.6700,5.8700,6.4700,sourced,4.4670,4.3140,3.7040,5.5800,5.3900,4.7800
2023-08-03,4.0400,2023-08-03,23.7000,2023-06-14,calc_daily_close,4.2770,43.0000,55.0000,60.0000,4.7070,4.8270,4.8770,sourced,170.0000,190.0000,250.0000,5.7400,5.9400,6.5400,sourced,4.5270,4.3140,3.8440,5.6400,5.3900,4.9200
2023-08-04,3.8700,2023-08-04,23.7000,2023-06-14,calc_daily_close,4.1070,43.0000,55.0000,60.0000,4.5370,4.6570,4.7070,sourced,170.0000,190.0000,250.0000,5.5700,5.7700,6.3700,sourced,4.6070,4.3440,3.8440,5.7200,5.4200,4.9200
2023-08-05,3.8700,2023-08-04,23.7000,2023-06-14,calc_daily_close,4.1070,43.0000,55.0000,60.0000,4.5370,4.6570,4.7070,sourced,170.0000,190.0000,250.0000,5.5700,5.7700,6.3700,sourced,4.6970,4.3740,3.8440,5.8100,5.4500,4.9200
2023-08-06,3.8700,2023-08-04,23.7000,2023-06-14,calc_daily_close,4.1070,43.0000,55.0000,60.0000,4.5370,4.6570,4.7070,sourced,170.0000,190.0000,250.0000,5.5700,5.7700,6.3700,sourced,4.7670,4.5540,3.9040,5.8800,5.6300,4.9800
2023-08-07,3.8700,2023-08-04,23.7000,2023-06-14,calc_daily_close,4.1070,43.0000,55.0000,60.0000,4.5370,4.6570,4.7070,sourced,170.0000,190.0000,250.0000,5.5700,5.7700,6.3700,sourced,4.7670,4.5240,3.9040,5.8800,5.6000,4.9800
2023-08-08,3.8300,2023-08-08,23.7000,2023-06-14,calc_daily_close,4.0670,43.0000,55.0000,60.0000,4.4970,4.6170,4.6670,sourced,170.0000,190.0000,250.0000,5.5300,5.7300,6.3300,sourced,4.7670,4.5040,3.8140,5.8800,5.5800,4.8900
2023-08-09,3.8600,2023-08-09,23.7000,2023-06-14,calc_daily_close,4.0970,43.0000,55.0000,60.0000,4.5270,4.6470,4.6970,sourced,170.0000,190.0000,250.0000,5.5600,5.7600,6.3600,sourced,4.6970,4.5040,3.7640,5.8100,5.5800,4.8400
2023-08-10,3.9300,2023-08-10,23.7000,2023-06-14,calc_daily_close,4.1670,43.0000,55.0000,60.0000,4.5970,4.7170,4.7670,sourced,170.0000,190.0000,250.0000,5.6300,5.8300,6.4300,sourced,4.7370,4.5040,3.8240,5.8500,5.5800,4.9000
2023-08-11,3.9900,2023-08-11,23.7000,2023-06-14,calc_daily_close,4.2270,43.0000,55.0000,60.0000,4.6570,4.7770,4.8270,sourced,170.0000,190.0000,250.0000,5.6900,5.8900,6.4900,sourced,4.5970,4.4640,3.8240,5.7100,5.5400,4.9000
2023-08-12,3.9900,2023-08-11,23.7000,2023-06-14,calc_daily_close,4.2270,43.0000,55.0000,60.0000,4.6570,4.7770,4.8270,sourced,170.0000,190.0000,250.0000,5.6900,5.8900,6.4900,sourced,4.4970,4.5840,3.8240,5.6100,5.6600,4.9000
2023-08-13,3.9900,2023-08-11,23.7000,2023-06-14,calc_daily_close,4.2270,43.0000,55.0000,60.0000,4.6570,4.7770,4.8270,sourced,170.0000,190.0000,250.0000,5.6900,5.8900,6.4900,sourced,4.5470,4.5070,3.9040,5.6600,5.6200,4.9800
2023-08-14,4.0300,2023-08-14,23.7000,2023-06-14,calc_daily_close,4.2670,43.0000,55.0000,60.0000,4.6970,4.8170,4.8670,sourced,170.0000,190.0000,250.0000,5.7300,5.9300,6.5300,sourced,4.5470,4.4270,4.0340,5.6600,5.5400,5.1100
2023-08-15,4.1000,2023-08-15,23.7000,2023-06-14,calc_daily_close,4.3370,43.0000,55.0000,60.0000,4.7670,4.8870,4.9370,sourced,170.0000,190.0000,250.0000,5.8000,6.0000,6.6000,sourced,4.5470,4.4670,4.1140,5.6600,5.5800,5.1900
2023-08-16,4.1200,2023-08-16,23.7000,2023-06-14,calc_daily_close,4.3570,43.0000,55.0000,60.0000,4.7870,4.9070,4.9570,sourced,170.0000,190.0000,250.0000,5.8200,6.0200,6.6200,sourced,4.5870,4.4670,4.1840,5.7000,5.5800,5.2600
2023-08-17,4.1300,2023-08-17,23.7000,2023-06-14,calc_daily_close,4.3670,43.0000,55.0000,60.0000,4.7970,4.9170,4.9670,sourced,170.0000,190.0000,250.0000,5.8300,6.0300,6.6300,sourced,4.5470,4.4670,4.1140,5.6600,5.5800,5.1900
2023-08-18,4.0800,2023-08-18,23.7000,2023-06-14,calc_daily_close,4.3170,43.0000,55.0000,60.0000,4.7470,4.8670,4.9170,sourced,170.0000,190.0000,250.0000,5.7800,5.9800,6.5800,sourced,4.5270,4.5370,4.1140,5.6400,5.6500,5.1900
2023-08-19,4.0800,2023-08-18,23.7000,2023-06-14,calc_daily_close,4.3170,43.0000,55.0000,60.0000,4.7470,4.8670,4.9170,sourced,170.0000,190.0000,250.0000,5.7800,5.9800,6.5800,sourced,4.6470,4.4770,4.1140,5.7600,5.5900,5.1900
2023-08-20,4.0800,2023-08-18,23.7000,2023-06-14,calc_daily_close,4.3170,43.0000,55.0000,60.0000,4.7470,4.8670,4.9170,sourced,170.0000,190.0000,250.0000,5.7800,5.9800,6.5800,sourced,4.5970,4.5270,4.1140,5.7100,5.6400,5.1900
2023-08-21,4.1400,2023-08-21,23.7000,2023-06-14,calc_daily_close,4.3770,43.0000,55.0000,60.0000,4.8070,4.9270,4.9770,sourced,170.0000,190.0000,250.0000,5.8400,6.0400,6.6400,sourced,4.5970,4.6270,4.2340,5.7100,5.7400,5.3100
2023-08-22,4.1800,2023-08-22,23.7000,2023-06-14,calc_daily_close,4.4170,43.0000,55.0000,60.0000,4.8470,4.9670,5.0170,sourced,170.0000,190.0000,250.0000,5.8800,6.0800,6.6800,sourced,4.5970,4.5470,4.2840,5.7100,5.6600,5.3600
2023-08-23,4.0200,2023-08-23,23.7000,2023-06-14,calc_daily_close,4.2570,43.0000,55.0000,60.0000,4.6870,4.8070,4.8570,sourced,170.0000,190.0000,250.0000,5.7200,5.9200,6.5200,sourced,4.6870,4.5470,4.3440,5.8000,5.6600,5.4200
2023-08-24,4.0800,2023-08-24,23.7000,2023-06-14,calc_daily_close,4.3170,43.0000,55.0000,60.0000,4.7470,4.8670,4.9170,sourced,170.0000,190.0000,250.0000,5.7800,5.9800,6.5800,sourced,4.7170,4.5470,4.3940,5.8300,5.6600,5.4700
2023-08-25,4.0400,2023-08-25,23.7000,2023-06-14,calc_daily_close,4.2770,43.0000,55.0000,60.0000,4.7070,4.8270,4.8770,sourced,170.0000,190.0000,250.0000,5.7400,5.9400,6.5400,sourced,4.6370,4.4870,4.3940,5.7500,5.6000,5.4700
2023-08-26,4.0400,2023-08-25,23.7000,2023-06-14,calc_daily_close,4.2770,43.0000,55.0000,60.0000,4.7070,4.8270,4.8770,sourced,170.0000,190.0000,250.0000,5.7400,5.9400,6.5400,sourced,4.7870,4.4770,4.3940,5.9000,5.5900,5.4700
2023-08-27,4.0400,2023-08-25,23.7000,2023-06-14,calc_daily_close,4.2770,43.0000,55.0000,60.0000,4.7070,4.8270,4.8770,sourced,170.0000,190.0000,250.0000,5.7400,5.9400,6.5400,sourced,4.7070,4.3970,4.4140,5.8200,5.5100,5.4900
2023-08-28,4.0200,2023-08-28,23.7000,2023-06-14,calc_daily_close,4.2570,43.0000,55.0000,60.0000,4.6870,4.8070,4.8570,sourced,170.0000,190.0000,250.0000,5.7200,5.9200,6.5200,sourced,4.7070,4.5670,4.3240,5.8200,5.6800,5.4000
2023-08-29,3.9200,2023-08-29,23.7000,2023-06-14,calc_daily_close,4.1570,43.0000,55.0000,60.0000,4.5870,4.7070,4.7570,sourced,170.0000,190.0000,250.0000,5.6200,5.8200,6.4200,sourced,4.7070,4.4670,4.2640,5.8200,5.5800,5.3400
2023-08-30,3.9000,2023-08-30,23.7000,2023-06-14,calc_daily_close,4.1370,43.0000,55.0000,60.0000,4.5670,4.6870,4.7370,sourced,170.0000,190.0000,250.0000,5.6000,5.8000,6.4000,sourced,4.6870,4.4670,4.2340,5.8000,5.5800,5.3100
2023-08-31,3.8900,2023-08-31,23.7000,2023-06-14,calc_daily_close,4.1270,43.0000,55.0000,60.0000,4.5570,4.6770,4.7270,sourced,170.0000,190.0000,250.0000,5.5900,5.7900,6.3900,sourced,4.7670,4.4670,4.3140,5.8800,5.5800,5.3900
2023-09-01,3.8300,2023-09-01,23.7000,2023-06-14,calc_daily_close,4.0670,43.0000,55.0000,60.0000,4.4970,4.6170,4.6670,sourced,170.0000,190.0000,250.0000,5.5300,5.7300,6.3300,sourced,4.7570,4.4670,4.3140,5.8700,5.5800,5.3900
2023-09-02,3.8300,2023-09-01,23.7000,2023-06-14,calc_daily_close,4.0670,43.0000,55.0000,60.0000,4.4970,4.6170,4.6670,sourced,170.0000,190.0000,250.0000,5.5300,5.7300,6.3300,sourced,4.8270,4.5270,4.3140,5.9400,5.6400,5.3900
2023-09-03,3.8300,2023-09-01,23.7000,2023-06-14,calc_daily_close,4.0670,43.0000,55.0000,60.0000,4.4970,4.6170,4.6670,sourced,170.0000,190.0000,250.0000,5.5300,5.7300,6.3300,sourced,4.6570,4.6070,4.3440,5.7700,5.7200,5.4200
2023-09-04,3.8300,2023-09-01,23.7000,2023-06-14,calc_daily_close,4.0670,43.0000,55.0000,60.0000,4.4970,4.6170,4.6670,sourced,170.0000,190.0000,250.0000,5.5300,5.7300,6.3300,sourced,4.6570,4.6970,4.3740,5.7700,5.8100,5.4500
2023-09-05,3.9400,2023-09-05,23.7000,2023-06-14,calc_daily_close,4.1770,43.0000,55.0000,60.0000,4.6070,4.7270,4.7770,sourced,170.0000,190.0000,250.0000,5.6400,5.8400,6.4400,sourced,4.6570,4.7670,4.5540,5.7700,5.8800,5.6300
2023-09-06,3.9700,2023-09-06,23.7000,2023-06-14,calc_daily_close,4.2070,43.0000,55.0000,60.0000,4.6370,4.7570,4.8070,sourced,170.0000,190.0000,250.0000,5.6700,5.8700,6.4700,sourced,4.6570,4.7670,4.5240,5.7700,5.8800,5.6000
2023-09-07,3.9200,2023-09-07,23.7000,2023-06-14,calc_daily_close,4.1570,43.0000,55.0000,60.0000,4.5870,4.7070,4.7570,sourced,170.0000,190.0000,250.0000,5.6200,5.8200,6.4200,sourced,4.6170,4.7670,4.5040,5.7300,5.8800,5.5800
2023-09-08,3.9600,2023-09-08,23.7000,2023-06-14,calc_daily_close,4.1970,43.0000,55.0000,60.0000,4.6270,4.7470,4.7970,sourced,170.0000,190.0000,250.0000,5.6600,5.8600,6.4600,sourced,4.6470,4.6970,4.5040,5.7600,5.8100,5.5800
2023-09-09,3.9600,2023-09-08,23.7000,2023-06-14,calc_daily_close,4.1970,43.0000,55.0000,60.0000,4.6270,4.7470,4.7970,sourced,170.0000,190.0000,250.0000,5.6600,5.8600,6.4600,sourced,4.7170,4.7370,4.5040,5.8300,5.8500,5.5800
2023-09-10,3.9600,2023-09-08,23.7000,2023-06-14,calc_daily_close,4.1970,43.0000,55.0000,60.0000,4.6270,4.7470,4.7970,sourced,170.0000,190.0000,250.0000,5.6600,5.8600,6.4600,sourced,4.7770,4.5970,4.4640,5.8900,5.7100,5.5400
2023-09-11,3.9600,2023-09-11,23.7000,2023-06-14,calc_daily_close,4.1970,43.0000,55.0000,60.0000,4.6270,4.7470,4.7970,sourced,170.0000,190.0000,250.0000,5.6600,5.8600,6.4600,sourced,4.7770,4.4970,4.5840,5.8900,5.6100,5.6600
2023-09-12,3.9700,2023-09-12,23.7000,2023-06-14,calc_daily_close,4.2070,43.0000,55.0000,60.0000,4.6370,4.7570,4.8070,sourced,170.0000,190.0000,250.0000,5.6700,5.8700,6.4700,sourced,4.7770,4.5470,4.5070,5.8900,5.6600,5.6200
2023-09-13,3.9600,2023-09-13,23.7000,2023-06-14,calc_daily_close,4.1970,43.0000,55.0000,60.0000,4.6270,4.7470,4.7970,sourced,170.0000,190.0000,250.0000,5.6600,5.8600,6.4600,sourced,4.8170,4.5470,4.4270,5.9300,5.6600,5.5400
2023-09-14,3.9600,2023-09-14,23.7000,2023-06-14,calc_daily_close,4.1970,43.0000,55.0000,60.0000,4.6270,4.7470,4.7970,sourced,170.0000,190.0000,250.0000,5.6600,5.8600,6.4600,sourced,4.8870,4.5470,4.4670,6.0000,5.6600,5.5800
2023-09-15,4.0200,2023-09-15,25.5000,2023-09-15,calc_daily_close,4.2750,43.0000,55.0000,60.0000,4.7050,4.8250,4.8750,sourced,170.0000,190.0000,250.0000,5.7200,5.9200,6.5200,sourced,4.9070,4.5870,4.4670,6.0200,5.7000,5.5800
2023-09-16,4.0200,2023-09-15,25.5000,2023-09-15,calc_daily_close,4.2750,43.0000,55.0000,60.0000,4.7050,4.8250,4.8750,sourced,170.0000,190.0000,250.0000,5.7200,5.9200,6.5200,sourced,4.9170,4.5470,4.4670,6.0300,5.6600,5.5800
2023-09-17,4.0200,2023-09-15,25.5000,2023-09-15,calc_daily_close,4.2750,43.0000,55.0000,60.0000,4.7050,4.8250,4.8750,sourced,170.0000,190.0000,250.0000,5.7200,5.9200,6.5200,sourced,4.8670,4.5270,4.5370,5.9800,5.6400,5.6500
2023-09-18,4.0400,2023-09-18,25.5000,2023-09-15,calc_daily_close,4.2950,43.0000,55.0000,60.0000,4.7250,4.8450,4.8950,sourced,170.0000,190.0000,250.0000,5.7400,5.9400,6.5400,sourced,4.8670,4.6470,4.4770,5.9800,5.7600,5.5900
2023-09-19,4.1800,2023-09-19,25.5000,2023-09-15,calc_daily_close,4.4350,43.0000,55.0000,60.0000,4.8650,4.9850,5.0350,sourced,170.0000,190.0000,250.0000,5.8800,6.0800,6.6800,sourced,4.8670,4.5970,4.5270,5.9800,5.7100,5.6400
2023-09-20,4.2000,2023-09-20,25.5000,2023-09-15,calc_daily_close,4.4550,43.0000,55.0000,60.0000,4.8850,5.0050,5.0550,sourced,170.0000,190.0000,250.0000,5.9000,6.1000,6.7000,sourced,4.9270,4.5970,4.6270,6.0400,5.7100,5.7400
2023-09-21,4.2500,2023-09-21,25.5000,2023-09-15,calc_daily_close,4.5050,43.0000,55.0000,60.0000,4.9350,5.0550,5.1050,sourced,170.0000,190.0000,250.0000,5.9500,6.1500,6.7500,sourced,4.9670,4.5970,4.5470,6.0800,5.7100,5.6600
2023-09-22,4.2100,2023-09-22,25.5000,2023-09-15,calc_daily_close,4.4650,43.0000,55.0000,60.0000,4.8950,5.0150,5.0650,sourced,170.0000,190.0000,250.0000,5.9100,6.1100,6.7100,sourced,4.8070,4.6870,4.5470,5.9200,5.8000,5.6600
2023-09-23,4.2100,2023-09-22,25.5000,2023-09-15,calc_daily_close,4.4650,43.0000,55.0000,60.0000,4.8950,5.0150,5.0650,sourced,170.0000,190.0000,250.0000,5.9100,6.1100,6.7100,sourced,4.8670,4.7170,4.5470,5.9800,5.8300,5.6600
2023-09-24,4.2100,2023-09-22,25.5000,2023-09-15,calc_daily_close,4.4650,43.0000,55.0000,60.0000,4.8950,5.0150,5.0650,sourced,170.0000,190.0000,250.0000,5.9100,6.1100,6.7100,sourced,4.8270,4.6370,4.4870,5.9400,5.7500,5.6000
2023-09-25,4.2800,2023-09-25,25.5000,2023-09-15,calc_daily_close,4.5350,43.0000,55.0000,60.0000,4.9650,5.0850,5.1350,sourced,170.0000,190.0000,250.0000,5.9800,6.1800,6.7800,sourced,4.8270,4.7870,4.4770,5.9400,5.9000,5.5900
2023-09-26,4.2800,2023-09-26,25.5000,2023-09-15,calc_daily_close,4.5350,43.0000,55.0000,60.0000,4.9650,5.0850,5.1350,sourced,170.0000,190.0000,250.0000,5.9800,6.1800,6.7800,sourced,4.8270,4.7070,4.3970,5.9400,5.8200,5.5100
2023-09-27,4.3300,2023-09-27,25.5000,2023-09-15,calc_daily_close,4.5850,43.0000,55.0000,60.0000,5.0150,5.1350,5.1850,sourced,170.0000,190.0000,250.0000,6.0300,6.2300,6.8300,sourced,4.8070,4.7070,4.5670,5.9200,5.8200,5.6800
2023-09-28,4.3000,2023-09-28,25.5000,2023-09-15,calc_daily_close,4.5550,43.0000,55.0000,60.0000,4.9850,5.1050,5.1550,sourced,170.0000,190.0000,250.0000,6.0000,6.2000,6.8000,sourced,4.7070,4.7070,4.4670,5.8200,5.8200,5.5800
2023-09-29,4.2500,2023-09-29,25.5000,2023-09-15,calc_daily_close,4.5050,43.0000,55.0000,60.0000,4.9350,5.0550,5.1050,sourced,170.0000,190.0000,250.0000,5.9500,6.1500,6.7500,sourced,4.6870,4.6870,4.4670,5.8000,5.8000,5.5800
2023-09-30,4.2500,2023-09-29,25.5000,2023-09-15,calc_daily_close,4.5050,43.0000,55.0000,60.0000,4.9350,5.0550,5.1050,sourced,170.0000,190.0000,250.0000,5.9500,6.1500,6.7500,sourced,4.6770,4.7670,4.4670,5.7900,5.8800,5.5800
2023-10-01,4.2500,2023-09-29,25.5000,2023-09-15,calc_daily_close,4.5050,43.0000,55.0000,60.0000,4.9350,5.0550,5.1050,sourced,170.0000,190.0000,250.0000,5.9500,6.1500,6.7500,sourced,4.6170,4.7570,4.4670,5.7300,5.8700,5.5800
2023-10-02,4.2500,2023-09-29,25.5000,2023-09-15,calc_daily_close,4.5050,43.0000,55.0000,60.0000,4.9350,5.0550,5.1050,sourced,170.0000,190.0000,250.0000,5.9500,6.1500,6.7500,sourced,4.6170,4.8270,4.5270,5.7300,5.9400,5.6400
2023-10-03,4.4200,2023-10-03,25.5000,2023-09-15,calc_daily_close,4.6750,43.0000,55.0000,60.0000,5.1050,5.2250,5.2750,sourced,170.0000,190.0000,250.0000,6.1200,6.3200,6.9200,partly sourced,4.6170,4.6570,4.6070,5.7300,5.7700,5.7200
2023-10-04,4.3300,2023-10-04,25.5000,2023-09-15,calc_daily_close,4.5850,43.0000,55.0000,60.0000,5.0150,5.1350,5.1850,sourced,170.0000,190.0000,250.0000,6.0300,6.2300,6.8300,partly sourced,4.6170,4.6570,4.6970,5.7300,5.7700,5.8100
2023-10-05,4.2900,2023-10-05,25.5000,2023-09-15,calc_daily_close,4.5450,43.0000,55.0000,60.0000,4.9750,5.0950,5.1450,sourced,170.0000,190.0000,250.0000,5.9900,6.1900,6.7900,partly sourced,4.7270,4.6570,4.7670,5.8400,5.7700,5.8800
2023-10-06,4.3100,2023-10-06,25.5000,2023-09-15,calc_daily_close,4.5650,43.0000,55.0000,60.0000,4.9950,5.1150,5.1650,sourced,170.0000,190.0000,250.0000,6.0100,6.2100,6.8100,partly sourced,4.7570,4.6570,4.7670,5.8700,5.7700,5.8800
2023-10-07,4.3100,2023-10-06,25.5000,2023-09-15,calc_daily_close,4.5650,43.0000,55.0000,60.0000,4.9950,5.1150,5.1650,sourced,170.0000,190.0000,250.0000,6.0100,6.2100,6.8100,partly sourced,4.7070,4.6170,4.7670,5.8200,5.7300,5.8800
2023-10-08,4.3100,2023-10-06,25.5000,2023-09-15,calc_daily_close,4.5650,43.0000,55.0000,60.0000,4.9950,5.1150,5.1650,sourced,170.0000,190.0000,250.0000,6.0100,6.2100,6.8100,partly sourced,4.7470,4.6470,4.6970,5.8600,5.7600,5.8100
2023-10-09,4.3100,2023-10-06,25.5000,2023-09-15,calc_daily_close,4.5650,43.0000,55.0000,60.0000,4.9950,5.1150,5.1650,sourced,170.0000,190.0000,250.0000,6.0100,6.2100,6.8100,partly sourced,4.7470,4.7170,4.7370,5.8600,5.8300,5.8500
2023-10-10,4.1700,2023-10-10,25.5000,2023-09-15,calc_daily_close,4.4250,43.0000,55.0000,60.0000,4.8550,4.9750,5.0250,sourced,170.0000,190.0000,250.0000,5.8700,6.0700,6.6700,partly sourced,4.7470,4.7770,4.5970,5.8600,5.8900,5.7100
2023-10-11,4.1500,2023-10-11,25.5000,2023-09-15,calc_daily_close,4.4050,43.0000,55.0000,60.0000,4.8350,4.9550,5.0050,sourced,170.0000,190.0000,250.0000,5.8500,6.0500,6.6500,partly sourced,4.7470,4.7770,4.4970,5.8600,5.8900,5.6100
2023-10-12,4.2400,2023-10-12,25.5000,2023-09-15,calc_daily_close,4.4950,43.0000,55.0000,60.0000,4.9250,5.0450,5.0950,sourced,170.0000,190.0000,250.0000,5.9400,6.1400,6.7400,partly sourced,4.7570,4.7770,4.5470,5.8700,5.8900,5.6600
2023-10-13,4.2100,2023-10-13,25.5000,2023-09-15,calc_daily_close,4.4650,43.0000,55.0000,60.0000,4.8950,5.0150,5.0650,sourced,170.0000,190.0000,250.0000,5.9100,6.1100,6.7100,partly sourced,4.7470,4.8170,4.5470,5.8600,5.9300,5.6600
2023-10-14,4.2100,2023-10-13,25.5000,2023-09-15,calc_daily_close,4.4650,43.0000,55.0000,60.0000,4.8950,5.0150,5.0650,sourced,170.0000,190.0000,250.0000,5.9100,6.1100,6.7100,partly sourced,4.7470,4.8870,4.5470,5.8600,6.0000,5.6600
2023-10-15,4.2100,2023-10-13,25.5000,2023-09-15,calc_daily_close,4.4650,43.0000,55.0000,60.0000,4.8950,5.0150,5.0650,sourced,170.0000,190.0000,250.0000,5.9100,6.1100,6.7100,partly sourced,4.8250,4.9070,4.5870,5.9200,6.0200,5.7000
2023-10-16,4.2700,2023-10-16,25.5000,2023-09-15,calc_daily_close,4.5250,43.0000,55.0000,60.0000,4.9550,5.0750,5.1250,sourced,170.0000,190.0000,250.0000,5.9700,6.1700,6.7700,partly sourced,4.8250,4.9170,4.5470,5.9200,6.0300,5.6600
2023-10-17,4.3000,2023-10-17,25.5000,2023-09-15,calc_daily_close,4.5550,43.0000,55.0000,60.0000,4.9850,5.1050,5.1550,sourced,170.0000,190.0000,250.0000,6.0000,6.2000,6.8000,partly sourced,4.8250,4.8670,4.5270,5.9200,5.9800,5.6400
2023-10-18,4.3200,2023-10-18,25.5000,2023-09-15,calc_daily_close,4.5750,43.0000,55.0000,60.0000,5.0050,5.1250,5.1750,sourced,170.0000,190.0000,250.0000,6.0200,6.2200,6.8200,partly sourced,4.8450,4.8670,4.6470,5.9400,5.9800,5.7600
2023-10-19,4.3400,2023-10-19,25.5000,2023-09-15,calc_daily_close,4.5950,43.0000,55.0000,60.0000,5.0250,5.1450,5.1950,sourced,170.0000,190.0000,250.0000,6.0400,6.2400,6.8400,partly sourced,4.9850,4.8670,4.5970,6.0800,5.9800,5.7100
2023-10-20,4.2500,2023-10-20,25.5000,2023-09-15,calc_daily_close,4.5050,43.0000,55.0000,60.0000,4.9350,5.0550,5.1050,sourced,170.0000,190.0000,250.0000,5.9500,6.1500,6.7500,partly sourced,5.0050,4.9270,4.5970,6.1000,6.0400,5.7100
2023-10-21,4.2500,2023-10-20,25.5000,2023-09-15,calc_daily_close,4.5050,43.0000,55.0000,60.0000,4.9350,5.0550,5.1050,sourced,170.0000,190.0000,250.0000,5.9500,6.1500,6.7500,partly sourced,5.0550,4.9670,4.5970,6.1500,6.0800,5.7100
2023-10-22,4.2500,2023-10-20,25.5000,2023-09-15,calc_daily_close,4.5050,43.0000,55.0000,60.0000,4.9350,5.0550,5.1050,sourced,170.0000,190.0000,250.0000,5.9500,6.1500,6.7500,partly sourced,5.0150,4.8070,4.6870,6.1100,5.9200,5.8000
2023-10-23,4.1800,2023-10-23,25.5000,2023-09-15,calc_daily_close,4.4350,43.0000,55.0000,60.0000,4.8650,4.9850,5.0350,sourced,170.0000,190.0000,250.0000,5.8800,6.0800,6.6800,partly sourced,5.0150,4.8670,4.7170,6.1100,5.9800,5.8300
2023-10-24,4.1700,2023-10-24,25.5000,2023-09-15,calc_daily_close,4.4250,43.0000,55.0000,60.0000,4.8550,4.9750,5.0250,sourced,170.0000,190.0000,250.0000,5.8700,6.0700,6.6700,partly sourced,5.0150,4.8270,4.6370,6.1100,5.9400,5.7500
2023-10-25,4.2300,2023-10-25,25.5000,2023-09-15,calc_daily_close,4.4850,43.0000,55.0000,60.0000,4.9150,5.0350,5.0850,sourced,170.0000,190.0000,250.0000,5.9300,6.1300,6.7300,partly sourced,5.0850,4.8270,4.7870,6.1800,5.9400,5.9000
2023-10-26,4.1200,2023-10-26,25.5000,2023-09-15,calc_daily_close,4.3750,43.0000,55.0000,60.0000,4.8050,4.9250,4.9750,sourced,170.0000,190.0000,250.0000,5.8200,6.0200,6.6200,partly sourced,5.0850,4.8270,4.7070,6.1800,5.9400,5.8200
2023-10-27,4.0500,2023-10-27,25.5000,2023-09-15,calc_daily_close,4.3050,43.0000,55.0000,60.0000,4.7350,4.8550,4.9050,sourced,170.0000,190.0000,250.0000,5.7500,5.9500,6.5500,partly sourced,5.1350,4.8070,4.7070,6.2300,5.9200,5.8200
2023-10-28,4.0500,2023-10-27,25.5000,2023-09-15,calc_daily_close,4.3050,43.0000,55.0000,60.0000,4.7350,4.8550,4.9050,sourced,170.0000,190.0000,250.0000,5.7500,5.9500,6.5500,partly sourced,5.1050,4.7070,4.7070,6.2000,5.8200,5.8200
2023-10-29,4.0500,2023-10-27,25.5000,2023-09-15,calc_daily_close,4.3050,43.0000,55.0000,60.0000,4.7350,4.8550,4.9050,sourced,170.0000,190.0000,250.0000,5.7500,5.9500,6.5500,partly sourced,5.0550,4.6870,4.6870,6.1500,5.8000,5.8000
2023-10-30,4.1100,2023-10-30,25.5000,2023-09-15,calc_daily_close,4.3650,43.0000,55.0000,60.0000,4.7950,4.9150,4.9650,sourced,170.0000,190.0000,250.0000,5.8100,6.0100,6.6100,partly sourced,5.0550,4.6770,4.7670,6.1500,5.7900,5.8800
2023-10-31,4.1200,2023-10-31,25.5000,2023-09-15,calc_daily_close,4.3750,43.0000,55.0000,60.0000,4.8050,4.9250,4.9750,sourced,170.0000,190.0000,250.0000,5.8200,6.0200,6.6200,partly sourced,5.0550,4.6170,4.7570,6.1500,5.7300,5.8700
2023-11-01,3.9800,2023-11-01,25.5000,2023-09-15,calc_daily_close,4.2350,43.0000,55.0000,60.0000,4.6650,4.7850,4.8350,sourced,170.0000,190.0000,250.0000,5.6800,5.8800,6.4800,partly sourced,5.0550,4.6170,4.8270,6.1500,5.7300,5.9400
2023-11-02,3.9400,2023-11-02,25.5000,2023-09-15,calc_daily_close,4.1950,43.0000,55.0000,60.0000,4.6250,4.7450,4.7950,sourced,170.0000,190.0000,250.0000,5.6400,5.8400,6.4400,partly sourced,5.2250,4.6170,4.6570,6.3200,5.7300,5.7700
2023-11-03,3.7800,2023-11-03,25.5000,2023-09-15,calc_daily_close,4.0350,43.0000,55.0000,60.0000,4.4650,4.5850,4.6350,sourced,170.0000,190.0000,250.0000,5.4800,5.6800,6.2800,partly sourced,5.1350,4.6170,4.6570,6.2300,5.7300,5.7700
2023-11-04,3.7800,2023-11-03,25.5000,2023-09-15,calc_daily_close,4.0350,43.0000,55.0000,60.0000,4.4650,4.5850,4.6350,sourced,170.0000,190.0000,250.0000,5.4800,5.6800,6.2800,partly sourced,5.0950,4.7270,4.6570,6.1900,5.8400,5.7700
2023-11-05,3.7800,2023-11-03,25.5000,2023-09-15,calc_daily_close,4.0350,43.0000,55.0000,60.0000,4.4650,4.5850,4.6350,sourced,170.0000,190.0000,250.0000,5.4800,5.6800,6.2800,partly sourced,5.1150,4.7570,4.6570,6.2100,5.8700,5.7700
2023-11-06,3.8700,2023-11-06,25.5000,2023-09-15,calc_daily_close,4.1250,43.0000,55.0000,60.0000,4.5550,4.6750,4.7250,sourced,170.0000,190.0000,250.0000,5.5700,5.7700,6.3700,partly sourced,5.1150,4.7070,4.6170,6.2100,5.8200,5.7300
2023-11-07,3.8300,2023-11-07,25.5000,2023-09-15,calc_daily_close,4.0850,43.0000,55.0000,60.0000,4.5150,4.6350,4.6850,sourced,170.0000,190.0000,250.0000,5.5300,5.7300,6.3300,partly sourced,5.1150,4.7470,4.6470,6.2100,5.8600,5.7600
2023-11-08,3.8100,2023-11-08,25.5000,2023-09-15,calc_daily_close,4.0650,43.0000,55.0000,60.0000,4.4950,4.6150,4.6650,sourced,170.0000,190.0000,250.0000,5.5100,5.7100,6.3100,partly sourced,5.1150,4.7470,4.7170,6.2100,5.8600,5.8300
2023-11-09,3.9400,2023-11-09,25.5000,2023-09-15,calc_daily_close,4.1950,43.0000,55.0000,60.0000,4.6250,4.7450,4.7950,sourced,170.0000,190.0000,250.0000,5.6400,5.8400,6.4400,partly sourced,4.9750,4.7470,4.7770,6.0700,5.8600,5.8900
2023-11-10,3.9400,2023-11-10,25.5000,2023-09-15,calc_daily_close,4.1950,43.0000,55.0000,60.0000,4.6250,4.7450,4.7950,sourced,170.0000,190.0000,250.0000,5.6400,5.8400,6.4400,partly sourced,4.9550,4.7470,4.7770,6.0500,5.8600,5.8900
2023-11-11,3.9400,2023-11-10,25.5000,2023-09-15,calc_daily_close,4.1950,43.0000,55.0000,60.0000,4.6250,4.7450,4.7950,sourced,170.0000,190.0000,250.0000,5.6400,5.8400,6.4400,partly sourced,5.0450,4.7570,4.7770,6.1400,5.8700,5.8900
2023-11-12,3.9400,2023-11-10,25.5000,2023-09-15,calc_daily_close,4.1950,43.0000,55.0000,60.0000,4.6250,4.7450,4.7950,sourced,170.0000,190.0000,250.0000,5.6400,5.8400,6.4400,partly sourced,5.0150,4.7470,4.8170,6.1100,5.8600,5.9300
2023-11-13,3.9400,2023-11-10,25.5000,2023-09-15,calc_daily_close,4.1950,43.0000,55.0000,60.0000,4.6250,4.7450,4.7950,sourced,170.0000,190.0000,250.0000,5.6400,5.8400,6.4400,partly sourced,5.0150,4.7470,4.8870,6.1100,5.8600,6.0000
2023-11-14,3.7600,2023-11-14,25.5000,2023-09-15,calc_daily_close,4.0150,43.0000,55.0000,60.0000,4.4450,4.5650,4.6150,sourced,170.0000,190.0000,250.0000,5.4600,5.6600,6.2600,partly sourced,5.0150,4.8250,4.9070,6.1100,5.9200,6.0200
2023-11-15,3.8800,2023-11-15,25.5000,2023-09-15,calc_daily_close,4.1350,43.0000,55.0000,60.0000,4.5650,4.6850,4.7350,sourced,170.0000,190.0000,250.0000,5.5800,5.7800,6.3800,partly sourced,5.0750,4.8250,4.9170,6.1700,5.9200,6.0300
2023-11-16,3.8100,2023-11-16,25.5000,2023-09-15,calc_daily_close,4.0650,43.0000,55.0000,60.0000,4.4950,4.6150,4.6650,sourced,170.0000,190.0000,250.0000,5.5100,5.7100,6.3100,partly sourced,5.1050,4.8250,4.8670,6.2000,5.9200,5.9800
2023-11-17,3.8200,2023-11-17,25.5000,2023-09-15,calc_daily_close,4.0750,43.0000,55.0000,60.0000,4.5050,4.6250,4.6750,sourced,170.0000,190.0000,250.0000,5.5200,5.7200,6.3200,partly sourced,5.1250,4.8450,4.8670,6.2200,5.9400,5.9800
2023-11-18,3.8200,2023-11-17,25.5000,2023-09-15,calc_daily_close,4.0750,43.0000,55.0000,60.0000,4.5050,4.6250,4.6750,sourced,170.0000,190.0000,250.0000,5.5200,5.7200,6.3200,partly sourced,5.1450,4.9850,4.8670,6.2400,6.0800,5.9800
2023-11-19,3.8200,2023-11-17,25.5000,2023-09-15,calc_daily_close,4.0750,43.0000,55.0000,60.0000,4.5050,4.6250,4.6750,sourced,170.0000,190.0000,250.0000,5.5200,5.7200,6.3200,partly sourced,5.0550,5.0050,4.9270,6.1500,6.1000,6.0400
2023-11-20,3.7800,2023-11-20,25.5000,2023-09-15,calc_daily_close,4.0350,43.0000,55.0000,60.0000,4.4650,4.5850,4.6350,sourced,170.0000,190.0000,250.0000,5.4800,5.6800,6.2800,partly sourced,5.0550,5.0550,4.9670,6.1500,6.1500,6.0800
2023-11-21,3.7500,2023-11-21,25.5000,2023-09-15,calc_daily_close,4.0050,43.0000,55.0000,60.0000,4.4350,4.5550,4.6050,sourced,170.0000,190.0000,250.0000,5.4500,5.6500,6.2500,partly sourced,5.0550,5.0150,4.8070,6.1500,6.1100,5.9200
2023-11-22,3.7600,2023-11-22,25.5000,2023-09-15,calc_daily_close,4.0150,43.0000,55.0000,60.0000,4.4450,4.5650,4.6150,sourced,170.0000,190.0000,250.0000,5.4600,5.6600,6.2600,partly sourced,4.9850,5.0150,4.8670,6.0800,6.1100,5.9800
2023-11-23,3.8200,2023-11-23,25.5000,2023-09-15,calc_daily_close,4.0750,43.0000,55.0000,60.0000,4.5050,4.6250,4.6750,sourced,170.0000,190.0000,250.0000,5.5200,5.7200,6.3200,partly sourced,4.9750,5.0150,4.8270,6.0700,6.1100,5.9400
2023-11-24,3.8300,2023-11-24,25.5000,2023-09-15,calc_daily_close,4.0850,43.0000,55.0000,60.0000,4.5150,4.6350,4.6850,sourced,170.0000,190.0000,250.0000,5.5300,5.7300,6.3300,partly sourced,5.0350,5.0850,4.8270,6.1300,6.1800,5.9400
2023-11-25,3.8300,2023-11-24,25.5000,2023-09-15,calc_daily_close,4.0850,43.0000,55.0000,60.0000,4.5150,4.6350,4.6850,sourced,170.0000,190.0000,250.0000,5.5300,5.7300,6.3300,partly sourced,4.9250,5.0850,4.8270,6.0200,6.1800,5.9400
2023-11-26,3.8300,2023-11-24,25.5000,2023-09-15,calc_daily_close,4.0850,43.0000,55.0000,60.0000,4.5150,4.6350,4.6850,sourced,170.0000,190.0000,250.0000,5.5300,5.7300,6.3300,partly sourced,4.8550,5.1350,4.8070,5.9500,6.2300,5.9200
2023-11-27,3.7600,2023-11-27,25.5000,2023-09-15,calc_daily_close,4.0150,43.0000,55.0000,60.0000,4.4450,4.5650,4.6150,sourced,170.0000,190.0000,250.0000,5.4600,5.6600,6.2600,partly sourced,4.8550,5.1050,4.7070,5.9500,6.2000,5.8200
2023-11-28,3.6700,2023-11-28,25.5000,2023-09-15,calc_daily_close,3.9250,43.0000,55.0000,60.0000,4.3550,4.4750,4.5250,sourced,170.0000,190.0000,250.0000,5.3700,5.5700,6.1700,partly sourced,4.8550,5.0550,4.6870,5.9500,6.1500,5.8000
2023-11-29,3.6000,2023-11-29,25.5000,2023-09-15,calc_daily_close,3.8550,43.0000,55.0000,60.0000,4.2850,4.4050,4.4550,sourced,170.0000,190.0000,250.0000,5.3000,5.5000,6.1000,partly sourced,4.9150,5.0550,4.6770,6.0100,6.1500,5.7900
2023-11-30,3.6400,2023-11-30,25.5000,2023-09-15,calc_daily_close,3.8950,43.0000,55.0000,60.0000,4.3250,4.4450,4.4950,sourced,170.0000,190.0000,250.0000,5.3400,5.5400,6.1400,partly sourced,4.9250,5.0550,4.6170,6.0200,6.1500,5.7300
2023-12-01,3.5000,2023-12-01,25.5000,2023-09-15,calc_daily_close,3.7550,43.0000,55.0000,60.0000,4.1850,4.3050,4.3550,sourced,170.0000,190.0000,250.0000,5.2000,5.4000,6.0000,partly sourced,4.7850,5.0550,4.6170,5.8800,6.1500,5.7300
2023-12-02,3.5000,2023-12-01,25.5000,2023-09-15,calc_daily_close,3.7550,43.0000,55.0000,60.0000,4.1850,4.3050,4.3550,sourced,170.0000,190.0000,250.0000,5.2000,5.4000,6.0000,partly sourced,4.7450,5.2250,4.6170,5.8400,6.3200,5.7300
2023-12-03,3.5000,2023-12-01,25.5000,2023-09-15,calc_daily_close,3.7550,43.0000,55.0000,60.0000,4.1850,4.3050,4.3550,sourced,170.0000,190.0000,250.0000,5.2000,5.4000,6.0000,partly sourced,4.5850,5.1350,4.6170,5.6800,6.2300,5.7300
2023-12-04,3.5400,2023-12-04,25.5000,2023-09-15,calc_daily_close,3.7950,43.0000,55.0000,60.0000,4.2250,4.3450,4.3950,sourced,170.0000,190.0000,250.0000,5.2400,5.4400,6.0400,partly sourced,4.5850,5.0950,4.7270,5.6800,6.1900,5.8400
2023-12-05,3.4400,2023-12-05,25.5000,2023-09-15,calc_daily_close,3.6950,43.0000,55.0000,60.0000,4.1250,4.2450,4.2950,sourced,170.0000,190.0000,250.0000,5.1400,5.3400,5.9400,partly sourced,4.5850,5.1150,4.7570,5.6800,6.2100,5.8700
2023-12-06,3.4000,2023-12-06,25.5000,2023-09-15,calc_daily_close,3.6550,43.0000,55.0000,60.0000,4.0850,4.2050,4.2550,sourced,170.0000,190.0000,250.0000,5.1000,5.3000,5.9000,partly sourced,4.6750,5.1150,4.7070,5.7700,6.2100,5.8200
2023-12-07,3.3900,2023-12-07,25.5000,2023-09-15,calc_daily_close,3.6450,43.0000,55.0000,60.0000,4.0750,4.1950,4.2450,sourced,170.0000,190.0000,250.0000,5.0900,5.2900,5.8900,partly sourced,4.6350,5.1150,4.7470,5.7300,6.2100,5.8600
2023-12-08,3.4900,2023-12-08,25.5000,2023-09-15,calc_daily_close,3.7450,43.0000,55.0000,60.0000,4.1750,4.2950,4.3450,sourced,170.0000,190.0000,250.0000,5.1900,5.3900,5.9900,partly sourced,4.6150,5.1150,4.7470,5.7100,6.2100,5.8600
2023-12-09,3.4900,2023-12-08,25.5000,2023-09-15,calc_daily_close,3.7450,43.0000,55.0000,60.0000,4.1750,4.2950,4.3450,sourced,170.0000,190.0000,250.0000,5.1900,5.3900,5.9900,partly sourced,4.7450,4.9750,4.7470,5.8400,6.0700,5.8600
2023-12-10,3.4900,2023-12-08,25.5000,2023-09-15,calc_daily_close,3.7450,43.0000,55.0000,60.0000,4.1750,4.2950,4.3450,sourced,170.0000,190.0000,250.0000,5.1900,5.3900,5.9900,partly sourced,4.7450,4.9550,4.7470,5.8400,6.0500,5.8600
2023-12-11,3.5300,2023-12-11,25.5000,2023-09-15,calc_daily_close,3.7850,43.0000,55.0000,60.0000,4.2150,4.3350,4.3850,sourced,170.0000,190.0000,250.0000,5.2300,5.4300,6.0300,partly sourced,4.7450,5.0450,4.7570,5.8400,6.1400,5.8700
2023-12-12,3.5300,2023-12-12,25.5000,2023-09-15,calc_daily_close,3.7850,43.0000,55.0000,60.0000,4.2150,4.3350,4.3850,sourced,170.0000,190.0000,250.0000,5.2300,5.4300,6.0300,partly sourced,4.7450,5.0150,4.7470,5.8400,6.1100,5.8600
2023-12-13,3.3300,2023-12-13,25.5000,2023-09-15,calc_daily_close,3.5850,43.0000,55.0000,60.0000,4.0150,4.1350,4.1850,sourced,170.0000,190.0000,250.0000,5.0300,5.2300,5.8300,partly sourced,4.7450,5.0150,4.7470,5.8400,6.1100,5.8600
2023-12-14,3.2400,2023-12-14,25.0000,2023-12-14,calc_daily_close,3.4900,43.0000,55.0000,60.0000,3.9200,4.0400,4.0900,sourced,170.0000,190.0000,250.0000,4.9400,5.1400,5.7400,partly sourced,4.5650,5.0150,4.8250,5.6600,6.1100,5.9200
2023-12-15,3.2400,2023-12-15,25.0000,2023-12-14,calc_daily_close,3.4900,43.0000,55.0000,60.0000,3.9200,4.0400,4.0900,sourced,170.0000,190.0000,250.0000,4.9400,5.1400,5.7400,partly sourced,4.6850,5.0750,4.8250,5.7800,6.1700,5.9200
2023-12-16,3.2400,2023-12-15,25.0000,2023-12-14,calc_daily_close,3.4900,43.0000,55.0000,60.0000,3.9200,4.0400,4.0900,sourced,170.0000,190.0000,250.0000,4.9400,5.1400,5.7400,partly sourced,4.6150,5.1050,4.8250,5.7100,6.2000,5.9200
2023-12-17,3.2400,2023-12-15,25.0000,2023-12-14,calc_daily_close,3.4900,43.0000,55.0000,60.0000,3.9200,4.0400,4.0900,sourced,170.0000,190.0000,250.0000,4.9400,5.1400,5.7400,partly sourced,4.6250,5.1250,4.8450,5.7200,6.2200,5.9400
2023-12-18,3.2900,2023-12-18,25.0000,2023-12-14,calc_daily_close,3.5400,43.0000,55.0000,60.0000,3.9700,4.0900,4.1400,sourced,170.0000,190.0000,250.0000,4.9900,5.1900,5.7900,partly sourced,4.6250,5.1450,4.9850,5.7200,6.2400,6.0800
2023-12-19,3.2600,2023-12-19,25.0000,2023-12-14,calc_daily_close,3.5100,43.0000,55.0000,60.0000,3.9400,4.0600,4.1100,sourced,170.0000,190.0000,250.0000,4.9600,5.1600,5.7600,partly sourced,4.6250,5.0550,5.0050,5.7200,6.1500,6.1000
2023-12-20,3.1800,2023-12-20,25.0000,2023-12-14,calc_daily_close,3.4300,43.0000,55.0000,60.0000,3.8600,3.9800,4.0300,sourced,170.0000,190.0000,250.0000,4.8800,5.0800,5.6800,partly sourced,4.5850,5.0550,5.0550,5.6800,6.1500,6.1500
2023-12-21,3.2300,2023-12-21,25.0000,2023-12-14,calc_daily_close,3.4800,43.0000,55.0000,60.0000,3.9100,4.0300,4.0800,sourced,170.0000,190.0000,250.0000,4.9300,5.1300,5.7300,partly sourced,4.5550,5.0550,5.0150,5.6500,6.1500,6.1100
2023-12-22,3.3000,2023-12-22,25.0000,2023-12-14,calc_daily_close,3.5500,43.0000,55.0000,60.0000,3.9800,4.1000,4.1500,sourced,170.0000,190.0000,250.0000,5.0000,5.2000,5.8000,partly sourced,4.5650,4.9850,5.0150,5.6600,6.0800,6.1100
2023-12-23,3.3000,2023-12-22,25.0000,2023-12-14,calc_daily_close,3.5500,43.0000,55.0000,60.0000,3.9800,4.1000,4.1500,sourced,170.0000,190.0000,250.0000,5.0000,5.2000,5.8000,partly sourced,4.6250,4.9750,5.0150,5.7200,6.0700,6.1100
2023-12-24,3.3000,2023-12-22,25.0000,2023-12-14,calc_daily_close,3.5500,43.0000,55.0000,60.0000,3.9800,4.1000,4.1500,sourced,170.0000,190.0000,250.0000,5.0000,5.2000,5.8000,partly sourced,4.6350,5.0350,5.0850,5.7300,6.1300,6.1800
2023-12-25,3.3000,2023-12-22,25.0000,2023-12-14,calc_daily_close,3.5500,43.0000,55.0000,60.0000,3.9800,4.1000,4.1500,sourced,170.0000,190.0000,250.0000,5.0000,5.2000,5.8000,partly sourced,4.6350,4.9250,5.0850,5.7300,6.0200,6.1800
2023-12-26,3.3000,2023-12-22,25.0000,2023-12-14,calc_daily_close,3.5500,43.0000,55.0000,60.0000,3.9800,4.1000,4.1500,sourced,170.0000,190.0000,250.0000,5.0000,5.2000,5.8000,partly sourced,4.6350,4.8550,5.1350,5.7300,5.9500,6.2300
2023-12-27,3.1800,2023-12-27,25.0000,2023-12-14,calc_daily_close,3.4300,43.0000,55.0000,60.0000,3.8600,3.9800,4.0300,sourced,170.0000,190.0000,250.0000,4.8800,5.0800,5.6800,partly sourced,4.5650,4.8550,5.1050,5.6600,5.9500,6.2000
2023-12-28,3.2000,2023-12-28,25.0000,2023-12-14,calc_daily_close,3.4500,43.0000,55.0000,60.0000,3.8800,4.0000,4.0500,sourced,170.0000,190.0000,250.0000,4.9000,5.1000,5.7000,partly sourced,4.4750,4.8550,5.0550,5.5700,5.9500,6.1500
2023-12-29,3.1700,2023-12-29,25.0000,2023-12-14,calc_daily_close,3.4200,43.0000,55.0000,60.0000,3.8500,3.9700,4.0200,sourced,170.0000,190.0000,250.0000,4.8700,5.0700,5.6700,partly sourced,4.4050,4.9150,5.0550,5.5000,6.0100,6.1500
2023-12-30,3.1700,2023-12-29,25.0000,2023-12-14,calc_daily_close,3.4200,43.0000,55.0000,60.0000,3.8500,3.9700,4.0200,sourced,170.0000,190.0000,250.0000,4.8700,5.0700,5.6700,partly sourced,4.4450,4.9250,5.0550,5.5400,6.0200,6.1500
2023-12-31,3.1700,2023-12-29,25.0000,2023-12-14,calc_daily_close,3.4200,43.0000,55.0000,60.0000,3.8500,3.9700,4.0200,sourced,170.0000,190.0000,250.0000,4.8700,5.0700,5.6700,partly sourced,4.3050,4.7850,5.0550,5.4000,5.8800,6.1500
2024-01-01,3.1700,2023-12-29,25.0000,2023-12-14,calc_daily_close,3.4200,43.0000,55.0000,60.0000,3.8500,3.9700,4.0200,sourced,170.0000,190.0000,250.0000,4.8700,5.0700,5.6700,partly sourced,4.3050,4.7450,5.2250,5.4000,5.8400,6.3200
2024-01-02,3.2500,2024-01-02,25.0000,2023-12-14,calc_daily_close,3.5000,43.0000,55.0000,60.0000,3.9300,4.0500,4.1000,sourced,150.0000,170.0000,190.0000,4.7500,4.9500,5.1500,estimated,4.3050,4.5850,5.1350,5.4000,5.6800,6.2300
2024-01-03,3.2400,2024-01-03,25.0000,2023-12-14,calc_daily_close,3.4900,43.0000,55.0000,60.0000,3.9200,4.0400,4.0900,sourced,150.0000,170.0000,190.0000,4.7400,4.9400,5.1400,estimated,4.3450,4.5850,5.0950,5.4400,5.6800,6.1900
2024-01-04,3.3300,2024-01-04,25.0000,2023-12-14,calc_daily_close,3.5800,43.0000,55.0000,60.0000,4.0100,4.1300,4.1800,sourced,150.0000,170.0000,190.0000,4.8300,5.0300,5.2300,estimated,4.2450,4.5850,5.1150,5.3400,5.6800,6.2100
2024-01-05,3.3600,2024-01-05,25.0000,2023-12-14,calc_daily_close,3.6100,43.0000,55.0000,60.0000,4.0400,4.1600,4.2100,sourced,150.0000,170.0000,190.0000,4.8600,5.0600,5.2600,estimated,4.2050,4.6750,5.1150,5.3000,5.7700,6.2100
2024-01-06,3.3600,2024-01-05,25.0000,2023-12-14,calc_daily_close,3.6100,43.0000,55.0000,60.0000,4.0400,4.1600,4.2100,sourced,150.0000,170.0000,190.0000,4.8600,5.0600,5.2600,estimated,4.1950,4.6350,5.1150,5.2900,5.7300,6.2100
2024-01-07,3.3600,2024-01-05,25.0000,2023-12-14,calc_daily_close,3.6100,43.0000,55.0000,60.0000,4.0400,4.1600,4.2100,sourced,150.0000,170.0000,190.0000,4.8600,5.0600,5.2600,estimated,4.2950,4.6150,5.1150,5.3900,5.7100,6.2100
2024-01-08,3.3300,2024-01-08,25.0000,2023-12-14,calc_daily_close,3.5800,43.0000,55.0000,60.0000,4.0100,4.1300,4.1800,sourced,150.0000,170.0000,190.0000,4.8300,5.0300,5.2300,estimated,4.2950,4.7450,4.9750,5.3900,5.8400,6.0700
2024-01-09,3.3200,2024-01-09,25.0000,2023-12-14,calc_daily_close,3.5700,43.0000,55.0000,60.0000,4.0000,4.1200,4.1700,sourced,150.0000,170.0000,190.0000,4.8200,5.0200,5.2200,estimated,4.2950,4.7450,4.9550,5.3900,5.8400,6.0500
2024-01-10,3.3600,2024-01-10,25.0000,2023-12-14,calc_daily_close,3.6100,43.0000,55.0000,60.0000,4.0400,4.1600,4.2100,sourced,150.0000,170.0000,190.0000,4.8600,5.0600,5.2600,estimated,4.3350,4.7450,5.0450,5.4300,5.8400,6.1400
2024-01-11,3.3100,2024-01-11,25.0000,2023-12-14,calc_daily_close,3.5600,43.0000,55.0000,60.0000,3.9900,4.1100,4.1600,sourced,150.0000,170.0000,190.0000,4.8100,5.0100,5.2100,estimated,4.3350,4.7450,5.0150,5.4300,5.8400,6.1100
2024-01-12,3.2800,2024-01-12,25.0000,2023-12-14,calc_daily_close,3.5300,43.0000,55.0000,60.0000,3.9600,4.0800,4.1300,sourced,150.0000,170.0000,190.0000,4.7800,4.9800,5.1800,estimated,4.1350,4.7450,5.0150,5.2300,5.8400,6.1100
2024-01-13,3.2800,2024-01-12,25.0000,2023-12-14,calc_daily_close,3.5300,43.0000,55.0000,60.0000,3.9600,4.0800,4.1300,sourced,150.0000,170.0000,190.0000,4.7800,4.9800,5.1800,estimated,4.0400,4.5650,5.0150,5.1400,5.6600,6.1100
2024-01-14,3.2800,2024-01-12,25.0000,2023-12-14,calc_daily_close,3.5300,43.0000,55.0000,60.0000,3.9600,4.0800,4.1300,sourced,150.0000,170.0000,190.0000,4.7800,4.9800,5.1800,estimated,4.0400,4.6850,5.0750,5.1400,5.7800,6.1700
2024-01-15,3.2700,2024-01-15,25.0000,2023-12-14,calc_daily_close,3.5200,43.0000,55.0000,60.0000,3.9500,4.0700,4.1200,sourced,150.0000,170.0000,190.0000,4.7700,4.9700,5.1700,estimated,4.0400,4.6150,5.1050,5.1400,5.7100,6.2000
2024-01-16,3.4000,2024-01-16,25.0000,2023-12-14,calc_daily_close,3.6500,43.0000,55.0000,60.0000,4.0800,4.2000,4.2500,sourced,150.0000,170.0000,190.0000,4.9000,5.1000,5.3000,estimated,4.0400,4.6250,5.1250,5.1400,5.7200,6.2200
2024-01-17,3.5100,2024-01-17,25.0000,2023-12-14,calc_daily_close,3.7600,43.0000,55.0000,60.0000,4.1900,4.3100,4.3600,sourced,150.0000,170.0000,190.0000,5.0100,5.2100,5.4100,estimated,4.0900,4.6250,5.1450,5.1900,5.7200,6.2400
2024-01-18,3.5400,2024-01-18,25.0000,2023-12-14,calc_daily_close,3.7900,43.0000,55.0000,60.0000,4.2200,4.3400,4.3900,sourced,150.0000,170.0000,190.0000,5.0400,5.2400,5.4400,estimated,4.0600,4.6250,5.0550,5.1600,5.7200,6.1500
2024-01-19,3.5700,2024-01-19,25.0000,2023-12-14,calc_daily_close,3.8200,43.0000,55.0000,60.0000,4.2500,4.3700,4.4200,sourced,150.0000,170.0000,190.0000,5.0700,5.2700,5.4700,estimated,3.9800,4.5850,5.0550,5.0800,5.6800,6.1500
2024-01-20,3.5700,2024-01-19,25.0000,2023-12-14,calc_daily_close,3.8200,43.0000,55.0000,60.0000,4.2500,4.3700,4.4200,sourced,150.0000,170.0000,190.0000,5.0700,5.2700,5.4700,estimated,4.0300,4.5550,5.0550,5.1300,5.6500,6.1500
2024-01-21,3.5700,2024-01-19,25.0000,2023-12-14,calc_daily_close,3.8200,43.0000,55.0000,60.0000,4.2500,4.3700,4.4200,sourced,150.0000,170.0000,190.0000,5.0700,5.2700,5.4700,estimated,4.1000,4.5650,4.9850,5.2000,5.6600,6.0800
2024-01-22,3.5200,2024-01-22,25.0000,2023-12-14,calc_daily_close,3.7700,43.0000,55.0000,60.0000,4.2000,4.3200,4.3700,sourced,150.0000,170.0000,190.0000,5.0200,5.2200,5.4200,estimated,4.1000,4.6250,4.9750,5.2000,5.7200,6.0700
2024-01-23,3.5300,2024-01-23,25.0000,2023-12-14,calc_daily_close,3.7800,43.0000,55.0000,60.0000,4.2100,4.3300,4.3800,sourced,150.0000,170.0000,190.0000,5.0300,5.2300,5.4300,estimated,4.1000,4.6350,5.0350,5.2000,5.7300,6.1300
2024-01-24,3.5500,2024-01-24,25.0000,2023-12-14,calc_daily_close,3.8000,43.0000,55.0000,60.0000,4.2300,4.3500,4.4000,sourced,150.0000,170.0000,190.0000,5.0500,5.2500,5.4500,estimated,4.1000,4.6350,4.9250,5.2000,5.7300,6.0200
2024-01-25,3.5200,2024-01-25,25.0000,2023-12-14,calc_daily_close,3.7700,43.0000,55.0000,60.0000,4.2000,4.3200,4.3700,sourced,150.0000,170.0000,190.0000,5.0200,5.2200,5.4200,estimated,4.1000,4.6350,4.8550,5.2000,5.7300,5.9500
2024-01-26,3.5800,2024-01-26,25.0000,2023-12-14,calc_daily_close,3.8300,43.0000,55.0000,60.0000,4.2600,4.3800,4.4300,sourced,150.0000,170.0000,190.0000,5.0800,5.2800,5.4800,estimated,3.9800,4.5650,4.8550,5.0800,5.6600,5.9500
2024-01-27,3.5800,2024-01-26,25.0000,2023-12-14,calc_daily_close,3.8300,43.0000,55.0000,60.0000,4.2600,4.3800,4.4300,sourced,150.0000,170.0000,190.0000,5.0800,5.2800,5.4800,estimated,4.0000,4.4750,4.8550,5.1000,5.5700,5.9500
2024-01-28,3.5800,2024-01-26,25.0000,2023-12-14,calc_daily_close,3.8300,43.0000,55.0000,60.0000,4.2600,4.3800,4.4300,sourced,150.0000,170.0000,190.0000,5.0800,5.2800,5.4800,estimated,3.9700,4.4050,4.9150,5.0700,5.5000,6.0100
2024-01-29,3.5100,2024-01-29,25.0000,2023-12-14,calc_daily_close,3.7600,43.0000,55.0000,60.0000,4.1900,4.3100,4.3600,sourced,150.0000,170.0000,190.0000,5.0100,5.2100,5.4100,estimated,3.9700,4.4450,4.9250,5.0700,5.5400,6.0200
2024-01-30,3.4900,2024-01-30,25.0000,2023-12-14,calc_daily_close,3.7400,43.0000,55.0000,60.0000,4.1700,4.2900,4.3400,sourced,150.0000,170.0000,190.0000,4.9900,5.1900,5.3900,estimated,3.9700,4.3050,4.7850,5.0700,5.4000,5.8800
2024-01-31,3.4300,2024-01-31,25.0000,2023-12-14,calc_daily_close,3.6800,43.0000,55.0000,60.0000,4.1100,4.2300,4.2800,sourced,150.0000,170.0000,190.0000,4.9300,5.1300,5.3300,estimated,3.9700,4.3050,4.7450,5.0700,5.4000,5.8400
2024-02-01,3.3400,2024-02-01,25.0000,2023-12-14,calc_daily_close,3.5900,43.0000,55.0000,60.0000,4.0200,4.1400,4.1900,sourced,150.0000,170.0000,190.0000,4.8400,5.0400,5.2400,estimated,4.0500,4.3050,4.5850,4.9500,5.4000,5.6800
2024-02-02,3.4800,2024-02-02,25.0000,2023-12-14,calc_daily_close,3.7300,43.0000,55.0000,60.0000,4.1600,4.2800,4.3300,sourced,150.0000,170.0000,190.0000,4.9800,5.1800,5.3800,estimated,4.0400,4.3450,4.5850,4.9400,5.4400,5.6800
2024-02-03,3.4800,2024-02-02,25.0000,2023-12-14,calc_daily_close,3.7300,43.0000,55.0000,60.0000,4.1600,4.2800,4.3300,sourced,150.0000,170.0000,190.0000,4.9800,5.1800,5.3800,estimated,4.1300,4.2450,4.5850,5.0300,5.3400,5.6800
2024-02-04,3.4800,2024-02-02,25.0000,2023-12-14,calc_daily_close,3.7300,43.0000,55.0000,60.0000,4.1600,4.2800,4.3300,sourced,150.0000,170.0000,190.0000,4.9800,5.1800,5.3800,estimated,4.1600,4.2050,4.6750,5.0600,5.3000,5.7700
2024-02-05,3.6000,2024-02-05,25.0000,2023-12-14,calc_daily_close,3.8500,43.0000,55.0000,60.0000,4.2800,4.4000,4.4500,sourced,150.0000,170.0000,190.0000,5.1000,5.3000,5.5000,estimated,4.1600,4.1950,4.6350,5.0600,5.2900,5.7300
2024-02-06,3.5200,2024-02-06,25.0000,2023-12-14,calc_daily_close,3.7700,43.0000,55.0000,60.0000,4.2000,4.3200,4.3700,sourced,150.0000,170.0000,190.0000,5.0200,5.2200,5.4200,estimated,4.1600,4.2950,4.6150,5.0600,5.3900,5.7100
2024-02-07,3.5700,2024-02-07,25.0000,2023-12-14,calc_daily_close,3.8200,43.0000,55.0000,60.0000,4.2500,4.3700,4.4200,sourced,150.0000,170.0000,190.0000,5.0700,5.2700,5.4700,estimated,4.1300,4.2950,4.7450,5.0300,5.3900,5.8400
2024-02-08,3.6600,2024-02-08,25.0000,2023-12-14,calc_daily_close,3.9100,43.0000,55.0000,60.0000,4.3400,4.4600,4.5100,sourced,150.0000,170.0000,190.0000,5.1600,5.3600,5.5600,estimated,4.1200,4.2950,4.7450,5.0200,5.3900,5.8400
2024-02-09,3.6500,2024-02-09,25.0000,2023-12-14,calc_daily_close,3.9000,43.0000,55.0000,60.0000,4.3300,4.4500,4.5000,sourced,150.0000,170.0000,190.0000,5.1500,5.3500,5.5500,estimated,4.1600,4.3350,4.7450,5.0600,5.4300,5.8400
2024-02-10,3.6500,2024-02-09,25.0000,2023-12-14,calc_daily_close,3.9000,43.0000,55.0000,60.0000,4.3300,4.4500,4.5000,sourced,150.0000,170.0000,190.0000,5.1500,5.3500,5.5500,estimated,4.1100,4.3350,4.7450,5.0100,5.4300,5.8400
2024-02-11,3.6500,2024-02-09,25.0000,2023-12-14,calc_daily_close,3.9000,43.0000,55.0000,60.0000,4.3300,4.4500,4.5000,sourced,150.0000,170.0000,190.0000,5.1500,5.3500,5.5500,estimated,4.0800,4.1350,4.7450,4.9800,5.2300,5.8400
2024-02-12,3.6900,2024-02-12,25.0000,2023-12-14,calc_daily_close,3.9400,43.0000,55.0000,60.0000,4.3700,4.4900,4.5400,sourced,150.0000,170.0000,190.0000,5.1900,5.3900,5.5900,estimated,4.0800,4.0400,4.5650,4.9800,5.1400,5.6600
2024-02-13,3.8000,2024-02-13,25.0000,2023-12-14,calc_daily_close,4.0500,43.0000,55.0000,60.0000,4.4800,4.6000,4.6500,sourced,150.0000,170.0000,190.0000,5.3000,5.5000,5.7000,estimated,4.0800,4.0400,4.6850,4.9800,5.1400,5.7800
2024-02-14,3.6900,2024-02-14,25.0000,2023-12-14,calc_daily_close,3.9400,43.0000,55.0000,60.0000,4.3700,4.4900,4.5400,sourced,150.0000,170.0000,190.0000,5.1900,5.3900,5.5900,estimated,4.0700,4.0400,4.6150,4.9700,5.1400,5.7100
2024-02-15,3.6700,2024-02-15,25.0000,2023-12-14,calc_daily_close,3.9200,43.0000,55.0000,60.0000,4.3500,4.4700,4.5200,sourced,150.0000,170.0000,190.0000,5.1700,5.3700,5.5700,estimated,4.2000,4.0400,4.6250,5.1000,5.1400,5.7200
2024-02-16,3.6700,2024-02-16,25.0000,2023-12-14,calc_daily_close,3.9200,43.0000,55.0000,60.0000,4.3500,4.4700,4.5200,sourced,150.0000,170.0000,190.0000,5.1700,5.3700,5.5700,estimated,4.3100,4.0900,4.6250,5.2100,5.1900,5.7200
2024-02-17,3.6700,2024-02-16,25.0000,2023-12-14,calc_daily_close,3.9200,43.0000,55.0000,60.0000,4.3500,4.4700,4.5200,sourced,150.0000,170.0000,190.0000,5.1700,5.3700,5.5700,estimated,4.3400,4.0600,4.6250,5.2400,5.1600,5.7200
2024-02-18,3.6700,2024-02-16,25.0000,2023-12-14,calc_daily_close,3.9200,43.0000,55.0000,60.0000,4.3500,4.4700,4.5200,sourced,150.0000,170.0000,190.0000,5.1700,5.3700,5.5700,estimated,4.3700,3.9800,4.5850,5.2700,5.0800,5.6800
2024-02-19,3.6700,2024-02-16,25.0000,2023-12-14,calc_daily_close,3.9200,43.0000,55.0000,60.0000,4.3500,4.4700,4.5200,sourced,150.0000,170.0000,190.0000,5.1700,5.3700,5.5700,estimated,4.3700,4.0300,4.5550,5.2700,5.1300,5.6500
2024-02-20,3.5800,2024-02-20,25.0000,2023-12-14,calc_daily_close,3.8300,43.0000,55.0000,60.0000,4.2600,4.3800,4.4300,sourced,150.0000,170.0000,190.0000,5.0800,5.2800,5.4800,estimated,4.3700,4.1000,4.5650,5.2700,5.2000,5.6600
2024-02-21,3.6100,2024-02-21,25.0000,2023-12-14,calc_daily_close,3.8600,43.0000,55.0000,60.0000,4.2900,4.4100,4.4600,sourced,150.0000,170.0000,190.0000,5.1100,5.3100,5.5100,estimated,4.3200,4.1000,4.6250,5.2200,5.2000,5.7200
2024-02-22,3.6100,2024-02-22,25.0000,2023-12-14,calc_daily_close,3.8600,43.0000,55.0000,60.0000,4.2900,4.4100,4.4600,sourced,150.0000,170.0000,190.0000,5.1100,5.3100,5.5100,estimated,4.3300,4.1000,4.6350,5.2300,5.2000,5.7300
2024-02-23,3.5500,2024-02-23,25.0000,2023-12-14,calc_daily_close,3.8000,43.0000,55.0000,60.0000,4.2300,4.3500,4.4000,sourced,150.0000,170.0000,190.0000,5.0500,5.2500,5.4500,estimated,4.3500,4.1000,4.6350,5.2500,5.2000,5.7300
2024-02-24,3.5500,2024-02-23,25.0000,2023-12-14,calc_daily_close,3.8000,43.0000,55.0000,60.0000,4.2300,4.3500,4.4000,sourced,150.0000,170.0000,190.0000,5.0500,5.2500,5.4500,estimated,4.3200,4.1000,4.6350,5.2200,5.2000,5.7300
2024-02-25,3.5500,2024-02-23,25.0000,2023-12-14,calc_daily_close,3.8000,43.0000,55.0000,60.0000,4.2300,4.3500,4.4000,sourced,150.0000,170.0000,190.0000,5.0500,5.2500,5.4500,estimated,4.3800,3.9800,4.5650,5.2800,5.0800,5.6600
2024-02-26,3.5700,2024-02-26,25.0000,2023-12-14,calc_daily_close,3.8200,43.0000,55.0000,60.0000,4.2500,4.3700,4.4200,sourced,150.0000,170.0000,190.0000,5.0700,5.2700,5.4700,estimated,4.3800,4.0000,4.4750,5.2800,5.1000,5.5700
2024-02-27,3.6300,2024-02-27,25.0000,2023-12-14,calc_daily_close,3.8800,43.0000,55.0000,60.0000,4.3100,4.4300,4.4800,sourced,150.0000,170.0000,190.0000,5.1300,5.3300,5.5300,estimated,4.3800,3.9700,4.4050,5.2800,5.0700,5.5000
2024-02-28,3.6000,2024-02-28,25.0000,2023-12-14,calc_daily_close,3.8500,43.0000,55.0000,60.0000,4.2800,4.4000,4.4500,sourced,150.0000,170.0000,190.0000,5.1000,5.3000,5.5000,estimated,4.3100,3.9700,4.4450,5.2100,5.0700,5.5400
2024-02-29,3.5700,2024-02-29,25.0000,2023-12-14,calc_daily_close,3.8200,43.0000,55.0000,60.0000,4.2500,4.3700,4.4200,sourced,150.0000,170.0000,190.0000,5.0700,5.2700,5.4700,estimated,4.2900,3.9700,4.3050,5.1900,5.0700,5.4000
2024-03-01,3.5000,2024-03-01,25.0000,2023-12-14,calc_daily_close,3.7500,43.0000,55.0000,60.0000,4.1800,4.3000,4.3500,sourced,150.0000,170.0000,190.0000,5.0000,5.2000,5.4000,estimated,4.2300,3.9700,4.3050,5.1300,5.0700,5.4000
2024-03-02,3.5000,2024-03-01,25.0000,2023-12-14,calc_daily_close,3.7500,43.0000,55.0000,60.0000,4.1800,4.3000,4.3500,sourced,150.0000,170.0000,190.0000,5.0000,5.2000,5.4000,estimated,4.1400,4.0500,4.3050,5.0400,4.9500,5.4000
2024-03-03,3.5000,2024-03-01,25.0000,2023-12-14,calc_daily_close,3.7500,43.0000,55.0000,60.0000,4.1800,4.3000,4.3500,sourced,150.0000,170.0000,190.0000,5.0000,5.2000,5.4000,estimated,4.2800,4.0400,4.3450,5.1800,4.9400,5.4400
2024-03-04,3.5200,2024-03-04,25.0000,2023-12-14,calc_daily_close,3.7700,43.0000,55.0000,60.0000,4.2000,4.3200,4.3700,sourced,150.0000,170.0000,190.0000,5.0200,5.2200,5.4200,estimated,4.2800,4.1300,4.2450,5.1800,5.0300,5.3400
2024-03-05,3.4300,2024-03-05,25.0000,2023-12-14,calc_daily_close,3.6800,43.0000,55.0000,60.0000,4.1100,4.2300,4.2800,sourced,150.0000,170.0000,190.0000,4.9300,5.1300,5.3300,estimated,4.2800,4.1600,4.2050,5.1800,5.0600,5.3000
2024-03-06,3.4300,2024-03-06,25.0000,2023-12-14,calc_daily_close,3.6800,43.0000,55.0000,60.0000,4.1100,4.2300,4.2800,sourced,150.0000,170.0000,190.0000,4.9300,5.1300,5.3300,estimated,4.4000,4.1600,4.1950,5.3000,5.0600,5.2900
2024-03-07,3.4400,2024-03-07,25.0000,2023-12-14,calc_daily_close,3.6900,43.0000,55.0000,60.0000,4.1200,4.2400,4.2900,sourced,150.0000,170.0000,190.0000,4.9400,5.1400,5.3400,estimated,4.3200,4.1600,4.2950,5.2200,5.0600,5.3900
2024-03-08,3.4000,2024-03-08,25.0000,2023-12-14,calc_daily_close,3.6500,43.0000,55.0000,60.0000,4.0800,4.2000,4.2500,sourced,150.0000,170.0000,190.0000,4.9000,5.1000,5.3000,estimated,4.3700,4.1300,4.2950,5.2700,5.0300,5.3900
2024-03-09,3.4000,2024-03-08,25.0000,2023-12-14,calc_daily_close,3.6500,43.0000,55.0000,60.0000,4.0800,4.2000,4.2500,sourced,150.0000,170.0000,190.0000,4.9000,5.1000,5.3000,estimated,4.4600,4.1200,4.2950,5.3600,5.0200,5.3900
2024-03-10,3.4000,2024-03-08,25.0000,2023-12-14,calc_daily_close,3.6500,43.0000,55.0000,60.0000,4.0800,4.2000,4.2500,sourced,150.0000,170.0000,190.0000,4.9000,5.1000,5.3000,estimated,4.4500,4.1600,4.3350,5.3500,5.0600,5.4300
2024-03-11,3.4200,2024-03-11,25.0000,2023-12-14,calc_daily_close,3.6700,43.0000,55.0000,60.0000,4.1000,4.2200,4.2700,sourced,150.0000,170.0000,190.0000,4.9200,5.1200,5.3200,estimated,4.4500,4.1100,4.3350,5.3500,5.0100,5.4300
2024-03-12,3.4700,2024-03-12,25.0000,2023-12-14,calc_daily_close,3.7200,43.0000,55.0000,60.0000,4.1500,4.2700,4.3200,sourced,150.0000,170.0000,190.0000,4.9700,5.1700,5.3700,estimated,4.4500,4.0800,4.1350,5.3500,4.9800,5.2300
2024-03-13,3.5000,2024-03-13,24.5000,2024-03-13,boc_published,3.7450,43.0000,55.0000,60.0000,4.1750,4.2950,4.3450,sourced,150.0000,170.0000,190.0000,5.0000,5.2000,5.4000,estimated,4.4900,4.0800,4.0400,5.3900,4.9800,5.1400
2024-03-14,3.6000,2024-03-14,24.5000,2024-03-13,boc_published,3.8450,43.0000,55.0000,60.0000,4.2750,4.3950,4.4450,sourced,150.0000,170.0000,190.0000,5.1000,5.3000,5.5000,estimated,4.6000,4.0800,4.0400,5.5000,4.9800,5.1400
2024-03-15,3.6200,2024-03-15,24.5000,2024-03-13,boc_published,3.8650,43.0000,55.0000,60.0000,4.2950,4.4150,4.4650,sourced,150.0000,170.0000,190.0000,5.1200,5.3200,5.5200,estimated,4.4900,4.0700,4.0400,5.3900,4.9700,5.1400
2024-03-16,3.6200,2024-03-15,24.5000,2024-03-13,boc_published,3.8650,43.0000,55.0000,60.0000,4.2950,4.4150,4.4650,sourced,150.0000,170.0000,190.0000,5.1200,5.3200,5.5200,estimated,4.4700,4.2000,4.0400,5.3700,5.1000,5.1400
2024-03-17,3.6200,2024-03-15,24.5000,2024-03-13,boc_published,3.8650,43.0000,55.0000,60.0000,4.2950,4.4150,4.4650,sourced,150.0000,170.0000,190.0000,5.1200,5.3200,5.5200,estimated,4.4700,4.3100,4.0900,5.3700,5.2100,5.1900
2024-03-18,3.6700,2024-03-18,24.5000,2024-03-13,boc_published,3.9150,43.0000,55.0000,60.0000,4.3450,4.4650,4.5150,sourced,150.0000,170.0000,190.0000,5.1700,5.3700,5.5700,estimated,4.4700,4.3400,4.0600,5.3700,5.2400,5.1600
2024-03-19,3.5700,2024-03-19,24.5000,2024-03-13,boc_published,3.8150,43.0000,55.0000,60.0000,4.2450,4.3650,4.4150,sourced,150.0000,170.0000,190.0000,5.0700,5.2700,5.4700,estimated,4.4700,4.3700,3.9800,5.3700,5.2700,5.0800
2024-03-20,3.5200,2024-03-20,24.5000,2024-03-13,boc_published,3.7650,43.0000,55.0000,60.0000,4.1950,4.3150,4.3650,sourced,150.0000,170.0000,190.0000,5.0200,5.2200,5.4200,estimated,4.4700,4.3700,4.0300,5.3700,5.2700,5.1300
2024-03-21,3.5500,2024-03-21,24.5000,2024-03-13,boc_published,3.7950,43.0000,55.0000,60.0000,4.2250,4.3450,4.3950,sourced,150.0000,170.0000,190.0000,5.0500,5.2500,5.4500,estimated,4.3800,4.3700,4.1000,5.2800,5.2700,5.2000
2024-03-22,3.4800,2024-03-22,24.5000,2024-03-13,boc_published,3.7250,43.0000,55.0000,60.0000,4.1550,4.2750,4.3250,sourced,150.0000,170.0000,190.0000,4.9800,5.1800,5.3800,estimated,4.4100,4.3200,4.1000,5.3100,5.2200,5.2000
2024-03-23,3.4800,2024-03-22,24.5000,2024-03-13,boc_published,3.7250,43.0000,55.0000,60.0000,4.1550,4.2750,4.3250,sourced,150.0000,170.0000,190.0000,4.9800,5.1800,5.3800,estimated,4.4100,4.3300,4.1000,5.3100,5.2300,5.2000
2024-03-24,3.4800,2024-03-22,24.5000,2024-03-13,boc_published,3.7250,43.0000,55.0000,60.0000,4.1550,4.2750,4.3250,sourced,150.0000,170.0000,190.0000,4.9800,5.1800,5.3800,estimated,4.3500,4.3500,4.1000,5.2500,5.2500,5.2000
2024-03-25,3.5100,2024-03-25,24.5000,2024-03-13,boc_published,3.7550,43.0000,55.0000,60.0000,4.1850,4.3050,4.3550,sourced,150.0000,170.0000,190.0000,5.0100,5.2100,5.4100,estimated,4.3500,4.3200,4.1000,5.2500,5.2200,5.2000
2024-03-26,3.5300,2024-03-26,24.5000,2024-03-13,boc_published,3.7750,43.0000,55.0000,60.0000,4.2050,4.3250,4.3750,sourced,150.0000,170.0000,190.0000,5.0300,5.2300,5.4300,estimated,4.3500,4.3800,3.9800,5.2500,5.2800,5.0800
2024-03-27,3.5000,2024-03-27,24.5000,2024-03-13,boc_published,3.7450,43.0000,55.0000,60.0000,4.1750,4.2950,4.3450,sourced,150.0000,170.0000,190.0000,5.0000,5.2000,5.4000,estimated,4.3700,4.3800,4.0000,5.2700,5.2800,5.1000
2024-03-28,3.5100,2024-03-28,24.5000,2024-03-13,boc_published,3.7550,43.0000,55.0000,60.0000,4.1850,4.3050,4.3550,sourced,150.0000,170.0000,190.0000,5.0100,5.2100,5.4100,estimated,4.4300,4.3800,3.9700,5.3300,5.2800,5.0700
2024-03-29,3.5100,2024-03-28,24.5000,2024-03-13,boc_published,3.7550,43.0000,55.0000,60.0000,4.1850,4.3050,4.3550,sourced,150.0000,170.0000,190.0000,5.0100,5.2100,5.4100,estimated,4.4000,4.3100,3.9700,5.3000,5.2100,5.0700
2024-03-30,3.5100,2024-03-28,24.5000,2024-03-13,boc_published,3.7550,43.0000,55.0000,60.0000,4.1850,4.3050,4.3550,sourced,150.0000,170.0000,190.0000,5.0100,5.2100,5.4100,estimated,4.3700,4.2900,3.9700,5.2700,5.1900,5.0700
2024-03-31,3.5100,2024-03-28,24.5000,2024-03-13,boc_published,3.7550,43.0000,55.0000,60.0000,4.1850,4.3050,4.3550,sourced,150.0000,170.0000,190.0000,5.0100,5.2100,5.4100,estimated,4.3000,4.2300,3.9700,5.2000,5.1300,5.0700
2024-04-01,3.6400,2024-04-01,24.5000,2024-03-13,boc_published,3.8850,45.0000,55.0000,70.0000,4.3350,4.4350,4.5850,assumed,150.0000,170.0000,190.0000,5.1400,5.3400,5.5400,estimated,4.3000,4.1400,4.0500,5.2000,5.0400,4.9500
2024-04-02,3.6400,2024-04-02,24.5000,2024-03-13,boc_published,3.8850,45.0000,55.0000,70.0000,4.3350,4.4350,4.5850,assumed,150.0000,170.0000,190.0000,5.1400,5.3400,5.5400,estimated,4.3000,4.2800,4.0400,5.2000,5.1800,4.9400
2024-04-03,3.6200,2024-04-03,24.5000,2024-03-13,boc_published,3.8650,45.0000,55.0000,70.0000,4.3150,4.4150,4.5650,assumed,150.0000,170.0000,190.0000,5.1200,5.3200,5.5200,estimated,4.3200,4.2800,4.1300,5.2200,5.1800,5.0300
2024-04-04,3.5800,2024-04-04,24.5000,2024-03-13,boc_published,3.8250,45.0000,55.0000,70.0000,4.2750,4.3750,4.5250,assumed,150.0000,170.0000,190.0000,5.0800,5.2800,5.4800,estimated,4.2300,4.2800,4.1600,5.1300,5.1800,5.0600
2024-04-05,3.6200,2024-04-05,24.5000,2024-03-13,boc_published,3.8650,45.0000,55.0000,70.0000,4.3150,4.4150,4.5650,assumed,150.0000,170.0000,190.0000,5.1200,5.3200,5.5200,estimated,4.2300,4.4000,4.1600,5.1300,5.3000,5.0600
2024-04-06,3.6200,2024-04-05,24.5000,2024-03-13,boc_published,3.8650,45.0000,55.0000,70.0000,4.3150,4.4150,4.5650,assumed,150.0000,170.0000,190.0000,5.1200,5.3200,5.5200,estimated,4.2400,4.3200,4.1600,5.1400,5.2200,5.0600
2024-04-07,3.6200,2024-04-05,24.5000,2024-03-13,boc_published,3.8650,45.0000,55.0000,70.0000,4.3150,4.4150,4.5650,assumed,150.0000,170.0000,190.0000,5.1200,5.3200,5.5200,estimated,4.2000,4.3700,4.1300,5.1000,5.2700,5.0300
2024-04-08,3.6500,2024-04-08,24.5000,2024-03-13,boc_published,3.8950,45.0000,55.0000,70.0000,4.3450,4.4450,4.5950,assumed,150.0000,170.0000,190.0000,5.1500,5.3500,5.5500,estimated,4.2000,4.4600,4.1200,5.1000,5.3600,5.0200
2024-04-09,3.5900,2024-04-09,24.5000,2024-03-13,boc_published,3.8350,45.0000,55.0000,70.0000,4.2850,4.3850,4.5350,assumed,150.0000,170.0000,190.0000,5.0900,5.2900,5.4900,estimated,4.2000,4.4500,4.1600,5.1000,5.3500,5.0600
2024-04-10,3.7400,2024-04-10,24.5000,2024-03-13,boc_published,3.9850,45.0000,55.0000,70.0000,4.4350,4.5350,4.6850,assumed,150.0000,170.0000,190.0000,5.2400,5.4400,5.6400,estimated,4.2200,4.4500,4.1100,5.1200,5.3500,5.0100
2024-04-11,3.7700,2024-04-11,24.5000,2024-03-13,boc_published,4.0150,45.0000,55.0000,70.0000,4.4650,4.5650,4.7150,assumed,150.0000,170.0000,190.0000,5.2700,5.4700,5.6700,estimated,4.2700,4.4500,4.0800,5.1700,5.3500,4.9800
2024-04-12,3.6900,2024-04-12,24.5000,2024-03-13,boc_published,3.9350,45.0000,55.0000,70.0000,4.3850,4.4850,4.6350,assumed,150.0000,170.0000,190.0000,5.1900,5.3900,5.5900,estimated,4.2950,4.4900,4.0800,5.2000,5.3900,4.9800
2024-04-13,3.6900,2024-04-12,24.5000,2024-03-13,boc_published,3.9350,45.0000,55.0000,70.0000,4.3850,4.4850,4.6350,assumed,150.0000,170.0000,190.0000,5.1900,5.3900,5.5900,estimated,4.3950,4.6000,4.0800,5.3000,5.5000,4.9800
2024-04-14,3.6900,2024-04-12,24.5000,2024-03-13,boc_published,3.9350,45.0000,55.0000,70.0000,4.3850,4.4850,4.6350,assumed,150.0000,170.0000,190.0000,5.1900,5.3900,5.5900,estimated,4.4150,4.4900,4.0700,5.3200,5.3900,4.9700
2024-04-15,3.7700,2024-04-15,24.5000,2024-03-13,boc_published,4.0150,45.0000,55.0000,70.0000,4.4650,4.5650,4.7150,assumed,150.0000,170.0000,190.0000,5.2700,5.4700,5.6700,estimated,4.4150,4.4700,4.2000,5.3200,5.3700,5.1000
2024-04-16,3.7600,2024-04-16,24.5000,2024-03-13,boc_published,4.0050,45.0000,55.0000,70.0000,4.4550,4.5550,4.7050,assumed,150.0000,170.0000,190.0000,5.2600,5.4600,5.6600,estimated,4.4150,4.4700,4.3100,5.3200,5.3700,5.2100
2024-04-17,3.7300,2024-04-17,24.5000,2024-03-13,boc_published,3.9750,45.0000,55.0000,70.0000,4.4250,4.5250,4.6750,assumed,150.0000,170.0000,190.0000,5.2300,5.4300,5.6300,estimated,4.4650,4.4700,4.3400,5.3700,5.3700,5.2400
2024-04-18,3.7900,2024-04-18,24.5000,2024-03-13,boc_published,4.0350,45.0000,55.0000,70.0000,4.4850,4.5850,4.7350,assumed,150.0000,170.0000,190.0000,5.2900,5.4900,5.6900,estimated,4.3650,4.4700,4.3700,5.2700,5.3700,5.2700
2024-04-19,3.7700,2024-04-19,24.5000,2024-03-13,boc_published,4.0150,45.0000,55.0000,70.0000,4.4650,4.5650,4.7150,assumed,150.0000,170.0000,190.0000,5.2700,5.4700,5.6700,estimated,4.3150,4.4700,4.3700,5.2200,5.3700,5.2700
2024-04-20,3.7700,2024-04-19,24.5000,2024-03-13,boc_published,4.0150,45.0000,55.0000,70.0000,4.4650,4.5650,4.7150,assumed,150.0000,170.0000,190.0000,5.2700,5.4700,5.6700,estimated,4.3450,4.3800,4.3700,5.2500,5.2800,5.2700
2024-04-21,3.7700,2024-04-19,24.5000,2024-03-13,boc_published,4.0150,45.0000,55.0000,70.0000,4.4650,4.5650,4.7150,assumed,150.0000,170.0000,190.0000,5.2700,5.4700,5.6700,estimated,4.2750,4.4100,4.3200,5.1800,5.3100,5.2200
2024-04-22,3.7900,2024-04-22,24.5000,2024-03-13,boc_published,4.0350,45.0000,55.0000,70.0000,4.4850,4.5850,4.7350,assumed,150.0000,170.0000,190.0000,5.2900,5.4900,5.6900,estimated,4.2750,4.4100,4.3300,5.1800,5.3100,5.2300
2024-04-23,3.7900,2024-04-23,24.5000,2024-03-13,boc_published,4.0350,45.0000,55.0000,70.0000,4.4850,4.5850,4.7350,assumed,150.0000,170.0000,190.0000,5.2900,5.4900,5.6900,estimated,4.2750,4.3500,4.3500,5.1800,5.2500,5.2500
2024-04-24,3.8200,2024-04-24,24.5000,2024-03-13,boc_published,4.0650,45.0000,55.0000,70.0000,4.5150,4.6150,4.7650,assumed,150.0000,170.0000,190.0000,5.3200,5.5200,5.7200,estimated,4.3050,4.3500,4.3200,5.2100,5.2500,5.2200
2024-04-25,3.8900,2024-04-25,24.5000,2024-03-13,boc_published,4.1350,45.0000,55.0000,70.0000,4.5850,4.6850,4.8350,assumed,150.0000,170.0000,190.0000,5.3900,5.5900,5.7900,estimated,4.3250,4.3500,4.3800,5.2300,5.2500,5.2800
2024-04-26,3.8600,2024-04-26,24.5000,2024-03-13,boc_published,4.1050,45.0000,55.0000,70.0000,4.5550,4.6550,4.8050,assumed,150.0000,170.0000,190.0000,5.3600,5.5600,5.7600,estimated,4.2950,4.3700,4.3800,5.2000,5.2700,5.2800
2024-04-27,3.8600,2024-04-26,24.5000,2024-03-13,boc_published,4.1050,45.0000,55.0000,70.0000,4.5550,4.6550,4.8050,assumed,150.0000,170.0000,190.0000,5.3600,5.5600,5.7600,estimated,4.3050,4.4300,4.3800,5.2100,5.3300,5.2800
2024-04-28,3.8600,2024-04-26,24.5000,2024-03-13,boc_published,4.1050,45.0000,55.0000,70.0000,4.5550,4.6550,4.8050,assumed,150.0000,170.0000,190.0000,5.3600,5.5600,5.7600,estimated,4.3050,4.4000,4.3100,5.2100,5.3000,5.2100
2024-04-29,3.8100,2024-04-29,24.5000,2024-03-13,boc_published,4.0550,45.0000,55.0000,70.0000,4.5050,4.6050,4.7550,assumed,150.0000,170.0000,190.0000,5.3100,5.5100,5.7100,estimated,4.3050,4.3700,4.2900,5.2100,5.2700,5.1900
2024-04-30,3.8700,2024-04-30,24.5000,2024-03-13,boc_published,4.1150,45.0000,55.0000,70.0000,4.5650,4.6650,4.8150,assumed,150.0000,170.0000,190.0000,5.3700,5.5700,5.7700,estimated,4.3050,4.3000,4.2300,5.2100,5.2000,5.1300
2024-05-01,3.8100,2024-05-01,24.5000,2024-03-13,boc_published,4.0550,45.0000,55.0000,70.0000,4.5050,4.6050,4.7550,assumed,150.0000,170.0000,190.0000,5.3100,5.5100,5.7100,estimated,4.4350,4.3000,4.1400,5.3400,5.2000,5.0400
2024-05-02,3.7600,2024-05-02,24.5000,2024-03-13,boc_published,4.0050,45.0000,55.0000,70.0000,4.4550,4.5550,4.7050,assumed,150.0000,170.0000,190.0000,5.2600,5.4600,5.6600,estimated,4.4350,4.3000,4.2800,5.3400,5.2000,5.1800
2024-05-03,3.6700,2024-05-03,24.5000,2024-03-13,boc_published,3.9150,45.0000,55.0000,70.0000,4.3650,4.4650,4.6150,assumed,150.0000,170.0000,190.0000,5.1700,5.3700,5.5700,estimated,4.4150,4.3200,4.2800,5.3200,5.2200,5.1800
2024-05-04,3.6700,2024-05-03,24.5000,2024-03-13,boc_published,3.9150,45.0000,55.0000,70.0000,4.3650,4.4650,4.6150,assumed,150.0000,170.0000,190.0000,5.1700,5.3700,5.5700,estimated,4.3750,4.2300,4.2800,5.2800,5.1300,5.1800
2024-05-05,3.6700,2024-05-03,24.5000,2024-03-13,boc_published,3.9150,45.0000,55.0000,70.0000,4.3650,4.4650,4.6150,assumed,150.0000,170.0000,190.0000,5.1700,5.3700,5.5700,estimated,4.4150,4.2300,4.4000,5.3200,5.1300,5.3000
2024-05-06,3.6500,2024-05-06,24.5000,2024-03-13,boc_published,3.8950,45.0000,55.0000,70.0000,4.3450,4.4450,4.5950,assumed,150.0000,170.0000,190.0000,5.1500,5.3500,5.5500,estimated,4.4150,4.2400,4.3200,5.3200,5.1400,5.2200
2024-05-07,3.6300,2024-05-07,24.5000,2024-03-13,boc_published,3.8750,45.0000,55.0000,70.0000,4.3250,4.4250,4.5750,assumed,150.0000,170.0000,190.0000,5.1300,5.3300,5.5300,estimated,4.4150,4.2000,4.3700,5.3200,5.1000,5.2700
2024-05-08,3.6800,2024-05-08,24.5000,2024-03-13,boc_published,3.9250,45.0000,55.0000,70.0000,4.3750,4.4750,4.6250,assumed,150.0000,170.0000,190.0000,5.1800,5.3800,5.5800,estimated,4.4450,4.2000,4.4600,5.3500,5.1000,5.3600
2024-05-09,3.6800,2024-05-09,24.5000,2024-03-13,boc_published,3.9250,45.0000,55.0000,70.0000,4.3750,4.4750,4.6250,assumed,150.0000,170.0000,190.0000,5.1800,5.3800,5.5800,estimated,4.3850,4.2000,4.4500,5.2900,5.1000,5.3500
2024-05-10,3.7700,2024-05-10,24.5000,2024-03-13,boc_published,4.0150,45.0000,55.0000,70.0000,4.4650,4.5650,4.7150,assumed,150.0000,170.0000,190.0000,5.2700,5.4700,5.6700,estimated,4.5350,4.2200,4.4500,5.4400,5.1200,5.3500
2024-05-11,3.7700,2024-05-10,24.5000,2024-03-13,boc_published,4.0150,45.0000,55.0000,70.0000,4.4650,4.5650,4.7150,assumed,150.0000,170.0000,190.0000,5.2700,5.4700,5.6700,estimated,4.5650,4.2700,4.4500,5.4700,5.1700,5.3500
2024-05-12,3.7700,2024-05-10,24.5000,2024-03-13,boc_published,4.0150,45.0000,55.0000,70.0000,4.4650,4.5650,4.7150,assumed,150.0000,170.0000,190.0000,5.2700,5.4700,5.6700,estimated,4.4850,4.2950,4.4900,5.3900,5.2000,5.3900
2024-05-13,3.7600,2024-05-13,24.5000,2024-03-13,boc_published,4.0050,45.0000,55.0000,70.0000,4.4550,4.5550,4.7050,assumed,150.0000,170.0000,190.0000,5.2600,5.4600,5.6600,estimated,4.4850,4.3950,4.6000,5.3900,5.3000,5.5000
2024-05-14,3.7600,2024-05-14,24.5000,2024-03-13,boc_published,4.0050,45.0000,55.0000,70.0000,4.4550,4.5550,4.7050,assumed,150.0000,170.0000,190.0000,5.2600,5.4600,5.6600,estimated,4.4850,4.4150,4.4900,5.3900,5.3200,5.3900
2024-05-15,3.6400,2024-05-15,24.5000,2024-03-13,boc_published,3.8850,45.0000,55.0000,70.0000,4.3350,4.4350,4.5850,assumed,150.0000,170.0000,190.0000,5.1400,5.3400,5.5400,estimated,4.5650,4.4150,4.4700,5.4700,5.3200,5.3700
2024-05-16,3.6400,2024-05-16,24.5000,2024-03-13,boc_published,3.8850,45.0000,55.0000,70.0000,4.3350,4.4350,4.5850,assumed,150.0000,170.0000,190.0000,5.1400,5.3400,5.5400,estimated,4.5550,4.4150,4.4700,5.4600,5.3200,5.3700
2024-05-17,3.6900,2024-05-17,24.5000,2024-03-13,boc_published,3.9350,45.0000,55.0000,70.0000,4.3850,4.4850,4.6350,assumed,150.0000,170.0000,190.0000,5.1900,5.3900,5.5900,estimated,4.5250,4.4650,4.4700,5.4300,5.3700,5.3700
2024-05-18,3.6900,2024-05-17,24.5000,2024-03-13,boc_published,3.9350,45.0000,55.0000,70.0000,4.3850,4.4850,4.6350,assumed,150.0000,170.0000,190.0000,5.1900,5.3900,5.5900,estimated,4.5850,4.3650,4.4700,5.4900,5.2700,5.3700
2024-05-19,3.6900,2024-05-17,24.5000,2024-03-13,boc_published,3.9350,45.0000,55.0000,70.0000,4.3850,4.4850,4.6350,assumed,150.0000,170.0000,190.0000,5.1900,5.3900,5.5900,estimated,4.5650,4.3150,4.4700,5.4700,5.2200,5.3700
2024-05-20,3.6900,2024-05-17,24.5000,2024-03-13,boc_published,3.9350,45.0000,55.0000,70.0000,4.3850,4.4850,4.6350,assumed,150.0000,170.0000,190.0000,5.1900,5.3900,5.5900,estimated,4.5650,4.3450,4.3800,5.4700,5.2500,5.2800
2024-05-21,3.6300,2024-05-21,24.5000,2024-03-13,boc_published,3.8750,45.0000,55.0000,70.0000,4.3250,4.4250,4.5750,assumed,150.0000,170.0000,190.0000,5.1300,5.3300,5.5300,estimated,4.5650,4.2750,4.4100,5.4700,5.1800,5.3100
2024-05-22,3.6600,2024-05-22,24.5000,2024-03-13,boc_published,3.9050,45.0000,55.0000,70.0000,4.3550,4.4550,4.6050,assumed,150.0000,170.0000,190.0000,5.1600,5.3600,5.5600,estimated,4.5850,4.2750,4.4100,5.4900,5.1800,5.3100
2024-05-23,3.6800,2024-05-23,24.5000,2024-03-13,boc_published,3.9250,45.0000,55.0000,70.0000,4.3750,4.4750,4.6250,assumed,150.0000,170.0000,190.0000,5.1800,5.3800,5.5800,estimated,4.5850,4.2750,4.3500,5.4900,5.1800,5.2500
2024-05-24,3.6800,2024-05-24,24.5000,2024-03-13,boc_published,3.9250,45.0000,55.0000,70.0000,4.3750,4.4750,4.6250,assumed,150.0000,170.0000,190.0000,5.1800,5.3800,5.5800,estimated,4.6150,4.3050,4.3500,5.5200,5.2100,5.2500
2024-05-25,3.6800,2024-05-24,24.5000,2024-03-13,boc_published,3.9250,45.0000,55.0000,70.0000,4.3750,4.4750,4.6250,assumed,150.0000,170.0000,190.0000,5.1800,5.3800,5.5800,estimated,4.6850,4.3250,4.3500,5.5900,5.2300,5.2500
2024-05-26,3.6800,2024-05-24,24.5000,2024-03-13,boc_published,3.9250,45.0000,55.0000,70.0000,4.3750,4.4750,4.6250,assumed,150.0000,170.0000,190.0000,5.1800,5.3800,5.5800,estimated,4.6550,4.2950,4.3700,5.5600,5.2000,5.2700
2024-05-27,3.7100,2024-05-27,24.5000,2024-03-13,boc_published,3.9550,45.0000,55.0000,70.0000,4.4050,4.5050,4.6550,assumed,150.0000,170.0000,190.0000,5.2100,5.4100,5.6100,estimated,4.6550,4.3050,4.4300,5.5600,5.2100,5.3300
2024-05-28,3.7600,2024-05-28,24.5000,2024-03-13,boc_published,4.0050,45.0000,55.0000,70.0000,4.4550,4.5550,4.7050,assumed,150.0000,170.0000,190.0000,5.2600,5.4600,5.6600,estimated,4.6550,4.3050,4.4000,5.5600,5.2100,5.3000
2024-05-29,3.8100,2024-05-29,24.5000,2024-03-13,boc_published,4.0550,45.0000,55.0000,70.0000,4.5050,4.6050,4.7550,assumed,150.0000,170.0000,190.0000,5.3100,5.5100,5.7100,estimated,4.6050,4.3050,4.3700,5.5100,5.2100,5.2700
2024-05-30,3.7600,2024-05-30,24.5000,2024-03-13,boc_published,4.0050,45.0000,55.0000,70.0000,4.4550,4.5550,4.7050,assumed,150.0000,170.0000,190.0000,5.2600,5.4600,5.6600,estimated,4.6650,4.3050,4.3000,5.5700,5.2100,5.2000
2024-05-31,3.6700,2024-05-31,24.5000,2024-03-13,boc_published,3.9150,45.0000,55.0000,70.0000,4.3650,4.4650,4.6150,assumed,150.0000,170.0000,190.0000,5.1700,5.3700,5.5700,estimated,4.6050,4.4350,4.3000,5.5100,5.3400,5.2000
2024-06-01,3.6700,2024-05-31,24.5000,2024-03-13,boc_published,3.9150,45.0000,55.0000,70.0000,4.3650,4.4650,4.6150,assumed,150.0000,170.0000,190.0000,5.1700,5.3700,5.5700,estimated,4.5550,4.4350,4.3000,5.4600,5.3400,5.2000
2024-06-02,3.6700,2024-05-31,24.5000,2024-03-13,boc_published,3.9150,45.0000,55.0000,70.0000,4.3650,4.4650,4.6150,assumed,150.0000,170.0000,190.0000,5.1700,5.3700,5.5700,estimated,4.4650,4.4150,4.3200,5.3700,5.3200,5.2200
2024-06-03,3.5800,2024-06-03,24.5000,2024-03-13,boc_published,3.8250,45.0000,55.0000,70.0000,4.2750,4.3750,4.5250,assumed,150.0000,170.0000,190.0000,5.0800,5.2800,5.4800,estimated,4.4650,4.3750,4.2300,5.3700,5.2800,5.1300
2024-06-04,3.5000,2024-06-04,24.5000,2024-03-13,boc_published,3.7450,45.0000,55.0000,70.0000,4.1950,4.2950,4.4450,assumed,150.0000,170.0000,190.0000,5.0000,5.2000,5.4000,estimated,4.4650,4.4150,4.2300,5.3700,5.3200,5.1300
2024-06-05,3.4100,2024-06-05,24.5000,2024-03-13,boc_published,3.6550,45.0000,55.0000,70.0000,4.1050,4.2050,4.3550,assumed,150.0000,170.0000,190.0000,4.9100,5.1100,5.3100,estimated,4.4450,4.4150,4.2400,5.3500,5.3200,5.1400
2024-06-06,3.4300,2024-06-06,24.5000,2024-03-13,boc_published,3.6750,45.0000,55.0000,70.0000,4.1250,4.2250,4.3750,assumed,150.0000,170.0000,190.0000,4.9300,5.1300,5.3300,estimated,4.4250,4.4150,4.2000,5.3300,5.3200,5.1000
2024-06-07,3.5000,2024-06-07,24.5000,2024-03-13,boc_published,3.7450,45.0000,55.0000,70.0000,4.1950,4.2950,4.4450,assumed,150.0000,170.0000,190.0000,5.0000,5.2000,5.4000,estimated,4.4750,4.4450,4.2000,5.3800,5.3500,5.1000
2024-06-08,3.5000,2024-06-07,24.5000,2024-03-13,boc_published,3.7450,45.0000,55.0000,70.0000,4.1950,4.2950,4.4450,assumed,150.0000,170.0000,190.0000,5.0000,5.2000,5.4000,estimated,4.4750,4.3850,4.2000,5.3800,5.2900,5.1000
2024-06-09,3.5000,2024-06-07,24.5000,2024-03-13,boc_published,3.7450,45.0000,55.0000,70.0000,4.1950,4.2950,4.4450,assumed,150.0000,170.0000,190.0000,5.0000,5.2000,5.4000,estimated,4.5650,4.5350,4.2200,5.4700,5.4400,5.1200
2024-06-10,3.5200,2024-06-10,24.5000,2024-03-13,boc_published,3.7650,45.0000,55.0000,70.0000,4.2150,4.3150,4.4650,assumed,150.0000,170.0000,190.0000,5.0200,5.2200,5.4200,estimated,4.5650,4.5650,4.2700,5.4700,5.4700,5.1700
2024-06-11,3.4900,2024-06-11,24.5000,2024-03-13,boc_published,3.7350,45.0000,55.0000,70.0000,4.1850,4.2850,4.4350,assumed,150.0000,170.0000,190.0000,4.9900,5.1900,5.3900,estimated,4.5650,4.4850,4.2950,5.4700,5.3900,5.2000
2024-06-12,3.4100,2024-06-12,24.5000,2024-03-13,boc_published,3.6550,45.0000,55.0000,70.0000,4.1050,4.2050,4.3550,assumed,150.0000,170.0000,190.0000,4.9100,5.1100,5.3100,estimated,4.5550,4.4850,4.3950,5.4600,5.3900,5.3000
2024-06-13,3.3400,2024-06-13,24.5000,2024-03-13,boc_published,3.5850,45.0000,55.0000,70.0000,4.0350,4.1350,4.2850,assumed,150.0000,170.0000,190.0000,4.8400,5.0400,5.2400,estimated,4.5550,4.4850,4.4150,5.4600,5.3900,5.3200
2024-06-14,3.3100,2024-06-14,24.5000,2024-03-13,boc_published,3.5550,45.0000,55.0000,70.0000,4.0050,4.1050,4.2550,assumed,150.0000,170.0000,190.0000,4.8100,5.0100,5.2100,estimated,4.4350,4.5650,4.4150,5.3400,5.4700,5.3200
2024-06-15,3.3100,2024-06-14,24.5000,2024-03-13,boc_published,3.5550,45.0000,55.0000,70.0000,4.0050,4.1050,4.2550,assumed,150.0000,170.0000,190.0000,4.8100,5.0100,5.2100,estimated,4.4350,4.5550,4.4150,5.3400,5.4600,5.3200
2024-06-16,3.3100,2024-06-14,24.5000,2024-03-13,boc_published,3.5550,45.0000,55.0000,70.0000,4.0050,4.1050,4.2550,assumed,150.0000,170.0000,190.0000,4.8100,5.0100,5.2100,estimated,4.4850,4.5250,4.4650,5.3900,5.4300,5.3700
2024-06-17,3.3400,2024-06-17,24.5000,2024-03-13,boc_published,3.5850,45.0000,55.0000,70.0000,4.0350,4.1350,4.2850,assumed,150.0000,170.0000,190.0000,4.8400,5.0400,5.2400,estimated,4.4850,4.5850,4.3650,5.3900,5.4900,5.2700
2024-06-18,3.2800,2024-06-18,21.0000,2024-06-18,boc_published,3.4900,45.0000,55.0000,70.0000,3.9400,4.0400,4.1900,assumed,150.0000,170.0000,190.0000,4.7800,4.9800,5.1800,estimated,4.4850,4.5650,4.3150,5.3900,5.4700,5.2200
2024-06-19,3.3100,2024-06-19,21.0000,2024-06-18,boc_published,3.5200,45.0000,55.0000,70.0000,3.9700,4.0700,4.2200,assumed,150.0000,170.0000,190.0000,4.8100,5.0100,5.2100,estimated,4.4850,4.5650,4.3450,5.3900,5.4700,5.2500
2024-06-20,3.3600,2024-06-20,21.0000,2024-06-18,boc_published,3.5700,45.0000,55.0000,70.0000,4.0200,4.1200,4.2700,assumed,150.0000,170.0000,190.0000,4.8600,5.0600,5.2600,estimated,4.4250,4.5650,4.2750,5.3300,5.4700,5.1800
2024-06-21,3.3600,2024-06-21,21.0000,2024-06-18,boc_published,3.5700,45.0000,55.0000,70.0000,4.0200,4.1200,4.2700,assumed,150.0000,170.0000,190.0000,4.8600,5.0600,5.2600,estimated,4.4550,4.5850,4.2750,5.3600,5.4900,5.1800
2024-06-22,3.3600,2024-06-21,21.0000,2024-06-18,boc_published,3.5700,45.0000,55.0000,70.0000,4.0200,4.1200,4.2700,assumed,150.0000,170.0000,190.0000,4.8600,5.0600,5.2600,estimated,4.4750,4.5850,4.2750,5.3800,5.4900,5.1800
2024-06-23,3.3600,2024-06-21,21.0000,2024-06-18,boc_published,3.5700,45.0000,55.0000,70.0000,4.0200,4.1200,4.2700,assumed,150.0000,170.0000,190.0000,4.8600,5.0600,5.2600,estimated,4.4750,4.6150,4.3050,5.3800,5.5200,5.2100
2024-06-24,3.3700,2024-06-24,21.0000,2024-06-18,boc_published,3.5800,45.0000,55.0000,70.0000,4.0300,4.1300,4.2800,assumed,150.0000,170.0000,190.0000,4.8700,5.0700,5.2700,estimated,4.4750,4.6850,4.3250,5.3800,5.5900,5.2300
2024-06-25,3.4100,2024-06-25,21.0000,2024-06-18,boc_published,3.6200,45.0000,55.0000,70.0000,4.0700,4.1700,4.3200,assumed,150.0000,170.0000,190.0000,4.9100,5.1100,5.3100,estimated,4.4750,4.6550,4.2950,5.3800,5.5600,5.2000
2024-06-26,3.5100,2024-06-26,21.0000,2024-06-18,boc_published,3.7200,45.0000,55.0000,70.0000,4.1700,4.2700,4.4200,assumed,150.0000,170.0000,190.0000,5.0100,5.2100,5.4100,estimated,4.5050,4.6550,4.3050,5.4100,5.5600,5.2100
2024-06-27,3.5100,2024-06-27,21.0000,2024-06-18,boc_published,3.7200,45.0000,55.0000,70.0000,4.1700,4.2700,4.4200,assumed,150.0000,170.0000,190.0000,5.0100,5.2100,5.4100,estimated,4.5550,4.6550,4.3050,5.4600,5.5600,5.2100
2024-06-28,3.5100,2024-06-28,21.0000,2024-06-18,boc_published,3.7200,45.0000,55.0000,70.0000,4.1700,4.2700,4.4200,assumed,150.0000,170.0000,190.0000,5.0100,5.2100,5.4100,estimated,4.6050,4.6050,4.3050,5.5100,5.5100,5.2100
2024-06-29,3.5100,2024-06-28,21.0000,2024-06-18,boc_published,3.7200,45.0000,55.0000,70.0000,4.1700,4.2700,4.4200,assumed,150.0000,170.0000,190.0000,5.0100,5.2100,5.4100,estimated,4.5550,4.6650,4.3050,5.4600,5.5700,5.2100
2024-06-30,3.5100,2024-06-28,21.0000,2024-06-18,boc_published,3.7200,45.0000,55.0000,70.0000,4.1700,4.2700,4.4200,assumed,150.0000,170.0000,190.0000,5.0100,5.2100,5.4100,estimated,4.4650,4.6050,4.4350,5.3700,5.5100,5.3400
2024-07-01,3.5100,2024-06-28,21.0000,2024-06-18,boc_published,3.7200,45.0000,55.0000,70.0000,4.1700,4.2700,4.4200,assumed,150.0000,170.0000,190.0000,5.0100,5.2100,5.4100,estimated,4.4650,4.5550,4.4350,5.3700,5.4600,5.3400
2024-07-02,3.6000,2024-07-02,21.0000,2024-06-18,boc_published,3.8100,45.0000,55.0000,70.0000,4.2600,4.3600,4.5100,assumed,150.0000,170.0000,190.0000,5.1000,5.3000,5.5000,estimated,4.4650,4.4650,4.4150,5.3700,5.3700,5.3200
2024-07-03,3.5700,2024-07-03,21.0000,2024-06-18,boc_published,3.7800,45.0000,55.0000,70.0000,4.2300,4.3300,4.4800,assumed,150.0000,170.0000,190.0000,5.0700,5.2700,5.4700,estimated,4.3750,4.4650,4.3750,5.2800,5.3700,5.2800
2024-07-04,3.6000,2024-07-04,21.0000,2024-06-18,boc_published,3.8100,45.0000,55.0000,70.0000,4.2600,4.3600,4.5100,assumed,150.0000,170.0000,190.0000,5.1000,5.3000,5.5000,estimated,4.2950,4.4650,4.4150,5.2000,5.3700,5.3200
2024-07-05,3.4900,2024-07-05,21.0000,2024-06-18,boc_published,3.7000,45.0000,55.0000,70.0000,4.1500,4.2500,4.4000,assumed,150.0000,170.0000,190.0000,4.9900,5.1900,5.3900,estimated,4.2050,4.4450,4.4150,5.1100,5.3500,5.3200
2024-07-06,3.4900,2024-07-05,21.0000,2024-06-18,boc_published,3.7000,45.0000,55.0000,70.0000,4.1500,4.2500,4.4000,assumed,150.0000,170.0000,190.0000,4.9900,5.1900,5.3900,estimated,4.2250,4.4250,4.4150,5.1300,5.3300,5.3200
2024-07-07,3.4900,2024-07-05,21.0000,2024-06-18,boc_published,3.7000,45.0000,55.0000,70.0000,4.1500,4.2500,4.4000,assumed,150.0000,170.0000,190.0000,4.9900,5.1900,5.3900,estimated,4.2950,4.4750,4.4450,5.2000,5.3800,5.3500
2024-07-08,3.4600,2024-07-08,21.0000,2024-06-18,boc_published,3.6700,45.0000,55.0000,70.0000,4.1200,4.2200,4.3700,assumed,150.0000,170.0000,190.0000,4.9600,5.1600,5.3600,estimated,4.2950,4.4750,4.3850,5.2000,5.3800,5.2900
2024-07-09,3.4700,2024-07-09,21.0000,2024-06-18,boc_published,3.6800,45.0000,55.0000,70.0000,4.1300,4.2300,4.3800,assumed,150.0000,170.0000,190.0000,4.9700,5.1700,5.3700,estimated,4.2950,4.5650,4.5350,5.2000,5.4700,5.4400
2024-07-10,3.4600,2024-07-10,21.0000,2024-06-18,boc_published,3.6700,45.0000,55.0000,70.0000,4.1200,4.2200,4.3700,assumed,150.0000,170.0000,190.0000,4.9600,5.1600,5.3600,estimated,4.3150,4.5650,4.5650,5.2200,5.4700,5.4700
2024-07-11,3.4000,2024-07-11,21.0000,2024-06-18,boc_published,3.6100,45.0000,55.0000,70.0000,4.0600,4.1600,4.3100,assumed,150.0000,170.0000,190.0000,4.9000,5.1000,5.3000,estimated,4.2850,4.5650,4.4850,5.1900,5.4700,5.3900
2024-07-12,3.3700,2024-07-12,21.0000,2024-06-18,boc_published,3.5800,45.0000,55.0000,70.0000,4.0300,4.1300,4.2800,assumed,150.0000,170.0000,190.0000,4.8700,5.0700,5.2700,estimated,4.2050,4.5550,4.4850,5.1100,5.4600,5.3900
2024-07-13,3.3700,2024-07-12,21.0000,2024-06-18,boc_published,3.5800,45.0000,55.0000,70.0000,4.0300,4.1300,4.2800,assumed,150.0000,170.0000,190.0000,4.8700,5.0700,5.2700,estimated,4.1350,4.5550,4.4850,5.0400,5.4600,5.3900
2024-07-14,3.3700,2024-07-12,21.0000,2024-06-18,boc_published,3.5800,45.0000,55.0000,70.0000,4.0300,4.1300,4.2800,assumed,150.0000,170.0000,190.0000,4.8700,5.0700,5.2700,estimated,4.1050,4.4350,4.5650,5.0100,5.3400,5.4700
2024-07-15,3.3600,2024-07-15,21.0000,2024-06-18,boc_published,3.5700,45.0000,55.0000,70.0000,4.0200,4.1200,4.2700,assumed,150.0000,170.0000,190.0000,4.8600,5.0600,5.2600,estimated,4.1050,4.4350,4.5550,5.0100,5.3400,5.4600
2024-07-16,3.3200,2024-07-16,21.0000,2024-06-18,boc_published,3.5300,45.0000,55.0000,70.0000,3.9800,4.0800,4.2300,assumed,150.0000,170.0000,190.0000,4.8200,5.0200,5.2200,estimated,4.1050,4.4850,4.5250,5.0100,5.3900,5.4300
2024-07-17,3.3100,2024-07-17,21.0000,2024-06-18,boc_published,3.5200,45.0000,55.0000,70.0000,3.9700,4.0700,4.2200,assumed,150.0000,170.0000,190.0000,4.8100,5.0100,5.2100,estimated,4.1350,4.4850,4.5850,5.0400,5.3900,5.4900
2024-07-18,3.3400,2024-07-18,21.0000,2024-06-18,boc_published,3.5500,45.0000,55.0000,70.0000,4.0000,4.1000,4.2500,assumed,150.0000,170.0000,190.0000,4.8400,5.0400,5.2400,estimated,4.0400,4.4850,4.5650,4.9800,5.3900,5.4700
2024-07-19,3.3500,2024-07-19,21.0000,2024-06-18,boc_published,3.5600,45.0000,55.0000,70.0000,4.0100,4.1100,4.2600,assumed,150.0000,170.0000,190.0000,4.8500,5.0500,5.2500,estimated,4.0700,4.4850,4.5650,5.0100,5.3900,5.4700
2024-07-20,3.3500,2024-07-19,21.0000,2024-06-18,boc_published,3.5600,45.0000,55.0000,70.0000,4.0100,4.1100,4.2600,assumed,150.0000,170.0000,190.0000,4.8500,5.0500,5.2500,estimated,4.1200,4.4250,4.5650,5.0600,5.3300,5.4700
2024-07-21,3.3500,2024-07-19,21.0000,2024-06-18,boc_published,3.5600,45.0000,55.0000,70.0000,4.0100,4.1100,4.2600,assumed,150.0000,170.0000,190.0000,4.8500,5.0500,5.2500,estimated,4.1200,4.4550,4.5850,5.0600,5.3600,5.4900
2024-07-22,3.3700,2024-07-22,21.0000,2024-06-18,boc_published,3.5800,45.0000,55.0000,70.0000,4.0300,4.1300,4.2800,assumed,150.0000,170.0000,190.0000,4.8700,5.0700,5.2700,estimated,4.1200,4.4750,4.5850,5.0600,5.3800,5.4900
2024-07-23,3.3300,2024-07-23,21.0000,2024-06-18,boc_published,3.5400,45.0000,55.0000,70.0000,3.9900,4.0900,4.2400,assumed,150.0000,170.0000,190.0000,4.8300,5.0300,5.2300,estimated,4.1200,4.4750,4.6150,5.0600,5.3800,5.5200
2024-07-24,3.3000,2024-07-24,21.0000,2024-06-18,boc_published,3.5100,45.0000,55.0000,70.0000,3.9600,4.0600,4.2100,assumed,150.0000,170.0000,190.0000,4.8000,5.0000,5.2000,estimated,4.1300,4.4750,4.6850,5.0700,5.3800,5.5900
2024-07-25,3.2900,2024-07-25,21.0000,2024-06-18,boc_published,3.5000,45.0000,55.0000,70.0000,3.9500,4.0500,4.2000,assumed,150.0000,170.0000,190.0000,4.7900,4.9900,5.1900,estimated,4.1700,4.4750,4.6550,5.1100,5.3800,5.5600
2024-07-26,3.2300,2024-07-26,21.0000,2024-06-18,boc_published,3.4400,45.0000,55.0000,70.0000,3.8900,3.9900,4.1400,assumed,150.0000,170.0000,190.0000,4.7300,4.9300,5.1300,estimated,4.2700,4.5050,4.6550,5.2100,5.4100,5.5600
2024-07-27,3.2300,2024-07-26,21.0000,2024-06-18,boc_published,3.4400,45.0000,55.0000,70.0000,3.8900,3.9900,4.1400,assumed,150.0000,170.0000,190.0000,4.7300,4.9300,5.1300,estimated,4.2700,4.5550,4.6550,5.2100,5.4600,5.5600
2024-07-28,3.2300,2024-07-26,21.0000,2024-06-18,boc_published,3.4400,45.0000,55.0000,70.0000,3.8900,3.9900,4.1400,assumed,150.0000,170.0000,190.0000,4.7300,4.9300,5.1300,estimated,4.2700,4.6050,4.6050,5.2100,5.5100,5.5100
2024-07-29,3.2000,2024-07-29,21.0000,2024-06-18,boc_published,3.4100,45.0000,55.0000,70.0000,3.8600,3.9600,4.1100,assumed,150.0000,170.0000,190.0000,4.7000,4.9000,5.1000,estimated,4.2700,4.5550,4.6650,5.2100,5.4600,5.5700
2024-07-30,3.1600,2024-07-30,21.0000,2024-06-18,boc_published,3.3700,45.0000,55.0000,70.0000,3.8200,3.9200,4.0700,assumed,150.0000,170.0000,190.0000,4.6600,4.8600,5.0600,estimated,4.2700,4.4650,4.6050,5.2100,5.3700,5.5100
2024-07-31,3.0900,2024-07-31,21.0000,2024-06-18,boc_published,3.3000,45.0000,55.0000,70.0000,3.7500,3.8500,4.0000,assumed,150.0000,170.0000,190.0000,4.5900,4.7900,4.9900,estimated,4.2700,4.4650,4.5550,5.2100,5.3700,5.4600
2024-08-01,3.0200,2024-08-01,21.0000,2024-06-18,boc_published,3.2300,45.0000,55.0000,70.0000,3.6800,3.7800,3.9300,assumed,150.0000,170.0000,190.0000,4.5200,4.7200,4.9200,estimated,4.3600,4.4650,4.4650,5.3000,5.3700,5.3700
2024-08-02,2.8900,2024-08-02,21.0000,2024-06-18,boc_published,3.1000,45.0000,55.0000,70.0000,3.5500,3.6500,3.8000,assumed,150.0000,170.0000,190.0000,4.3900,4.5900,4.7900,estimated,4.3300,4.3750,4.4650,5.2700,5.2800,5.3700
2024-08-03,2.8900,2024-08-02,21.0000,2024-06-18,boc_published,3.1000,45.0000,55.0000,70.0000,3.5500,3.6500,3.8000,assumed,150.0000,170.0000,190.0000,4.3900,4.5900,4.7900,estimated,4.3600,4.2950,4.4650,5.3000,5.2000,5.3700
2024-08-04,2.8900,2024-08-02,21.0000,2024-06-18,boc_published,3.1000,45.0000,55.0000,70.0000,3.5500,3.6500,3.8000,assumed,150.0000,170.0000,190.0000,4.3900,4.5900,4.7900,estimated,4.2500,4.2050,4.4450,5.1900,5.1100,5.3500
2024-08-05,2.8900,2024-08-02,21.0000,2024-06-18,boc_published,3.1000,45.0000,55.0000,70.0000,3.5500,3.6500,3.8000,assumed,150.0000,170.0000,190.0000,4.3900,4.5900,4.7900,estimated,4.2500,4.2250,4.4250,5.1900,5.1300,5.3300
2024-08-06,3.0000,2024-08-06,21.0000,2024-06-18,boc_published,3.2100,45.0000,55.0000,70.0000,3.6600,3.7600,3.9100,assumed,150.0000,170.0000,190.0000,4.5000,4.7000,4.9000,estimated,4.2500,4.2950,4.4750,5.1900,5.2000,5.3800
2024-08-07,3.0300,2024-08-07,21.0000,2024-06-18,boc_published,3.2400,45.0000,55.0000,70.0000,3.6900,3.7900,3.9400,assumed,150.0000,170.0000,190.0000,4.5300,4.7300,4.9300,estimated,4.2200,4.2950,4.4750,5.1600,5.2000,5.3800
2024-08-08,3.0700,2024-08-08,21.0000,2024-06-18,boc_published,3.2800,45.0000,55.0000,70.0000,3.7300,3.8300,3.9800,assumed,150.0000,170.0000,190.0000,4.5700,4.7700,4.9700,estimated,4.2300,4.2950,4.5650,5.1700,5.2000,5.4700
2024-08-09,3.0200,2024-08-09,21.0000,2024-06-18,boc_published,3.2300,45.0000,55.0000,70.0000,3.6800,3.7800,3.9300,assumed,150.0000,170.0000,190.0000,4.5200,4.7200,4.9200,estimated,4.2200,4.3150,4.5650,5.1600,5.2200,5.4700
2024-08-10,3.0200,2024-08-09,21.0000,2024-06-18,boc_published,3.2300,45.0000,55.0000,70.0000,3.6800,3.7800,3.9300,assumed,150.0000,170.0000,190.0000,4.5200,4.7200,4.9200,estimated,4.1600,4.2850,4.5650,5.1000,5.1900,5.4700
2024-08-11,3.0200,2024-08-09,21.0000,2024-06-18,boc_published,3.2300,45.0000,55.0000,70.0000,3.6800,3.7800,3.9300,assumed,150.0000,170.0000,190.0000,4.5200,4.7200,4.9200,estimated,4.1300,4.2050,4.5550,5.0700,5.1100,5.4600
2024-08-12,2.9800,2024-08-12,21.0000,2024-06-18,boc_published,3.1900,45.0000,55.0000,70.0000,3.6400,3.7400,3.8900,assumed,150.0000,170.0000,190.0000,4.4800,4.6800,4.8800,estimated,4.1300,4.1350,4.5550,5.0700,5.0400,5.4600
2024-08-13,2.9200,2024-08-13,21.0000,2024-06-18,boc_published,3.1300,45.0000,55.0000,70.0000,3.5800,3.6800,3.8300,assumed,150.0000,170.0000,190.0000,4.4200,4.6200,4.8200,estimated,4.1300,4.1050,4.4350,5.0700,5.0100,5.3400
2024-08-14,2.9100,2024-08-14,21.0000,2024-06-18,boc_published,3.1200,45.0000,55.0000,70.0000,3.5700,3.6700,3.8200,assumed,150.0000,170.0000,190.0000,4.4100,4.6100,4.8100,estimated,4.1200,4.1050,4.4350,5.0600,5.0100,5.3400
2024-08-15,2.9800,2024-08-15,21.0000,2024-06-18,boc_published,3.1900,45.0000,55.0000,70.0000,3.6400,3.7400,3.8900,assumed,150.0000,170.0000,190.0000,4.4800,4.6800,4.8800,estimated,4.0800,4.1050,4.4850,5.0200,5.0100,5.3900
2024-08-16,2.9800,2024-08-16,21.0000,2024-06-18,boc_published,3.1900,45.0000,55.0000,70.0000,3.6400,3.7400,3.8900,assumed,150.0000,170.0000,190.0000,4.4800,4.6800,4.8800,estimated,4.0700,4.1350,4.4850,5.0100,5.0400,5.3900
2024-08-17,2.9800,2024-08-16,21.0000,2024-06-18,boc_published,3.1900,45.0000,55.0000,70.0000,3.6400,3.7400,3.8900,assumed,150.0000,170.0000,190.0000,4.4800,4.6800,4.8800,estimated,4.1000,4.0400,4.4850,5.0400,4.9800,5.3900
2024-08-18,2.9800,2024-08-16,21.0000,2024-06-18,boc_published,3.1900,45.0000,55.0000,70.0000,3.6400,3.7400,3.8900,assumed,150.0000,170.0000,190.0000,4.4800,4.6800,4.8800,estimated,4.1100,4.0700,4.4850,5.0500,5.0100,5.3900
2024-08-19,2.9900,2024-08-19,21.0000,2024-06-18,boc_published,3.2000,45.0000,55.0000,70.0000,3.6500,3.7500,3.9000,assumed,150.0000,170.0000,190.0000,4.4900,4.6900,4.8900,estimated,4.1100,4.1200,4.4250,5.0500,5.0600,5.3300
2024-08-20,2.9300,2024-08-20,21.0000,2024-06-18,boc_published,3.1400,45.0000,55.0000,70.0000,3.5900,3.6900,3.8400,assumed,150.0000,170.0000,190.0000,4.4300,4.6300,4.8300,estimated,4.1100,4.1200,4.4550,5.0500,5.0600,5.3600
2024-08-21,2.9200,2024-08-21,21.0000,2024-06-18,boc_published,3.1300,45.0000,55.0000,70.0000,3.5800,3.6800,3.8300,assumed,150.0000,170.0000,190.0000,4.4200,4.6200,4.8200,estimated,4.1300,4.1200,4.4750,5.0700,5.0600,5.3800
2024-08-22,2.9800,2024-08-22,21.0000,2024-06-18,boc_published,3.1900,45.0000,55.0000,70.0000,3.6400,3.7400,3.8900,assumed,150.0000,170.0000,190.0000,4.4800,4.6800,4.8800,estimated,4.0900,4.1200,4.4750,5.0300,5.0600,5.3800
2024-08-23,2.9300,2024-08-23,21.0000,2024-06-18,boc_published,3.1400,45.0000,55.0000,70.0000,3.5900,3.6900,3.8400,assumed,150.0000,170.0000,190.0000,4.4300,4.6300,4.8300,estimated,4.0600,4.1300,4.4750,5.0000,5.0700,5.3800
2024-08-24,2.9300,2024-08-23,21.0000,2024-06-18,boc_published,3.1400,45.0000,55.0000,70.0000,3.5900,3.6900,3.8400,assumed,150.0000,170.0000,190.0000,4.4300,4.6300,4.8300,estimated,4.0500,4.1700,4.4750,4.9900,5.1100,5.3800
2024-08-25,2.9300,2024-08-23,21.0000,2024-06-18,boc_published,3.1400,45.0000,55.0000,70.0000,3.5900,3.6900,3.8400,assumed,150.0000,170.0000,190.0000,4.4300,4.6300,4.8300,estimated,3.9900,4.2700,4.5050,4.9300,5.2100,5.4100
2024-08-26,2.9500,2024-08-26,21.0000,2024-06-18,boc_published,3.1600,45.0000,55.0000,70.0000,3.6100,3.7100,3.8600,assumed,150.0000,170.0000,190.0000,4.4500,4.6500,4.8500,estimated,3.9900,4.2700,4.5550,4.9300,5.2100,5.4600
2024-08-27,2.9400,2024-08-27,21.0000,2024-06-18,boc_published,3.1500,45.0000,55.0000,70.0000,3.6000,3.7000,3.8500,assumed,150.0000,170.0000,190.0000,4.4400,4.6400,4.8400,estimated,3.9900,4.2700,4.6050,4.9300,5.2100,5.5100
2024-08-28,2.9700,2024-08-28,21.0000,2024-06-18,boc_published,3.1800,45.0000,55.0000,70.0000,3.6300,3.7300,3.8800,assumed,150.0000,170.0000,190.0000,4.4700,4.6700,4.8700,estimated,3.9600,4.2700,4.5550,4.9000,5.2100,5.4600
2024-08-29,3.0100,2024-08-29,21.0000,2024-06-18,boc_published,3.2200,45.0000,55.0000,70.0000,3.6700,3.7700,3.9200,assumed,150.0000,170.0000,190.0000,4.5100,4.7100,4.9100,estimated,3.9200,4.2700,4.4650,4.8600,5.2100,5.3700
2024-08-30,3.0300,2024-08-30,21.0000,2024-06-18,boc_published,3.2400,45.0000,55.0000,70.0000,3.6900,3.7900,3.9400,assumed,150.0000,170.0000,190.0000,4.5300,4.7300,4.9300,estimated,3.8500,4.2700,4.4650,4.7900,5.2100,5.3700
2024-08-31,3.0300,2024-08-30,21.0000,2024-06-18,boc_published,3.2400,45.0000,55.0000,70.0000,3.6900,3.7900,3.9400,assumed,150.0000,170.0000,190.0000,4.5300,4.7300,4.9300,estimated,3.7800,4.3600,4.4650,4.7200,5.3000,5.3700
2024-09-01,3.0300,2024-08-30,21.0000,2024-06-18,boc_published,3.2400,45.0000,55.0000,70.0000,3.6900,3.7900,3.9400,assumed,150.0000,170.0000,190.0000,4.5300,4.7300,4.9300,estimated,3.6500,4.3300,4.3750,4.5900,5.2700,5.2800
2024-09-02,3.0300,2024-08-30,21.0000,2024-06-18,boc_published,3.2400,45.0000,55.0000,70.0000,3.6900,3.7900,3.9400,assumed,150.0000,170.0000,190.0000,4.5300,4.7300,4.9300,estimated,3.6500,4.3600,4.2950,4.5900,5.3000,5.2000
2024-09-03,2.9400,2024-09-03,21.0000,2024-06-18,boc_published,3.1500,45.0000,55.0000,70.0000,3.6000,3.7000,3.8500,assumed,150.0000,170.0000,190.0000,4.4400,4.6400,4.8400,estimated,3.6500,4.2500,4.2050,4.5900,5.1900,5.1100
2024-09-04,2.8600,2024-09-04,21.0000,2024-06-18,boc_published,3.0700,45.0000,55.0000,70.0000,3.5200,3.6200,3.7700,assumed,150.0000,170.0000,190.0000,4.3600,4.5600,4.7600,estimated,3.6500,4.2500,4.2250,4.5900,5.1900,5.1300
2024-09-05,2.8300,2024-09-05,21.0000,2024-06-18,boc_published,3.0400,45.0000,55.0000,70.0000,3.4900,3.5900,3.7400,assumed,150.0000,170.0000,190.0000,4.3300,4.5300,4.7300,estimated,3.7600,4.2500,4.2950,4.7000,5.1900,5.2000
2024-09-06,2.8000,2024-09-06,21.0000,2024-06-18,boc_published,3.0100,45.0000,55.0000,70.0000,3.4600,3.5600,3.7100,assumed,150.0000,170.0000,190.0000,4.3000,4.5000,4.7000,estimated,3.7900,4.2200,4.2950,4.7300,5.1600,5.2000
2024-09-07,2.8000,2024-09-06,21.0000,2024-06-18,boc_published,3.0100,45.0000,55.0000,70.0000,3.4600,3.5600,3.7100,assumed,150.0000,170.0000,190.0000,4.3000,4.5000,4.7000,estimated,3.8300,4.2300,4.2950,4.7700,5.1700,5.2000
2024-09-08,2.8000,2024-09-06,21.0000,2024-06-18,boc_published,3.0100,45.0000,55.0000,70.0000,3.4600,3.5600,3.7100,assumed,150.0000,170.0000,190.0000,4.3000,4.5000,4.7000,estimated,3.7800,4.2200,4.3150,4.7200,5.1600,5.2200
2024-09-09,2.7700,2024-09-09,21.0000,2024-06-18,boc_published,2.9800,45.0000,55.0000,70.0000,3.4300,3.5300,3.6800,assumed,150.0000,170.0000,190.0000,4.2700,4.4700,4.6700,estimated,3.7800,4.1600,4.2850,4.7200,5.1000,5.1900
2024-09-10,2.7300,2024-09-10,21.0000,2024-06-18,boc_published,2.9400,45.0000,55.0000,70.0000,3.3900,3.4900,3.6400,assumed,150.0000,170.0000,190.0000,4.2300,4.4300,4.6300,estimated,3.7800,4.1300,4.2050,4.7200,5.0700,5.1100
2024-09-11,2.7500,2024-09-11,21.0000,2024-06-18,boc_published,2.9600,45.0000,55.0000,70.0000,3.4100,3.5100,3.6600,assumed,150.0000,170.0000,190.0000,4.2500,4.4500,4.6500,estimated,3.7400,4.1300,4.1350,4.6800,5.0700,5.0400
2024-09-12,2.7400,2024-09-12,21.0000,2024-06-18,boc_published,2.9500,45.0000,55.0000,70.0000,3.4000,3.5000,3.6500,assumed,150.0000,170.0000,190.0000,4.2400,4.4400,4.6400,estimated,3.6800,4.1300,4.1050,4.6200,5.0700,5.0100
2024-09-13,2.7200,2024-09-13,21.0000,2024-06-18,boc_published,2.9300,45.0000,55.0000,70.0000,3.3800,3.4800,3.6300,assumed,150.0000,170.0000,190.0000,4.2200,4.4200,4.6200,estimated,3.6700,4.1200,4.1050,4.6100,5.0600,5.0100
2024-09-14,2.7200,2024-09-13,21.0000,2024-06-18,boc_published,2.9300,45.0000,55.0000,70.0000,3.3800,3.4800,3.6300,assumed,150.0000,170.0000,190.0000,4.2200,4.4200,4.6200,estimated,3.7400,4.0800,4.1050,4.6800,5.0200,5.0100
2024-09-15,2.7200,2024-09-13,21.0000,2024-06-18,boc_published,2.9300,45.0000,55.0000,70.0000,3.3800,3.4800,3.6300,assumed,150.0000,170.0000,190.0000,4.2200,4.4200,4.6200,estimated,3.7400,4.0700,4.1350,4.6800,5.0100,5.0400
2024-09-16,2.6800,2024-09-16,21.0000,2024-06-18,boc_published,2.8900,45.0000,55.0000,70.0000,3.3400,3.4400,3.5900,assumed,150.0000,170.0000,190.0000,4.1800,4.3800,4.5800,estimated,3.7400,4.1000,4.0400,4.6800,5.0400,4.9800
2024-09-17,2.7200,2024-09-17,21.0000,2024-06-18,boc_published,2.9300,45.0000,55.0000,70.0000,3.3800,3.4800,3.6300,assumed,150.0000,170.0000,190.0000,4.2200,4.4200,4.6200,estimated,3.7400,4.1100,4.0700,4.6800,5.0500,5.0100
2024-09-18,2.7400,2024-09-18,21.0000,2024-06-18,boc_published,2.9500,45.0000,55.0000,70.0000,3.4000,3.5000,3.6500,assumed,150.0000,170.0000,190.0000,4.2400,4.4400,4.6400,estimated,3.7500,4.1100,4.1200,4.6900,5.0500,5.0600
2024-09-19,2.7200,2024-09-19,19.5000,2024-09-19,boc_published,2.9150,45.0000,55.0000,70.0000,3.3650,3.4650,3.6150,assumed,150.0000,170.0000,190.0000,4.2200,4.4200,4.6200,estimated,3.6900,4.1100,4.1200,4.6300,5.0500,5.0600
2024-09-20,2.7300,2024-09-20,19.5000,2024-09-19,boc_published,2.9250,45.0000,55.0000,70.0000,3.3750,3.4750,3.6250,assumed,150.0000,170.0000,190.0000,4.2300,4.4300,4.6300,estimated,3.6800,4.1300,4.1200,4.6200,5.0700,5.0600
2024-09-21,2.7300,2024-09-20,19.5000,2024-09-19,boc_published,2.9250,45.0000,55.0000,70.0000,3.3750,3.4750,3.6250,assumed,150.0000,170.0000,190.0000,4.2300,4.4300,4.6300,estimated,3.7400,4.0900,4.1200,4.6800,5.0300,5.0600
2024-09-22,2.7300,2024-09-20,19.5000,2024-09-19,boc_published,2.9250,45.0000,55.0000,70.0000,3.3750,3.4750,3.6250,assumed,150.0000,170.0000,190.0000,4.2300,4.4300,4.6300,estimated,3.6900,4.0600,4.1300,4.6300,5.0000,5.0700
2024-09-23,2.7400,2024-09-23,19.5000,2024-09-19,boc_published,2.9350,45.0000,55.0000,70.0000,3.3850,3.4850,3.6350,assumed,150.0000,170.0000,190.0000,4.2400,4.4400,4.6400,estimated,3.6900,4.0500,4.1700,4.6300,4.9900,5.1100
2024-09-24,2.7400,2024-09-24,19.5000,2024-09-19,boc_published,2.9350,45.0000,55.0000,70.0000,3.3850,3.4850,3.6350,assumed,150.0000,170.0000,190.0000,4.2400,4.4400,4.6400,estimated,3.6900,3.9900,4.2700,4.6300,4.9300,5.2100
2024-09-25,2.7900,2024-09-25,19.5000,2024-09-19,boc_published,2.9850,45.0000,55.0000,70.0000,3.4350,3.5350,3.6850,assumed,150.0000,170.0000,190.0000,4.2900,4.4900,4.6900,estimated,3.7100,3.9900,4.2700,4.6500,4.9300,5.2100
2024-09-26,2.8000,2024-09-26,19.5000,2024-09-19,boc_published,2.9950,45.0000,55.0000,70.0000,3.4450,3.5450,3.6950,assumed,150.0000,170.0000,190.0000,4.3000,4.5000,4.7000,estimated,3.7000,3.9900,4.2700,4.6400,4.9300,5.2100
2024-09-27,2.7300,2024-09-27,19.5000,2024-09-19,boc_published,2.9250,45.0000,55.0000,70.0000,3.3750,3.4750,3.6250,assumed,150.0000,170.0000,190.0000,4.2300,4.4300,4.6300,estimated,3.7300,3.9600,4.2700,4.6700,4.9000,5.2100
2024-09-28,2.7300,2024-09-27,19.5000,2024-09-19,boc_published,2.9250,45.0000,55.0000,70.0000,3.3750,3.4750,3.6250,assumed,150.0000,170.0000,190.0000,4.2300,4.4300,4.6300,estimated,3.7700,3.9200,4.2700,4.7100,4.8600,5.2100
2024-09-29,2.7300,2024-09-27,19.5000,2024-09-19,boc_published,2.9250,45.0000,55.0000,70.0000,3.3750,3.4750,3.6250,assumed,150.0000,170.0000,190.0000,4.2300,4.4300,4.6300,estimated,3.7900,3.8500,4.2700,4.7300,4.7900,5.2100
2024-09-30,2.7300,2024-09-27,19.5000,2024-09-19,boc_published,2.9250,45.0000,55.0000,70.0000,3.3750,3.4750,3.6250,assumed,150.0000,170.0000,190.0000,4.2300,4.4300,4.6300,estimated,3.7900,3.7800,4.3600,4.7300,4.7200,5.3000
2024-10-01,2.7400,2024-10-01,19.5000,2024-09-19,boc_published,2.9350,45.0000,55.0000,70.0000,3.3850,3.4850,3.6350,assumed,150.0000,170.0000,190.0000,4.2400,4.4400,4.6400,estimated,3.7900,3.6500,4.3300,4.7300,4.5900,5.2700
2024-10-02,2.8000,2024-10-02,19.5000,2024-09-19,boc_published,2.9950,45.0000,55.0000,70.0000,3.4450,3.5450,3.6950,assumed,150.0000,170.0000,190.0000,4.3000,4.5000,4.7000,estimated,3.7900,3.6500,4.3600,4.7300,4.5900,5.3000
2024-10-03,2.8800,2024-10-03,19.5000,2024-09-19,boc_published,3.0750,45.0000,55.0000,70.0000,3.5250,3.6250,3.7750,assumed,150.0000,170.0000,190.0000,4.3800,4.5800,4.7800,estimated,3.7000,3.6500,4.2500,4.6400,4.5900,5.1900
2024-10-04,3.0100,2024-10-04,19.5000,2024-09-19,boc_published,3.2050,45.0000,55.0000,70.0000,3.6550,3.7550,3.9050,assumed,150.0000,170.0000,190.0000,4.5100,4.7100,4.9100,estimated,3.6200,3.6500,4.2500,4.5600,4.5900,5.1900
2024-10-05,3.0100,2024-10-04,19.5000,2024-09-19,boc_published,3.2050,45.0000,55.0000,70.0000,3.6550,3.7550,3.9050,assumed,150.0000,170.0000,190.0000,4.5100,4.7100,4.9100,estimated,3.5900,3.7600,4.2500,4.5300,4.7000,5.1900
2024-10-06,3.0100,2024-10-04,19.5000,2024-09-19,boc_published,3.2050,45.0000,55.0000,70.0000,3.6550,3.7550,3.9050,assumed,150.0000,170.0000,190.0000,4.5100,4.7100,4.9100,estimated,3.5600,3.7900,4.2200,4.5000,4.7300,5.1600
2024-10-07,3.0600,2024-10-07,19.5000,2024-09-19,boc_published,3.2550,45.0000,55.0000,70.0000,3.7050,3.8050,3.9550,assumed,150.0000,170.0000,190.0000,4.5600,4.7600,4.9600,estimated,3.5600,3.8300,4.2300,4.5000,4.7700,5.1700
2024-10-08,3.0600,2024-10-08,19.5000,2024-09-19,boc_published,3.2550,45.0000,55.0000,70.0000,3.7050,3.8050,3.9550,assumed,150.0000,170.0000,190.0000,4.5600,4.7600,4.9600,estimated,3.5600,3.7800,4.2200,4.5000,4.7200,5.1600
2024-10-09,3.0700,2024-10-09,19.5000,2024-09-19,boc_published,3.2650,45.0000,55.0000,70.0000,3.7150,3.8150,3.9650,assumed,150.0000,170.0000,190.0000,4.5700,4.7700,4.9700,estimated,3.5300,3.7800,4.1600,4.4700,4.7200,5.1000
2024-10-10,3.0100,2024-10-10,19.5000,2024-09-19,boc_published,3.2050,45.0000,55.0000,70.0000,3.6550,3.7550,3.9050,assumed,150.0000,170.0000,190.0000,4.5100,4.7100,4.9100,estimated,3.4900,3.7800,4.1300,4.4300,4.7200,5.0700
2024-10-11,2.9800,2024-10-11,19.5000,2024-09-19,boc_published,3.1750,45.0000,55.0000,70.0000,3.6250,3.7250,3.8750,assumed,150.0000,170.0000,190.0000,4.4800,4.6800,4.8800,estimated,3.5100,3.7400,4.1300,4.4500,4.6800,5.0700
2024-10-12,2.9800,2024-10-11,19.5000,2024-09-19,boc_published,3.1750,45.0000,55.0000,70.0000,3.6250,3.7250,3.8750,assumed,150.0000,170.0000,190.0000,4.4800,4.6800,4.8800,estimated,3.5000,3.6800,4.1300,4.4400,4.6200,5.0700
2024-10-13,2.9800,2024-10-11,19.5000,2024-09-19,boc_published,3.1750,45.0000,55.0000,70.0000,3.6250,3.7250,3.8750,assumed,150.0000,170.0000,190.0000,4.4800,4.6800,4.8800,estimated,3.4800,3.6700,4.1200,4.4200,4.6100,5.0600
2024-10-14,2.9800,2024-10-11,19.5000,2024-09-19,boc_published,3.1750,45.0000,55.0000,70.0000,3.6250,3.7250,3.8750,assumed,150.0000,170.0000,190.0000,4.4800,4.6800,4.8800,estimated,3.4800,3.7400,4.0800,4.4200,4.6800,5.0200
2024-10-15,2.9100,2024-10-15,19.5000,2024-09-19,boc_published,3.1050,45.0000,55.0000,70.0000,3.5550,3.6550,3.8050,assumed,150.0000,170.0000,190.0000,4.4100,4.6100,4.8100,estimated,3.4800,3.7400,4.0700,4.4200,4.6800,5.0100
2024-10-16,2.8800,2024-10-16,19.5000,2024-09-19,boc_published,3.0750,45.0000,55.0000,70.0000,3.5250,3.6250,3.7750,assumed,150.0000,170.0000,190.0000,4.3800,4.5800,4.7800,estimated,3.4400,3.7400,4.1000,4.3800,4.6800,5.0400
2024-10-17,2.9300,2024-10-17,19.5000,2024-09-19,boc_published,3.1250,45.0000,55.0000,70.0000,3.5750,3.6750,3.8250,assumed,150.0000,170.0000,190.0000,4.4300,4.6300,4.8300,estimated,3.4800,3.7400,4.1100,4.4200,4.6800,5.0500
2024-10-18,2.9000,2024-10-18,19.5000,2024-09-19,boc_published,3.0950,45.0000,55.0000,70.0000,3.5450,3.6450,3.7950,assumed,150.0000,170.0000,190.0000,4.4000,4.6000,4.8000,estimated,3.5000,3.7500,4.1100,4.4400,4.6900,5.0500
2024-10-19,2.9000,2024-10-18,19.5000,2024-09-19,boc_published,3.0950,45.0000,55.0000,70.0000,3.5450,3.6450,3.7950,assumed,150.0000,170.0000,190.0000,4.4000,4.6000,4.8000,estimated,3.4650,3.6900,4.1100,4.4200,4.6300,5.0500
2024-10-20,2.9000,2024-10-18,19.5000,2024-09-19,boc_published,3.0950,45.0000,55.0000,70.0000,3.5450,3.6450,3.7950,assumed,150.0000,170.0000,190.0000,4.4000,4.6000,4.8000,estimated,3.4750,3.6800,4.1300,4.4300,4.6200,5.0700
2024-10-21,2.9800,2024-10-21,19.5000,2024-09-19,boc_published,3.1750,45.0000,55.0000,70.0000,3.6250,3.7250,3.8750,assumed,150.0000,170.0000,190.0000,4.4800,4.6800,4.8800,estimated,3.4750,3.7400,4.0900,4.4300,4.6800,5.0300
2024-10-22,2.9800,2024-10-22,19.5000,2024-09-19,boc_published,3.1750,45.0000,55.0000,70.0000,3.6250,3.7250,3.8750,assumed,150.0000,170.0000,190.0000,4.4800,4.6800,4.8800,estimated,3.4750,3.6900,4.0600,4.4300,4.6300,5.0000
2024-10-23,3.0100,2024-10-23,19.5000,2024-09-19,boc_published,3.2050,45.0000,55.0000,70.0000,3.6550,3.7550,3.9050,assumed,150.0000,170.0000,190.0000,4.5100,4.7100,4.9100,estimated,3.4850,3.6900,4.0500,4.4400,4.6300,4.9900
2024-10-24,3.0100,2024-10-24,19.5000,2024-09-19,boc_published,3.2050,45.0000,55.0000,70.0000,3.6550,3.7550,3.9050,assumed,150.0000,170.0000,190.0000,4.5100,4.7100,4.9100,estimated,3.4850,3.6900,3.9900,4.4400,4.6300,4.9300
2024-10-25,3.0300,2024-10-25,19.5000,2024-09-19,boc_published,3.2250,45.0000,55.0000,70.0000,3.6750,3.7750,3.9250,assumed,150.0000,170.0000,190.0000,4.5300,4.7300,4.9300,estimated,3.5350,3.7100,3.9900,4.4900,4.6500,4.9300
2024-10-26,3.0300,2024-10-25,19.5000,2024-09-19,boc_published,3.2250,45.0000,55.0000,70.0000,3.6750,3.7750,3.9250,assumed,150.0000,170.0000,190.0000,4.5300,4.7300,4.9300,estimated,3.5450,3.7000,3.9900,4.5000,4.6400,4.9300
2024-10-27,3.0300,2024-10-25,19.5000,2024-09-19,boc_published,3.2250,45.0000,55.0000,70.0000,3.6750,3.7750,3.9250,assumed,150.0000,170.0000,190.0000,4.5300,4.7300,4.9300,estimated,3.4750,3.7300,3.9600,4.4300,4.6700,4.9000
2024-10-28,3.0400,2024-10-28,19.5000,2024-09-19,boc_published,3.2350,45.0000,55.0000,70.0000,3.6850,3.7850,3.9350,assumed,150.0000,170.0000,190.0000,4.5400,4.7400,4.9400,estimated,3.4750,3.7700,3.9200,4.4300,4.7100,4.8600
2024-10-29,3.0400,2024-10-29,19.5000,2024-09-19,boc_published,3.2350,45.0000,55.0000,70.0000,3.6850,3.7850,3.9350,assumed,150.0000,170.0000,190.0000,4.5400,4.7400,4.9400,estimated,3.4750,3.7900,3.8500,4.4300,4.7300,4.7900
2024-10-30,3.0500,2024-10-30,19.5000,2024-09-19,boc_published,3.2450,45.0000,55.0000,70.0000,3.6950,3.7950,3.9450,assumed,150.0000,170.0000,190.0000,4.5500,4.7500,4.9500,estimated,3.4750,3.7900,3.7800,4.4300,4.7300,4.7200
2024-10-31,3.0200,2024-10-31,19.5000,2024-09-19,boc_published,3.2150,45.0000,55.0000,70.0000,3.6650,3.7650,3.9150,assumed,150.0000,170.0000,190.0000,4.5200,4.7200,4.9200,estimated,3.4850,3.7900,3.6500,4.4400,4.7300,4.5900
2024-11-01,3.0600,2024-11-01,19.5000,2024-09-19,boc_published,3.2550,45.0000,55.0000,70.0000,3.7050,3.8050,3.9550,assumed,150.0000,170.0000,190.0000,4.5600,4.7600,4.9600,estimated,3.5450,3.7900,3.6500,4.5000,4.7300,4.5900
2024-11-02,3.0600,2024-11-01,19.5000,2024-09-19,boc_published,3.2550,45.0000,55.0000,70.0000,3.7050,3.8050,3.9550,assumed,150.0000,170.0000,190.0000,4.5600,4.7600,4.9600,estimated,3.6250,3.7000,3.6500,4.5800,4.6400,4.5900
2024-11-03,3.0600,2024-11-01,19.5000,2024-09-19,boc_published,3.2550,45.0000,55.0000,70.0000,3.7050,3.8050,3.9550,assumed,150.0000,170.0000,190.0000,4.5600,4.7600,4.9600,estimated,3.7550,3.6200,3.6500,4.7100,4.5600,4.5900
2024-11-04,3.0400,2024-11-04,19.5000,2024-09-19,boc_published,3.2350,45.0000,55.0000,70.0000,3.6850,3.7850,3.9350,assumed,150.0000,170.0000,190.0000,4.5400,4.7400,4.9400,estimated,3.7550,3.5900,3.7600,4.7100,4.5300,4.7000
2024-11-05,3.0800,2024-11-05,19.5000,2024-09-19,boc_published,3.2750,45.0000,55.0000,70.0000,3.7250,3.8250,3.9750,assumed,150.0000,170.0000,190.0000,4.5800,4.7800,4.9800,estimated,3.7550,3.5600,3.7900,4.7100,4.5000,4.7300
2024-11-06,3.1200,2024-11-06,19.5000,2024-09-19,boc_published,3.3150,45.0000,55.0000,70.0000,3.7650,3.8650,4.0150,assumed,150.0000,170.0000,190.0000,4.6200,4.8200,5.0200,estimated,3.8050,3.5600,3.8300,4.7600,4.5000,4.7700
2024-11-07,3.0300,2024-11-07,19.5000,2024-09-19,boc_published,3.2250,45.0000,55.0000,70.0000,3.6750,3.7750,3.9250,assumed,150.0000,170.0000,190.0000,4.5300,4.7300,4.9300,estimated,3.8050,3.5600,3.7800,4.7600,4.5000,4.7200
2024-11-08,3.0200,2024-11-08,19.5000,2024-09-19,boc_published,3.2150,45.0000,55.0000,70.0000,3.6650,3.7650,3.9150,assumed,150.0000,170.0000,190.0000,4.5200,4.7200,4.9200,estimated,3.8150,3.5300,3.7800,4.7700,4.4700,4.7200
2024-11-09,3.0200,2024-11-08,19.5000,2024-09-19,boc_published,3.2150,45.0000,55.0000,70.0000,3.6650,3.7650,3.9150,assumed,150.0000,170.0000,190.0000,4.5200,4.7200,4.9200,estimated,3.7550,3.4900,3.7800,4.7100,4.4300,4.7200
2024-11-10,3.0200,2024-11-08,19.5000,2024-09-19,boc_published,3.2150,45.0000,55.0000,70.0000,3.6650,3.7650,3.9150,assumed,150.0000,170.0000,190.0000,4.5200,4.7200,4.9200,estimated,3.7250,3.5100,3.7400,4.6800,4.4500,4.6800
2024-11-11,3.0200,2024-11-08,19.5000,2024-09-19,boc_published,3.2150,45.0000,55.0000,70.0000,3.6650,3.7650,3.9150,assumed,150.0000,170.0000,190.0000,4.5200,4.7200,4.9200,estimated,3.7250,3.5000,3.6800,4.6800,4.4400,4.6200
2024-11-12,3.1100,2024-11-12,19.5000,2024-09-19,boc_published,3.3050,45.0000,55.0000,70.0000,3.7550,3.8550,4.0050,assumed,150.0000,170.0000,190.0000,4.6100,4.8100,5.0100,estimated,3.7250,3.4800,3.6700,4.6800,4.4200,4.6100
2024-11-13,3.1400,2024-11-13,19.5000,2024-09-19,boc_published,3.3350,45.0000,55.0000,70.0000,3.7850,3.8850,4.0350,assumed,150.0000,170.0000,190.0000,4.6400,4.8400,5.0400,estimated,3.7250,3.4800,3.7400,4.6800,4.4200,4.6800
2024-11-14,3.1200,2024-11-14,19.5000,2024-09-19,boc_published,3.3150,45.0000,55.0000,70.0000,3.7650,3.8650,4.0150,assumed,150.0000,170.0000,190.0000,4.6200,4.8200,5.0200,estimated,3.6550,3.4800,3.7400,4.6100,4.4200,4.6800
2024-11-15,3.1000,2024-11-15,19.5000,2024-09-19,boc_published,3.2950,45.0000,55.0000,70.0000,3.7450,3.8450,3.9950,assumed,150.0000,170.0000,190.0000,4.6000,4.8000,5.0000,estimated,3.6250,3.4400,3.7400,4.5800,4.3800,4.6800
2024-11-16,3.1000,2024-11-15,19.5000,2024-09-19,boc_published,3.2950,45.0000,55.0000,70.0000,3.7450,3.8450,3.9950,assumed,150.0000,170.0000,190.0000,4.6000,4.8000,5.0000,estimated,3.6750,3.4800,3.7400,4.6300,4.4200,4.6800
2024-11-17,3.1000,2024-11-15,19.5000,2024-09-19,boc_published,3.2950,45.0000,55.0000,70.0000,3.7450,3.8450,3.9950,assumed,150.0000,170.0000,190.0000,4.6000,4.8000,5.0000,estimated,3.6450,3.5000,3.7500,4.6000,4.4400,4.6900
2024-11-18,3.1000,2024-11-18,19.5000,2024-09-19,boc_published,3.2950,45.0000,55.0000,70.0000,3.7450,3.8450,3.9950,assumed,150.0000,170.0000,190.0000,4.6000,4.8000,5.0000,estimated,3.6450,3.4650,3.6900,4.6000,4.4200,4.6300
2024-11-19,3.1500,2024-11-19,19.5000,2024-09-19,boc_published,3.3450,45.0000,55.0000,70.0000,3.7950,3.8950,4.0450,assumed,150.0000,170.0000,190.0000,4.6500,4.8500,5.0500,estimated,3.6450,3.4750,3.6800,4.6000,4.4300,4.6200
2024-11-20,3.2100,2024-11-20,19.5000,2024-09-19,boc_published,3.4050,45.0000,55.0000,70.0000,3.8550,3.9550,4.1050,assumed,150.0000,170.0000,190.0000,4.7100,4.9100,5.1100,estimated,3.7250,3.4750,3.7400,4.6800,4.4300,4.6800
2024-11-21,3.3100,2024-11-21,19.5000,2024-09-19,boc_published,3.5050,45.0000,55.0000,70.0000,3.9550,4.0550,4.2050,assumed,150.0000,170.0000,190.0000,4.8100,5.0100,5.2100,estimated,3.7250,3.4750,3.6900,4.6800,4.4300,4.6300
2024-11-22,3.2900,2024-11-22,19.5000,2024-09-19,boc_published,3.4850,45.0000,55.0000,70.0000,3.9350,4.0350,4.1850,assumed,150.0000,170.0000,190.0000,4.7900,4.9900,5.1900,estimated,3.7550,3.4850,3.6900,4.7100,4.4400,4.6300
2024-11-23,3.2900,2024-11-22,19.5000,2024-09-19,boc_published,3.4850,45.0000,55.0000,70.0000,3.9350,4.0350,4.1850,assumed,150.0000,170.0000,190.0000,4.7900,4.9900,5.1900,estimated,3.7550,3.4850,3.6900,4.7100,4.4400,4.6300
2024-11-24,3.2900,2024-11-22,19.5000,2024-09-19,boc_published,3.4850,45.0000,55.0000,70.0000,3.9350,4.0350,4.1850,assumed,150.0000,170.0000,190.0000,4.7900,4.9900,5.1900,estimated,3.7750,3.5350,3.7100,4.7300,4.4900,4.6500
2024-11-25,3.1800,2024-11-25,19.5000,2024-09-19,boc_published,3.3750,45.0000,55.0000,70.0000,3.8250,3.9250,4.0750,assumed,150.0000,170.0000,190.0000,4.6800,4.8800,5.0800,estimated,3.7750,3.5450,3.7000,4.7300,4.5000,4.6400
2024-11-26,3.1300,2024-11-26,19.5000,2024-09-19,boc_published,3.3250,45.0000,55.0000,70.0000,3.7750,3.8750,4.0250,assumed,150.0000,170.0000,190.0000,4.6300,4.8300,5.0300,estimated,3.7750,3.4750,3.7300,4.7300,4.4300,4.6700
2024-11-27,3.0900,2024-11-27,19.5000,2024-09-19,boc_published,3.2850,45.0000,55.0000,70.0000,3.7350,3.8350,3.9850,assumed,150.0000,170.0000,190.0000,4.5900,4.7900,4.9900,estimated,3.7850,3.4750,3.7700,4.7400,4.4300,4.7100
2024-11-28,3.0800,2024-11-28,19.5000,2024-09-19,boc_published,3.2750,45.0000,55.0000,70.0000,3.7250,3.8250,3.9750,assumed,150.0000,170.0000,190.0000,4.5800,4.7800,4.9800,estimated,3.7850,3.4750,3.7900,4.7400,4.4300,4.7300
2024-11-29,2.9300,2024-11-29,19.5000,2024-09-19,boc_published,3.1250,45.0000,55.0000,70.0000,3.5750,3.6750,3.8250,assumed,150.0000,170.0000,190.0000,4.4300,4.6300,4.8300,estimated,3.7950,3.4750,3.7900,4.7500,4.4300,4.7300
2024-11-30,2.9300,2024-11-29,19.5000,2024-09-19,boc_published,3.1250,45.0000,55.0000,70.0000,3.5750,3.6750,3.8250,assumed,150.0000,170.0000,190.0000,4.4300,4.6300,4.8300,estimated,3.7650,3.4850,3.7900,4.7200,4.4400,4.7300
2024-12-01,2.9300,2024-11-29,19.5000,2024-09-19,boc_published,3.1250,45.0000,55.0000,70.0000,3.5750,3.6750,3.8250,assumed,150.0000,170.0000,190.0000,4.4300,4.6300,4.8300,estimated,3.8050,3.5450,3.7900,4.7600,4.5000,4.7300
2024-12-02,2.9400,2024-12-02,19.5000,2024-09-19,boc_published,3.1350,45.0000,55.0000,70.0000,3.5850,3.6850,3.8350,assumed,150.0000,170.0000,190.0000,4.4400,4.6400,4.8400,estimated,3.8050,3.6250,3.7000,4.7600,4.5800,4.6400
2024-12-03,2.9800,2024-12-03,19.5000,2024-09-19,boc_published,3.1750,45.0000,55.0000,70.0000,3.6250,3.7250,3.8750,assumed,150.0000,170.0000,190.0000,4.4800,4.6800,4.8800,estimated,3.8050,3.7550,3.6200,4.7600,4.7100,4.5600
2024-12-04,2.9100,2024-12-04,19.5000,2024-09-19,boc_published,3.1050,45.0000,55.0000,70.0000,3.5550,3.6550,3.8050,assumed,150.0000,170.0000,190.0000,4.4100,4.6100,4.8100,estimated,3.7850,3.7550,3.5900,4.7400,4.7100,4.5300
2024-12-05,2.9300,2024-12-05,19.5000,2024-09-19,boc_published,3.1250,45.0000,55.0000,70.0000,3.5750,3.6750,3.8250,assumed,150.0000,170.0000,190.0000,4.4300,4.6300,4.8300,estimated,3.8250,3.7550,3.5600,4.7800,4.7100,4.5000
2024-12-06,2.8100,2024-12-06,19.5000,2024-09-19,boc_published,3.0050,45.0000,55.0000,70.0000,3.4550,3.5550,3.7050,assumed,150.0000,170.0000,190.0000,4.3100,4.5100,4.7100,estimated,3.8650,3.8050,3.5600,4.8200,4.7600,4.5000
2024-12-07,2.8100,2024-12-06,19.5000,2024-09-19,boc_published,3.0050,45.0000,55.0000,70.0000,3.4550,3.5550,3.7050,assumed,150.0000,170.0000,190.0000,4.3100,4.5100,4.7100,estimated,3.7750,3.8050,3.5600,4.7300,4.7600,4.5000
2024-12-08,2.8100,2024-12-06,19.5000,2024-09-19,boc_published,3.0050,45.0000,55.0000,70.0000,3.4550,3.5550,3.7050,assumed,150.0000,170.0000,190.0000,4.3100,4.5100,4.7100,estimated,3.7650,3.8150,3.5300,4.7200,4.7700,4.4700
2024-12-09,2.8500,2024-12-09,19.5000,2024-09-19,boc_published,3.0450,45.0000,55.0000,70.0000,3.4950,3.5950,3.7450,assumed,150.0000,170.0000,190.0000,4.3500,4.5500,4.7500,estimated,3.7650,3.7550,3.4900,4.7200,4.7100,4.4300
2024-12-10,2.8300,2024-12-10,19.5000,2024-09-19,boc_published,3.0250,45.0000,55.0000,70.0000,3.4750,3.5750,3.7250,assumed,150.0000,170.0000,190.0000,4.3300,4.5300,4.7300,estimated,3.7650,3.7250,3.5100,4.7200,4.6800,4.4500
2024-12-11,2.8900,2024-12-11,19.5000,2024-09-19,boc_published,3.0850,45.0000,55.0000,70.0000,3.5350,3.6350,3.7850,assumed,150.0000,170.0000,190.0000,4.3900,4.5900,4.7900,estimated,3.7650,3.7250,3.5000,4.7200,4.6800,4.4400
2024-12-12,2.9400,2024-12-12,18.5000,2024-12-12,boc_published,3.1250,45.0000,55.0000,70.0000,3.5750,3.6750,3.8250,assumed,150.0000,170.0000,190.0000,4.4400,4.6400,4.8400,estimated,3.8550,3.7250,3.4800,4.8100,4.6800,4.4200
2024-12-13,2.9700,2024-12-13,18.5000,2024-12-12,boc_published,3.1550,45.0000,55.0000,70.0000,3.6050,3.7050,3.8550,assumed,150.0000,170.0000,190.0000,4.4700,4.6700,4.8700,estimated,3.8850,3.7250,3.4800,4.8400,4.6800,4.4200
2024-12-14,2.9700,2024-12-13,18.5000,2024-12-12,boc_published,3.1550,45.0000,55.0000,70.0000,3.6050,3.7050,3.8550,assumed,150.0000,170.0000,190.0000,4.4700,4.6700,4.8700,estimated,3.8650,3.6550,3.4800,4.8200,4.6100,4.4200
2024-12-15,2.9700,2024-12-13,18.5000,2024-12-12,boc_published,3.1550,45.0000,55.0000,70.0000,3.6050,3.7050,3.8550,assumed,150.0000,170.0000,190.0000,4.4700,4.6700,4.8700,estimated,3.8450,3.6250,3.4400,4.8000,4.5800,4.3800
2024-12-16,2.9600,2024-12-16,18.5000,2024-12-12,boc_published,3.1450,45.0000,55.0000,70.0000,3.5950,3.6950,3.8450,assumed,150.0000,170.0000,190.0000,4.4600,4.6600,4.8600,estimated,3.8450,3.6750,3.4800,4.8000,4.6300,4.4200
2024-12-17,2.9500,2024-12-17,18.5000,2024-12-12,boc_published,3.1350,45.0000,55.0000,70.0000,3.5850,3.6850,3.8350,assumed,150.0000,170.0000,190.0000,4.4500,4.6500,4.8500,estimated,3.8450,3.6450,3.5000,4.8000,4.6000,4.4400
2024-12-18,3.0400,2024-12-18,18.5000,2024-12-12,boc_published,3.2250,45.0000,55.0000,70.0000,3.6750,3.7750,3.9250,assumed,150.0000,170.0000,190.0000,4.5400,4.7400,4.9400,estimated,3.8450,3.6450,3.4650,4.8000,4.6000,4.4200
2024-12-19,3.1200,2024-12-19,18.5000,2024-12-12,boc_published,3.3050,45.0000,55.0000,70.0000,3.7550,3.8550,4.0050,assumed,150.0000,170.0000,190.0000,4.6200,4.8200,5.0200,estimated,3.8950,3.6450,3.4750,4.8500,4.6000,4.4300
2024-12-20,3.0500,2024-12-20,18.5000,2024-12-12,boc_published,3.2350,45.0000,55.0000,70.0000,3.6850,3.7850,3.9350,assumed,150.0000,170.0000,190.0000,4.5500,4.7500,4.9500,estimated,3.9550,3.7250,3.4750,4.9100,4.6800,4.4300
2024-12-21,3.0500,2024-12-20,18.5000,2024-12-12,boc_published,3.2350,45.0000,55.0000,70.0000,3.6850,3.7850,3.9350,assumed,150.0000,170.0000,190.0000,4.5500,4.7500,4.9500,estimated,4.0550,3.7250,3.4750,5.0100,4.6800,4.4300
2024-12-22,3.0500,2024-12-20,18.5000,2024-12-12,boc_published,3.2350,45.0000,55.0000,70.0000,3.6850,3.7850,3.9350,assumed,150.0000,170.0000,190.0000,4.5500,4.7500,4.9500,estimated,4.0350,3.7550,3.4850,4.9900,4.7100,4.4400
2024-12-23,3.0400,2024-12-23,18.5000,2024-12-12,boc_published,3.2250,45.0000,55.0000,70.0000,3.6750,3.7750,3.9250,assumed,150.0000,170.0000,190.0000,4.5400,4.7400,4.9400,estimated,4.0350,3.7550,3.4850,4.9900,4.7100,4.4400
2024-12-24,3.0500,2024-12-24,18.5000,2024-12-12,boc_published,3.2350,45.0000,55.0000,70.0000,3.6850,3.7850,3.9350,assumed,150.0000,170.0000,190.0000,4.5500,4.7500,4.9500,estimated,4.0350,3.7750,3.5350,4.9900,4.7300,4.4900
2024-12-25,3.0500,2024-12-24,18.5000,2024-12-12,boc_published,3.2350,45.0000,55.0000,70.0000,3.6850,3.7850,3.9350,assumed,150.0000,170.0000,190.0000,4.5500,4.7500,4.9500,estimated,3.9250,3.7750,3.5450,4.8800,4.7300,4.5000
2024-12-26,3.0500,2024-12-24,18.5000,2024-12-12,boc_published,3.2350,45.0000,55.0000,70.0000,3.6850,3.7850,3.9350,assumed,150.0000,170.0000,190.0000,4.5500,4.7500,4.9500,estimated,3.8750,3.7750,3.4750,4.8300,4.7300,4.4300
2024-12-27,3.0400,2024-12-27,18.5000,2024-12-12,boc_published,3.2250,45.0000,55.0000,70.0000,3.6750,3.7750,3.9250,assumed,150.0000,170.0000,190.0000,4.5400,4.7400,4.9400,estimated,3.8350,3.7850,3.4750,4.7900,4.7400,4.4300
2024-12-28,3.0400,2024-12-27,18.5000,2024-12-12,boc_published,3.2250,45.0000,55.0000,70.0000,3.6750,3.7750,3.9250,assumed,150.0000,170.0000,190.0000,4.5400,4.7400,4.9400,estimated,3.8250,3.7850,3.4750,4.7800,4.7400,4.4300
2024-12-29,3.0400,2024-12-27,18.5000,2024-12-12,boc_published,3.2250,45.0000,55.0000,70.0000,3.6750,3.7750,3.9250,assumed,150.0000,170.0000,190.0000,4.5400,4.7400,4.9400,estimated,3.6750,3.7950,3.4750,4.6300,4.7500,4.4300
2024-12-30,2.9800,2024-12-30,18.5000,2024-12-12,boc_published,3.1650,45.0000,55.0000,70.0000,3.6150,3.7150,3.8650,assumed,150.0000,170.0000,190.0000,4.4800,4.6800,4.8800,estimated,3.6750,3.7650,3.4850,4.6300,4.7200,4.4400
2024-12-31,2.9600,2024-12-31,18.5000,2024-12-12,boc_published,3.1450,45.0000,55.0000,70.0000,3.5950,3.6950,3.8450,assumed,150.0000,170.0000,190.0000,4.4600,4.6600,4.8600,estimated,3.6750,3.8050,3.5450,4.6300,4.7600,4.5000
2025-01-01,2.9600,2024-12-31,18.5000,2024-12-12,boc_published,3.1450,45.0000,55.0000,70.0000,3.5950,3.6950,3.8450,assumed,150.0000,170.0000,190.0000,4.4600,4.6600,4.8600,estimated,3.6850,3.8050,3.6250,4.6400,4.7600,4.5800
2025-01-02,2.9600,2025-01-02,18.5000,2024-12-12,boc_published,3.1450,45.0000,55.0000,70.0000,3.5950,3.6950,3.8450,assumed,135.0000,155.0000,180.0000,4.3100,4.5100,4.7600,estimated,3.7250,3.8050,3.7550,4.6800,4.7600,4.7100
2025-01-03,2.9600,2025-01-03,18.5000,2024-12-12,boc_published,3.1450,45.0000,55.0000,70.0000,3.5950,3.6950,3.8450,assumed,135.0000,155.0000,180.0000,4.3100,4.5100,4.7600,estimated,3.6550,3.7850,3.7550,4.6100,4.7400,4.7100
2025-01-04,2.9600,2025-01-03,18.5000,2024-12-12,boc_published,3.1450,45.0000,55.0000,70.0000,3.5950,3.6950,3.8450,assumed,135.0000,155.0000,180.0000,4.3100,4.5100,4.7600,estimated,3.6750,3.8250,3.7550,4.6300,4.7800,4.7100
2025-01-05,2.9600,2025-01-03,18.5000,2024-12-12,boc_published,3.1450,45.0000,55.0000,70.0000,3.5950,3.6950,3.8450,assumed,135.0000,155.0000,180.0000,4.3100,4.5100,4.7600,estimated,3.5550,3.8650,3.8050,4.5100,4.8200,4.7600
2025-01-06,2.9600,2025-01-06,18.5000,2024-12-12,boc_published,3.1450,45.0000,55.0000,70.0000,3.5950,3.6950,3.8450,assumed,135.0000,155.0000,180.0000,4.3100,4.5100,4.7600,estimated,3.5550,3.7750,3.8050,4.5100,4.7300,4.7600
2025-01-07,3.0100,2025-01-07,18.5000,2024-12-12,boc_published,3.1950,45.0000,55.0000,70.0000,3.6450,3.7450,3.8950,assumed,135.0000,155.0000,180.0000,4.3600,4.5600,4.8100,estimated,3.5550,3.7650,3.8150,4.5100,4.7200,4.7700
2025-01-08,3.0200,2025-01-08,18.5000,2024-12-12,boc_published,3.2050,45.0000,55.0000,70.0000,3.6550,3.7550,3.9050,assumed,135.0000,155.0000,180.0000,4.3700,4.5700,4.8200,estimated,3.5950,3.7650,3.7550,4.5500,4.7200,4.7100
2025-01-09,3.0400,2025-01-09,18.5000,2024-12-12,boc_published,3.2250,45.0000,55.0000,70.0000,3.6750,3.7750,3.9250,assumed,135.0000,155.0000,180.0000,4.3900,4.5900,4.8400,estimated,3.5750,3.7650,3.7250,4.5300,4.7200,4.6800
2025-01-10,3.1700,2025-01-10,18.5000,2024-12-12,boc_published,3.3550,45.0000,55.0000,70.0000,3.8050,3.9050,4.0550,assumed,135.0000,155.0000,180.0000,4.5200,4.7200,4.9700,estimated,3.6350,3.7650,3.7250,4.5900,4.7200,4.6800
2025-01-11,3.1700,2025-01-10,18.5000,2024-12-12,boc_published,3.3550,45.0000,55.0000,70.0000,3.8050,3.9050,4.0550,assumed,135.0000,155.0000,180.0000,4.5200,4.7200,4.9700,estimated,3.6750,3.8550,3.7250,4.6400,4.8100,4.6800
2025-01-12,3.1700,2025-01-10,18.5000,2024-12-12,boc_published,3.3550,45.0000,55.0000,70.0000,3.8050,3.9050,4.0550,assumed,135.0000,155.0000,180.0000,4.5200,4.7200,4.9700,estimated,3.7050,3.8850,3.7250,4.6700,4.8400,4.6800
2025-01-13,3.2400,2025-01-13,18.5000,2024-12-12,boc_published,3.4250,45.0000,55.0000,70.0000,3.8750,3.9750,4.1250,assumed,135.0000,155.0000,180.0000,4.5900,4.7900,5.0400,estimated,3.7050,3.8650,3.6550,4.6700,4.8200,4.6100
2025-01-14,3.2800,2025-01-14,18.5000,2024-12-12,boc_published,3.4650,45.0000,55.0000,70.0000,3.9150,4.0150,4.1650,assumed,135.0000,155.0000,180.0000,4.6300,4.8300,5.0800,estimated,3.7050,3.8450,3.6250,4.6700,4.8000,4.5800
2025-01-15,3.1400,2025-01-15,18.5000,2024-12-12,boc_published,3.3250,45.0000,55.0000,70.0000,3.7750,3.8750,4.0250,assumed,135.0000,155.0000,180.0000,4.4900,4.6900,4.9400,estimated,3.6950,3.8450,3.6750,4.6600,4.8000,4.6300
2025-01-16,3.0500,2025-01-16,18.5000,2024-12-12,boc_published,3.2350,45.0000,55.0000,70.0000,3.6850,3.7850,3.9350,assumed,135.0000,155.0000,180.0000,4.4000,4.6000,4.8500,estimated,3.6850,3.8450,3.6450,4.6500,4.8000,4.6000
2025-01-17,3.0100,2025-01-17,18.5000,2024-12-12,boc_published,3.1950,45.0000,55.0000,70.0000,3.6450,3.7450,3.8950,assumed,135.0000,155.0000,180.0000,4.3600,4.5600,4.8100,estimated,3.7750,3.8450,3.6450,4.7400,4.8000,4.6000
2025-01-18,3.0100,2025-01-17,18.5000,2024-12-12,boc_published,3.1950,45.0000,55.0000,70.0000,3.6450,3.7450,3.8950,assumed,135.0000,155.0000,180.0000,4.3600,4.5600,4.8100,estimated,3.8550,3.8950,3.6450,4.8200,4.8500,4.6000
2025-01-19,3.0100,2025-01-17,18.5000,2024-12-12,boc_published,3.1950,45.0000,55.0000,70.0000,3.6450,3.7450,3.8950,assumed,135.0000,155.0000,180.0000,4.3600,4.5600,4.8100,estimated,3.7850,3.9550,3.7250,4.7500,4.9100,4.6800
2025-01-20,2.9900,2025-01-20,18.5000,2024-12-12,boc_published,3.1750,45.0000,55.0000,70.0000,3.6250,3.7250,3.8750,assumed,135.0000,155.0000,180.0000,4.3400,4.5400,4.7900,estimated,3.7850,4.0550,3.7250,4.7500,5.0100,4.6800
2025-01-21,2.9700,2025-01-21,18.5000,2024-12-12,boc_published,3.1550,45.0000,55.0000,70.0000,3.6050,3.7050,3.8550,assumed,135.0000,155.0000,180.0000,4.3200,4.5200,4.7700,estimated,3.7850,4.0350,3.7550,4.7500,4.9900,4.7100
2025-01-22,3.0200,2025-01-22,18.5000,2024-12-12,boc_published,3.2050,45.0000,55.0000,70.0000,3.6550,3.7550,3.9050,assumed,135.0000,155.0000,180.0000,4.3700,4.5700,4.8200,estimated,3.7750,4.0350,3.7550,4.7400,4.9900,4.7100
2025-01-23,3.0300,2025-01-23,18.5000,2024-12-12,boc_published,3.2150,45.0000,55.0000,70.0000,3.6650,3.7650,3.9150,assumed,135.0000,155.0000,180.0000,4.3800,4.5800,4.8300,estimated,3.7850,4.0350,3.7750,4.7500,4.9900,4.7300
2025-01-24,2.9800,2025-01-24,18.5000,2024-12-12,boc_published,3.1650,45.0000,55.0000,70.0000,3.6150,3.7150,3.8650,assumed,135.0000,155.0000,180.0000,4.3300,4.5300,4.7800,estimated,3.7850,3.9250,3.7750,4.7500,4.8800,4.7300
2025-01-25,2.9800,2025-01-24,18.5000,2024-12-12,boc_published,3.1650,45.0000,55.0000,70.0000,3.6150,3.7150,3.8650,assumed,135.0000,155.0000,180.0000,4.3300,4.5300,4.7800,estimated,3.7850,3.8750,3.7750,4.7500,4.8300,4.7300
2025-01-26,2.9800,2025-01-24,18.5000,2024-12-12,boc_published,3.1650,45.0000,55.0000,70.0000,3.6150,3.7150,3.8650,assumed,135.0000,155.0000,180.0000,4.3300,4.5300,4.7800,estimated,3.7750,3.8350,3.7850,4.7400,4.7900,4.7400
2025-01-27,2.9100,2025-01-27,18.5000,2024-12-12,boc_published,3.0950,45.0000,55.0000,70.0000,3.5450,3.6450,3.7950,assumed,135.0000,155.0000,180.0000,4.2600,4.4600,4.7100,estimated,3.7750,3.8250,3.7850,4.7400,4.7800,4.7400
2025-01-28,2.8900,2025-01-28,18.5000,2024-12-12,boc_published,3.0750,45.0000,55.0000,70.0000,3.5250,3.6250,3.7750,assumed,135.0000,155.0000,180.0000,4.2400,4.4400,4.6900,estimated,3.7750,3.6750,3.7950,4.7400,4.6300,4.7500
2025-01-29,2.8700,2025-01-29,18.5000,2024-12-12,boc_published,3.0550,45.0000,55.0000,70.0000,3.5050,3.6050,3.7550,assumed,135.0000,155.0000,180.0000,4.2200,4.4200,4.6700,estimated,3.7150,3.6750,3.7650,4.6800,4.6300,4.7200
2025-01-30,2.7900,2025-01-30,18.5000,2024-12-12,boc_published,2.9750,45.0000,55.0000,70.0000,3.4250,3.5250,3.6750,assumed,135.0000,155.0000,180.0000,4.1400,4.3400,4.5900,estimated,3.6950,3.6750,3.8050,4.6600,4.6300,4.7600
2025-01-31,2.7400,2025-01-31,18.5000,2024-12-12,boc_published,2.9250,45.0000,55.0000,70.0000,3.3750,3.4750,3.6250,assumed,135.0000,155.0000,180.0000,4.0900,4.2900,4.5400,estimated,3.6950,3.6850,3.8050,4.6600,4.6400,4.7600
2025-02-01,2.7400,2025-01-31,18.5000,2024-12-12,boc_published,2.9250,45.0000,55.0000,70.0000,3.3750,3.4750,3.6250,assumed,135.0000,155.0000,180.0000,4.0900,4.2900,4.5400,estimated,3.6950,3.7250,3.8050,4.5100,4.6800,4.7600
2025-02-02,2.7400,2025-01-31,18.5000,2024-12-12,boc_published,2.9250,45.0000,55.0000,70.0000,3.3750,3.4750,3.6250,assumed,135.0000,155.0000,180.0000,4.0900,4.2900,4.5400,estimated,3.6950,3.6550,3.7850,4.5100,4.6100,4.7400
2025-02-03,2.6200,2025-02-03,18.5000,2024-12-12,boc_published,2.8050,45.0000,55.0000,70.0000,3.2550,3.3550,3.5050,assumed,135.0000,155.0000,180.0000,3.9700,4.1700,4.4200,estimated,3.6950,3.6750,3.8250,4.5100,4.6300,4.7800
2025-02-04,2.6600,2025-02-04,18.5000,2024-12-12,boc_published,2.8450,45.0000,55.0000,70.0000,3.2950,3.3950,3.5450,assumed,135.0000,155.0000,180.0000,4.0100,4.2100,4.4600,estimated,3.6950,3.5550,3.8650,4.5100,4.5100,4.8200
2025-02-05,2.6300,2025-02-05,18.5000,2024-12-12,boc_published,2.8150,45.0000,55.0000,70.0000,3.2650,3.3650,3.5150,assumed,135.0000,155.0000,180.0000,3.9800,4.1800,4.4300,estimated,3.6950,3.5550,3.7750,4.5100,4.5100,4.7300
2025-02-06,2.6300,2025-02-06,18.5000,2024-12-12,boc_published,2.8150,45.0000,55.0000,70.0000,3.2650,3.3650,3.5150,assumed,135.0000,155.0000,180.0000,3.9800,4.1800,4.4300,estimated,3.7450,3.5550,3.7650,4.5600,4.5100,4.7200
2025-02-07,2.7500,2025-02-07,18.5000,2024-12-12,boc_published,2.9350,45.0000,55.0000,70.0000,3.3850,3.4850,3.6350,assumed,135.0000,155.0000,180.0000,4.1000,4.3000,4.5500,estimated,3.7550,3.5950,3.7650,4.5700,4.5500,4.7200
2025-02-08,2.7500,2025-02-07,18.5000,2024-12-12,boc_published,2.9350,45.0000,55.0000,70.0000,3.3850,3.4850,3.6350,assumed,135.0000,155.0000,180.0000,4.1000,4.3000,4.5500,estimated,3.7750,3.5750,3.7650,4.5900,4.5300,4.7200
2025-02-09,2.7500,2025-02-07,18.5000,2024-12-12,boc_published,2.9350,45.0000,55.0000,70.0000,3.3850,3.4850,3.6350,assumed,135.0000,155.0000,180.0000,4.1000,4.3000,4.5500,estimated,3.9050,3.6350,3.7650,4.7200,4.5900,4.7200
2025-02-10,2.7400,2025-02-10,18.5000,2024-12-12,boc_published,2.9250,45.0000,55.0000,70.0000,3.3750,3.4750,3.6250,assumed,135.0000,155.0000,180.0000,4.0900,4.2900,4.5400,estimated,3.9050,3.6750,3.8550,4.7200,4.6400,4.8100
2025-02-11,2.7800,2025-02-11,18.5000,2024-12-12,boc_published,2.9650,45.0000,55.0000,70.0000,3.4150,3.5150,3.6650,assumed,135.0000,155.0000,180.0000,4.1300,4.3300,4.5800,estimated,3.9050,3.7050,3.8850,4.7200,4.6700,4.8400
2025-02-12,2.8700,2025-02-12,18.5000,2024-12-12,boc_published,3.0550,45.0000,55.0000,70.0000,3.5050,3.6050,3.7550,assumed,135.0000,155.0000,180.0000,4.2200,4.4200,4.6700,estimated,3.9750,3.7050,3.8650,4.7900,4.6700,4.8200
2025-02-13,2.8000,2025-02-13,18.5000,2024-12-12,boc_published,2.9850,45.0000,55.0000,70.0000,3.4350,3.5350,3.6850,assumed,135.0000,155.0000,180.0000,4.1500,4.3500,4.6000,estimated,4.0150,3.7050,3.8450,4.8300,4.6700,4.8000
2025-02-14,2.7900,2025-02-14,18.5000,2024-12-12,boc_published,2.9750,45.0000,55.0000,70.0000,3.4250,3.5250,3.6750,assumed,135.0000,155.0000,180.0000,4.1400,4.3400,4.5900,estimated,3.8750,3.6950,3.8450,4.6900,4.6600,4.8000
2025-02-15,2.7900,2025-02-14,18.5000,2024-12-12,boc_published,2.9750,45.0000,55.0000,70.0000,3.4250,3.5250,3.6750,assumed,135.0000,155.0000,180.0000,4.1400,4.3400,4.5900,estimated,3.7850,3.6850,3.8450,4.6000,4.6500,4.8000
2025-02-16,2.7900,2025-02-14,18.5000,2024-12-12,boc_published,2.9750,45.0000,55.0000,70.0000,3.4250,3.5250,3.6750,assumed,135.0000,155.0000,180.0000,4.1400,4.3400,4.5900,estimated,3.7450,3.7750,3.8450,4.5600,4.7400,4.8000
2025-02-17,2.7900,2025-02-14,18.5000,2024-12-12,boc_published,2.9750,45.0000,55.0000,70.0000,3.4250,3.5250,3.6750,assumed,135.0000,155.0000,180.0000,4.1400,4.3400,4.5900,estimated,3.7450,3.8550,3.8950,4.5600,4.8200,4.8500
2025-02-18,2.8900,2025-02-18,18.5000,2024-12-12,boc_published,3.0750,45.0000,55.0000,70.0000,3.5250,3.6250,3.7750,assumed,135.0000,155.0000,180.0000,4.2400,4.4400,4.6900,estimated,3.7450,3.7850,3.9550,4.5600,4.7500,4.9100
2025-02-19,2.8800,2025-02-19,18.5000,2024-12-12,boc_published,3.0650,45.0000,55.0000,70.0000,3.5150,3.6150,3.7650,assumed,135.0000,155.0000,180.0000,4.2300,4.4300,4.6800,estimated,3.7250,3.7850,4.0550,4.5400,4.7500,5.0100
2025-02-20,2.9100,2025-02-20,18.5000,2024-12-12,boc_published,3.0950,45.0000,55.0000,70.0000,3.5450,3.6450,3.7950,assumed,135.0000,155.0000,180.0000,4.2600,4.4600,4.7100,estimated,3.7050,3.7850,4.0350,4.5200,4.7500,4.9900
2025-02-21,2.8000,2025-02-21,18.5000,2024-12-12,boc_published,2.9850,45.0000,55.0000,70.0000,3.4350,3.5350,3.6850,assumed,135.0000,155.0000,180.0000,4.1500,4.3500,4.6000,estimated,3.7550,3.7750,4.0350,4.5700,4.7400,4.9900
2025-02-22,2.8000,2025-02-21,18.5000,2024-12-12,boc_published,2.9850,45.0000,55.0000,70.0000,3.4350,3.5350,3.6850,assumed,135.0000,155.0000,180.0000,4.1500,4.3500,4.6000,estimated,3.7650,3.7850,4.0350,4.5800,4.7500,4.9900
2025-02-23,2.8000,2025-02-21,18.5000,2024-12-12,boc_published,2.9850,45.0000,55.0000,70.0000,3.4350,3.5350,3.6850,assumed,135.0000,155.0000,180.0000,4.1500,4.3500,4.6000,estimated,3.7150,3.7850,3.9250,4.5300,4.7500,4.8800
2025-02-24,2.7600,2025-02-24,18.5000,2024-12-12,boc_published,2.9450,45.0000,55.0000,70.0000,3.3950,3.4950,3.6450,assumed,135.0000,155.0000,180.0000,4.1100,4.3100,4.5600,estimated,3.7150,3.7850,3.8750,4.5300,4.7500,4.8300
2025-02-25,2.6900,2025-02-25,18.5000,2024-12-12,boc_published,2.8750,45.0000,55.0000,70.0000,3.3250,3.4250,3.5750,assumed,135.0000,155.0000,180.0000,4.0400,4.2400,4.4900,estimated,3.7150,3.7750,3.8350,4.5300,4.7400,4.7900
2025-02-26,2.7000,2025-02-26,18.5000,2024-12-12,boc_published,2.8850,45.0000,55.0000,70.0000,3.3350,3.4350,3.5850,assumed,135.0000,155.0000,180.0000,4.0500,4.2500,4.5000,estimated,3.6450,3.7750,3.8250,4.4600,4.7400,4.7800
2025-02-27,2.6700,2025-02-27,18.5000,2024-12-12,boc_published,2.8550,45.0000,55.0000,70.0000,3.3050,3.4050,3.5550,assumed,135.0000,155.0000,180.0000,4.0200,4.2200,4.4700,estimated,3.6250,3.7750,3.6750,4.4400,4.7400,4.6300
2025-02-28,2.6000,2025-02-28,18.5000,2024-12-12,boc_published,2.7850,45.0000,55.0000,70.0000,3.2350,3.3350,3.4850,assumed,135.0000,155.0000,180.0000,3.9500,4.1500,4.4000,estimated,3.6050,3.7150,3.6750,4.4200,4.6800,4.6300
2025-03-01,2.6000,2025-02-28,18.5000,2024-12-12,boc_published,2.7850,45.0000,55.0000,70.0000,3.2350,3.3350,3.4850,assumed,135.0000,155.0000,180.0000,3.9500,4.1500,4.4000,estimated,3.5250,3.6950,3.6750,4.3400,4.6600,4.6300
2025-03-02,2.6000,2025-02-28,18.5000,2024-12-12,boc_published,2.7850,45.0000,55.0000,70.0000,3.2350,3.3350,3.4850,assumed,135.0000,155.0000,180.0000,3.9500,4.1500,4.4000,estimated,3.4750,3.6950,3.6850,4.2900,4.6600,4.6400
2025-03-03,2.5000,2025-03-03,18.5000,2024-12-12,boc_published,2.6850,45.0000,55.0000,70.0000,3.1350,3.2350,3.3850,assumed,135.0000,155.0000,180.0000,3.8500,4.0500,4.3000,estimated,3.4750,3.6950,3.7250,4.2900,4.5100,4.6800
2025-03-04,2.5300,2025-03-04,18.5000,2024-12-12,boc_published,2.7150,45.0000,55.0000,70.0000,3.1650,3.2650,3.4150,assumed,135.0000,155.0000,180.0000,3.8800,4.0800,4.3300,estimated,3.4750,3.6950,3.6550,4.2900,4.5100,4.6100
2025-03-05,2.6200,2025-03-05,18.5000,2024-12-12,boc_published,2.8050,45.0000,55.0000,70.0000,3.2550,3.3550,3.5050,assumed,135.0000,155.0000,180.0000,3.9700,4.1700,4.4200,estimated,3.3550,3.6950,3.6750,4.1700,4.5100,4.6300
2025-03-06,2.7200,2025-03-06,18.5000,2024-12-12,boc_published,2.9050,45.0000,55.0000,70.0000,3.3550,3.4550,3.6050,assumed,135.0000,155.0000,180.0000,4.0700,4.2700,4.5200,estimated,3.3950,3.6950,3.5550,4.2100,4.5100,4.5100
2025-03-07,2.6900,2025-03-07,18.5000,2024-12-12,boc_published,2.8750,45.0000,55.0000,70.0000,3.3250,3.4250,3.5750,assumed,135.0000,155.0000,180.0000,4.0400,4.2400,4.4900,estimated,3.3650,3.6950,3.5550,4.1800,4.5100,4.5100
2025-03-08,2.6900,2025-03-07,18.5000,2024-12-12,boc_published,2.8750,45.0000,55.0000,70.0000,3.3250,3.4250,3.5750,assumed,135.0000,155.0000,180.0000,4.0400,4.2400,4.4900,estimated,3.3650,3.7450,3.5550,4.1800,4.5600,4.5100
2025-03-09,2.6900,2025-03-07,18.5000,2024-12-12,boc_published,2.8750,45.0000,55.0000,70.0000,3.3250,3.4250,3.5750,assumed,135.0000,155.0000,180.0000,4.0400,4.2400,4.4900,estimated,3.4850,3.7550,3.5950,4.3000,4.5700,4.5500
2025-03-10,2.6300,2025-03-10,18.5000,2024-12-12,boc_published,2.8150,45.0000,55.0000,70.0000,3.2650,3.3650,3.5150,assumed,135.0000,155.0000,180.0000,3.9800,4.1800,4.4300,estimated,3.4850,3.7750,3.5750,4.3000,4.5900,4.5300
2025-03-11,2.6400,2025-03-11,18.5000,2024-12-12,boc_published,2.8250,45.0000,55.0000,70.0000,3.2750,3.3750,3.5250,assumed,135.0000,155.0000,180.0000,3.9900,4.1900,4.4400,estimated,3.4850,3.9050,3.6350,4.3000,4.7200,4.5900
2025-03-12,2.7100,2025-03-12,18.5000,2024-12-12,boc_published,2.8950,45.0000,55.0000,70.0000,3.3450,3.4450,3.5950,assumed,135.0000,155.0000,180.0000,4.0600,4.2600,4.5100,estimated,3.4750,3.9050,3.6750,4.2900,4.7200,4.6400
2025-03-13,2.6700,2025-03-13,18.5000,2024-12-12,boc_published,2.8550,45.0000,55.0000,70.0000,3.3050,3.4050,3.5550,assumed,135.0000,155.0000,180.0000,4.0200,4.2200,4.4700,estimated,3.5150,3.9050,3.7050,4.3300,4.7200,4.6700
2025-03-14,2.7200,2025-03-14,18.0000,2025-03-14,boc_published,2.9000,45.0000,55.0000,70.0000,3.3500,3.4500,3.6000,assumed,135.0000,155.0000,180.0000,4.0700,4.2700,4.5200,estimated,3.6050,3.9750,3.7050,4.4200,4.7900,4.6700
2025-03-15,2.7200,2025-03-14,18.0000,2025-03-14,boc_published,2.9000,45.0000,55.0000,70.0000,3.3500,3.4500,3.6000,assumed,135.0000,155.0000,180.0000,4.0700,4.2700,4.5200,estimated,3.5350,4.0150,3.7050,4.3500,4.8300,4.6700
2025-03-16,2.7200,2025-03-14,18.0000,2025-03-14,boc_published,2.9000,45.0000,55.0000,70.0000,3.3500,3.4500,3.6000,assumed,135.0000,155.0000,180.0000,4.0700,4.2700,4.5200,estimated,3.5250,3.8750,3.6950,4.3400,4.6900,4.6600
2025-03-17,2.6900,2025-03-17,18.0000,2025-03-14,boc_published,2.8700,45.0000,55.0000,70.0000,3.3200,3.4200,3.5700,assumed,135.0000,155.0000,180.0000,4.0400,4.2400,4.4900,estimated,3.5250,3.7850,3.6850,4.3400,4.6000,4.6500
2025-03-18,2.6900,2025-03-18,18.0000,2025-03-14,boc_published,2.8700,45.0000,55.0000,70.0000,3.3200,3.4200,3.5700,assumed,135.0000,155.0000,180.0000,4.0400,4.2400,4.4900,estimated,3.5250,3.7450,3.7750,4.3400,4.5600,4.7400
2025-03-19,2.6600,2025-03-19,18.0000,2025-03-14,boc_published,2.8400,45.0000,55.0000,70.0000,3.2900,3.3900,3.5400,assumed,135.0000,155.0000,180.0000,4.0100,4.2100,4.4600,estimated,3.5250,3.7450,3.8550,4.3400,4.5600,4.8200
2025-03-20,2.6600,2025-03-20,18.0000,2025-03-14,boc_published,2.8400,45.0000,55.0000,70.0000,3.2900,3.3900,3.5400,assumed,135.0000,155.0000,180.0000,4.0100,4.2100,4.4600,estimated,3.6250,3.7450,3.7850,4.4400,4.5600,4.7500
2025-03-21,2.6600,2025-03-21,18.0000,2025-03-14,boc_published,2.8400,45.0000,55.0000,70.0000,3.2900,3.3900,3.5400,assumed,135.0000,155.0000,180.0000,4.0100,4.2100,4.4600,estimated,3.6150,3.7250,3.7850,4.4300,4.5400,4.7500
2025-03-22,2.6600,2025-03-21,18.0000,2025-03-14,boc_published,2.8400,45.0000,55.0000,70.0000,3.2900,3.3900,3.5400,assumed,135.0000,155.0000,180.0000,4.0100,4.2100,4.4600,estimated,3.6450,3.7050,3.7850,4.4600,4.5200,4.7500
2025-03-23,2.6600,2025-03-21,18.0000,2025-03-14,boc_published,2.8400,45.0000,55.0000,70.0000,3.2900,3.3900,3.5400,assumed,135.0000,155.0000,180.0000,4.0100,4.2100,4.4600,estimated,3.5350,3.7550,3.7750,4.3500,4.5700,4.7400
2025-03-24,2.7000,2025-03-24,18.0000,2025-03-14,boc_published,2.8800,45.0000,55.0000,70.0000,3.3300,3.4300,3.5800,assumed,135.0000,155.0000,180.0000,4.0500,4.2500,4.5000,estimated,3.5350,3.7650,3.7850,4.3500,4.5800,4.7500
2025-03-25,2.7200,2025-03-25,18.0000,2025-03-14,boc_published,2.9000,45.0000,55.0000,70.0000,3.3500,3.4500,3.6000,assumed,135.0000,155.0000,180.0000,4.0700,4.2700,4.5200,estimated,3.5350,3.7150,3.7850,4.3500,4.5300,4.7500
2025-03-26,2.7600,2025-03-26,18.0000,2025-03-14,boc_published,2.9400,45.0000,55.0000,70.0000,3.3900,3.4900,3.6400,assumed,135.0000,155.0000,180.0000,4.1100,4.3100,4.5600,estimated,3.4950,3.7150,3.7850,4.3100,4.5300,4.7500
2025-03-27,2.7200,2025-03-27,18.0000,2025-03-14,boc_published,2.9000,45.0000,55.0000,70.0000,3.3500,3.4500,3.6000,assumed,135.0000,155.0000,180.0000,4.0700,4.2700,4.5200,estimated,3.4250,3.7150,3.7750,4.2400,4.5300,4.7400
2025-03-28,2.6600,2025-03-28,18.0000,2025-03-14,boc_published,2.8400,45.0000,55.0000,70.0000,3.2900,3.3900,3.5400,assumed,135.0000,155.0000,180.0000,4.0100,4.2100,4.4600,estimated,3.4350,3.6450,3.7750,4.2500,4.4600,4.7400
2025-03-29,2.6600,2025-03-28,18.0000,2025-03-14,boc_published,2.8400,45.0000,55.0000,70.0000,3.2900,3.3900,3.5400,assumed,135.0000,155.0000,180.0000,4.0100,4.2100,4.4600,estimated,3.4050,3.6250,3.7750,4.2200,4.4400,4.7400
2025-03-30,2.6600,2025-03-28,18.0000,2025-03-14,boc_published,2.8400,45.0000,55.0000,70.0000,3.2900,3.3900,3.5400,assumed,135.0000,155.0000,180.0000,4.0100,4.2100,4.4600,estimated,3.3350,3.6050,3.7150,4.1500,4.4200,4.6800
2025-03-31,2.6100,2025-03-31,18.0000,2025-03-14,boc_published,2.7900,45.0000,55.0000,70.0000,3.2400,3.3400,3.4900,assumed,135.0000,155.0000,180.0000,3.9600,4.1600,4.4100,estimated,3.3350,3.5250,3.6950,4.1500,4.3400,4.6600
2025-04-01,2.5700,2025-04-01,18.0000,2025-03-14,boc_published,2.7500,45.0000,55.0000,70.0000,3.2000,3.3000,3.4500,assumed,135.0000,155.0000,180.0000,3.9200,4.1200,4.3700,estimated,3.3350,3.4750,3.6950,4.1500,4.2900,4.6600
2025-04-02,2.5800,2025-04-02,18.0000,2025-03-14,boc_published,2.7600,45.0000,55.0000,70.0000,3.2100,3.3100,3.4600,assumed,135.0000,155.0000,180.0000,3.9300,4.1300,4.3800,estimated,3.2350,3.4750,3.6950,4.0500,4.2900,4.5100
2025-04-03,2.5500,2025-04-03,18.0000,2025-03-14,boc_published,2.7300,45.0000,55.0000,70.0000,3.1800,3.2800,3.4300,assumed,135.0000,155.0000,180.0000,3.9000,4.1000,4.3500,estimated,3.2650,3.4750,3.6950,4.0800,4.2900,4.5100
2025-04-04,2.5200,2025-04-04,18.0000,2025-03-14,boc_published,2.7000,45.0000,55.0000,70.0000,3.1500,3.2500,3.4000,assumed,135.0000,155.0000,180.0000,3.8700,4.0700,4.3200,estimated,3.3550,3.3550,3.6950,4.1700,4.1700,4.5100
2025-04-05,2.5200,2025-04-04,18.0000,2025-03-14,boc_published,2.7000,45.0000,55.0000,70.0000,3.1500,3.2500,3.4000,assumed,135.0000,155.0000,180.0000,3.8700,4.0700,4.3200,estimated,3.4550,3.3950,3.6950,4.2700,4.2100,4.5100
2025-04-06,2.5200,2025-04-04,18.0000,2025-03-14,boc_published,2.7000,45.0000,55.0000,70.0000,3.1500,3.2500,3.4000,assumed,135.0000,155.0000,180.0000,3.8700,4.0700,4.3200,estimated,3.4250,3.3650,3.6950,4.2400,4.1800,4.5100
2025-04-07,2.6400,2025-04-07,18.0000,2025-03-14,boc_published,2.8200,45.0000,55.0000,70.0000,3.2700,3.3700,3.5200,assumed,135.0000,155.0000,180.0000,3.9900,4.1900,4.4400,estimated,3.4250,3.3650,3.7450,4.2400,4.1800,4.5600
2025-04-08,2.6700,2025-04-08,18.0000,2025-03-14,boc_published,2.8500,45.0000,55.0000,70.0000,3.3000,3.4000,3.5500,assumed,135.0000,155.0000,180.0000,4.0200,4.2200,4.4700,estimated,3.4250,3.4850,3.7550,4.2400,4.3000,4.5700
2025-04-09,2.8000,2025-04-09,18.0000,2025-03-14,boc_published,2.9800,45.0000,55.0000,70.0000,3.4300,3.5300,3.6800,assumed,135.0000,155.0000,180.0000,4.1500,4.3500,4.6000,estimated,3.3650,3.4850,3.7750,4.1800,4.3000,4.5900
2025-04-10,2.8100,2025-04-10,18.0000,2025-03-14,boc_published,2.9900,45.0000,55.0000,70.0000,3.4400,3.5400,3.6900,assumed,135.0000,155.0000,180.0000,4.1600,4.3600,4.6100,estimated,3.3750,3.4850,3.9050,4.1900,4.3000,4.7200
2025-04-11,2.8700,2025-04-11,18.0000,2025-03-14,boc_published,3.0500,45.0000,55.0000,70.0000,3.5000,3.6000,3.7500,assumed,135.0000,155.0000,180.0000,4.2200,4.4200,4.6700,estimated,3.4450,3.4750,3.9050,4.2600,4.2900,4.7200
2025-04-12,2.8700,2025-04-11,18.0000,2025-03-14,boc_published,3.0500,45.0000,55.0000,70.0000,3.5000,3.6000,3.7500,assumed,135.0000,155.0000,180.0000,4.2200,4.4200,4.6700,estimated,3.4050,3.5150,3.9050,4.2200,4.3300,4.7200
2025-04-13,2.8700,2025-04-11,18.0000,2025-03-14,boc_published,3.0500,45.0000,55.0000,70.0000,3.5000,3.6000,3.7500,assumed,135.0000,155.0000,180.0000,4.2200,4.4200,4.6700,estimated,3.4500,3.6050,3.9750,4.2700,4.4200,4.7900
2025-04-14,2.7400,2025-04-14,18.0000,2025-03-14,boc_published,2.9200,45.0000,55.0000,70.0000,3.3700,3.4700,3.6200,assumed,135.0000,155.0000,180.0000,4.0900,4.2900,4.5400,estimated,3.4500,3.5350,4.0150,4.2700,4.3500,4.8300
2025-04-15,2.7200,2025-04-15,18.0000,2025-03-14,boc_published,2.9000,45.0000,55.0000,70.0000,3.3500,3.4500,3.6000,assumed,135.0000,155.0000,180.0000,4.0700,4.2700,4.5200,estimated,3.4500,3.5250,3.8750,4.2700,4.3400,4.6900
2025-04-16,2.7000,2025-04-16,18.0000,2025-03-14,boc_published,2.8800,45.0000,55.0000,70.0000,3.3300,3.4300,3.5800,assumed,135.0000,155.0000,180.0000,4.0500,4.2500,4.5000,estimated,3.4200,3.5250,3.7850,4.2400,4.3400,4.6000
2025-04-17,2.7300,2025-04-17,18.0000,2025-03-14,boc_published,2.9100,45.0000,55.0000,70.0000,3.3600,3.4600,3.6100,assumed,135.0000,155.0000,180.0000,4.0800,4.2800,4.5300,estimated,3.4200,3.5250,3.7450,4.2400,4.3400,4.5600
2025-04-18,2.7300,2025-04-17,18.0000,2025-03-14,boc_published,2.9100,45.0000,55.0000,70.0000,3.3600,3.4600,3.6100,assumed,135.0000,155.0000,180.0000,4.0800,4.2800,4.5300,estimated,3.3900,3.5250,3.7450,4.2100,4.3400,4.5600
2025-04-19,2.7300,2025-04-17,18.0000,2025-03-14,boc_published,2.9100,45.0000,55.0000,70.0000,3.3600,3.4600,3.6100,assumed,135.0000,155.0000,180.0000,4.0800,4.2800,4.5300,estimated,3.3900,3.6250,3.7450,4.2100,4.4400,4.5600
2025-04-20,2.7300,2025-04-17,18.0000,2025-03-14,boc_published,2.9100,45.0000,55.0000,70.0000,3.3600,3.4600,3.6100,assumed,135.0000,155.0000,180.0000,4.0800,4.2800,4.5300,estimated,3.3900,3.6150,3.7250,4.2100,4.4300,4.5400
2025-04-21,2.7900,2025-04-21,18.0000,2025-03-14,boc_published,2.9700,45.0000,55.0000,70.0000,3.4200,3.5200,3.6700,assumed,135.0000,155.0000,180.0000,4.1400,4.3400,4.5900,estimated,3.3900,3.6450,3.7050,4.2100,4.4600,4.5200
2025-04-22,2.7600,2025-04-22,18.0000,2025-03-14,boc_published,2.9400,45.0000,55.0000,70.0000,3.3900,3.4900,3.6400,assumed,135.0000,155.0000,180.0000,4.1100,4.3100,4.5600,estimated,3.3900,3.5350,3.7550,4.2100,4.3500,4.5700
2025-04-23,2.8400,2025-04-23,18.0000,2025-03-14,boc_published,3.0200,45.0000,55.0000,70.0000,3.4700,3.5700,3.7200,assumed,135.0000,155.0000,180.0000,4.1900,4.3900,4.6400,estimated,3.4300,3.5350,3.7650,4.2500,4.3500,4.5800
2025-04-24,2.7900,2025-04-24,18.0000,2025-03-14,boc_published,2.9700,45.0000,55.0000,70.0000,3.4200,3.5200,3.6700,assumed,135.0000,155.0000,180.0000,4.1400,4.3400,4.5900,estimated,3.4500,3.5350,3.7150,4.2700,4.3500,4.5300
2025-04-25,2.7800,2025-04-25,18.0000,2025-03-14,boc_published,2.9600,45.0000,55.0000,70.0000,3.4100,3.5100,3.6600,assumed,135.0000,155.0000,180.0000,4.1300,4.3300,4.5800,estimated,3.4900,3.4950,3.7150,4.3100,4.3100,4.5300
2025-04-26,2.7800,2025-04-25,18.0000,2025-03-14,boc_published,2.9600,45.0000,55.0000,70.0000,3.4100,3.5100,3.6600,assumed,135.0000,155.0000,180.0000,4.1300,4.3300,4.5800,estimated,3.4500,3.4250,3.7150,4.2700,4.2400,4.5300
2025-04-27,2.7800,2025-04-25,18.0000,2025-03-14,boc_published,2.9600,45.0000,55.0000,70.0000,3.4100,3.5100,3.6600,assumed,135.0000,155.0000,180.0000,4.1300,4.3300,4.5800,estimated,3.3900,3.4350,3.6450,4.2100,4.2500,4.4600
2025-04-28,2.7600,2025-04-28,18.0000,2025-03-14,boc_published,2.9400,45.0000,55.0000,70.0000,3.3900,3.4900,3.6400,assumed,135.0000,155.0000,180.0000,4.1100,4.3100,4.5600,estimated,3.3900,3.4050,3.6250,4.2100,4.2200,4.4400
2025-04-29,2.7300,2025-04-29,18.0000,2025-03-14,boc_published,2.9100,45.0000,55.0000,70.0000,3.3600,3.4600,3.6100,assumed,135.0000,155.0000,180.0000,4.0800,4.2800,4.5300,estimated,3.3900,3.3350,3.6050,4.2100,4.1500,4.4200
2025-04-30,2.6700,2025-04-30,18.0000,2025-03-14,boc_published,2.8500,45.0000,55.0000,70.0000,3.3000,3.4000,3.5500,assumed,135.0000,155.0000,180.0000,4.0200,4.2200,4.4700,estimated,3.3400,3.3350,3.5250,4.1600,4.1500,4.3400
2025-05-01,2.7000,2025-05-01,18.0000,2025-03-14,boc_published,2.8800,45.0000,55.0000,70.0000,3.3300,3.4300,3.5800,assumed,135.0000,155.0000,180.0000,4.0500,4.2500,4.5000,estimated,3.3000,3.3350,3.4750,4.1200,4.1500,4.2900
2025-05-02,2.7700,2025-05-02,18.0000,2025-03-14,boc_published,2.9500,45.0000,55.0000,70.0000,3.4000,3.5000,3.6500,assumed,135.0000,155.0000,180.0000,4.1200,4.3200,4.5700,estimated,3.3100,3.2350,3.4750,4.1300,4.0500,4.2900
2025-05-03,2.7700,2025-05-02,18.0000,2025-03-14,boc_published,2.9500,45.0000,55.0000,70.0000,3.4000,3.5000,3.6500,assumed,135.0000,155.0000,180.0000,4.1200,4.3200,4.5700,estimated,3.2800,3.2650,3.4750,4.1000,4.0800,4.2900
2025-05-04,2.7700,2025-05-02,18.0000,2025-03-14,boc_published,2.9500,45.0000,55.0000,70.0000,3.4000,3.5000,3.6500,assumed,135.0000,155.0000,180.0000,4.1200,4.3200,4.5700,estimated,3.2500,3.3550,3.3550,4.0700,4.1700,4.1700
2025-05-05,2.7700,2025-05-05,18.0000,2025-03-14,boc_published,2.9500,45.0000,55.0000,70.0000,3.4000,3.5000,3.6500,assumed,135.0000,155.0000,180.0000,4.1200,4.3200,4.5700,estimated,3.2500,3.4550,3.3950,4.0700,4.2700,4.2100
2025-05-06,2.7500,2025-05-06,18.0000,2025-03-14,boc_published,2.9300,45.0000,55.0000,70.0000,3.3800,3.4800,3.6300,assumed,135.0000,155.0000,180.0000,4.1000,4.3000,4.5500,estimated,3.2500,3.4250,3.3650,4.0700,4.2400,4.1800
2025-05-07,2.7000,2025-05-07,18.0000,2025-03-14,boc_published,2.8800,45.0000,55.0000,70.0000,3.3300,3.4300,3.5800,assumed,135.0000,155.0000,180.0000,4.0500,4.2500,4.5000,estimated,3.3700,3.4250,3.3650,4.1900,4.2400,4.1800
2025-05-08,2.8100,2025-05-08,18.0000,2025-03-14,boc_published,2.9900,45.0000,55.0000,70.0000,3.4400,3.5400,3.6900,assumed,135.0000,155.0000,180.0000,4.1600,4.3600,4.6100,estimated,3.4000,3.4250,3.4850,4.2200,4.2400,4.3000
2025-05-09,2.7500,2025-05-09,18.0000,2025-03-14,boc_published,2.9300,45.0000,55.0000,70.0000,3.3800,3.4800,3.6300,assumed,135.0000,155.0000,180.0000,4.1000,4.3000,4.5500,estimated,3.5300,3.3650,3.4850,4.3500,4.1800,4.3000
2025-05-10,2.7500,2025-05-09,18.0000,2025-03-14,boc_published,2.9300,45.0000,55.0000,70.0000,3.3800,3.4800,3.6300,assumed,135.0000,155.0000,180.0000,4.1000,4.3000,4.5500,estimated,3.5400,3.3750,3.4850,4.3600,4.1900,4.3000
2025-05-11,2.7500,2025-05-09,18.0000,2025-03-14,boc_published,2.9300,45.0000,55.0000,70.0000,3.3800,3.4800,3.6300,assumed,135.0000,155.0000,180.0000,4.1000,4.3000,4.5500,estimated,3.6000,3.4450,3.4750,4.4200,4.2600,4.2900
2025-05-12,2.8000,2025-05-12,18.0000,2025-03-14,boc_published,2.9800,45.0000,55.0000,70.0000,3.4300,3.5300,3.6800,assumed,135.0000,155.0000,180.0000,4.1500,4.3500,4.6000,estimated,3.6000,3.4050,3.5150,4.4200,4.2200,4.3300
2025-05-13,2.8100,2025-05-13,18.0000,2025-03-14,boc_published,2.9900,45.0000,55.0000,70.0000,3.4400,3.5400,3.6900,assumed,135.0000,155.0000,180.0000,4.1600,4.3600,4.6100,estimated,3.6000,3.4500,3.6050,4.4200,4.2700,4.4200
2025-05-14,2.8400,2025-05-14,18.0000,2025-03-14,boc_published,3.0200,45.0000,55.0000,70.0000,3.4700,3.5700,3.7200,assumed,135.0000,155.0000,180.0000,4.1900,4.3900,4.6400,estimated,3.4700,3.4500,3.5350,4.2900,4.2700,4.3500
2025-05-15,2.7600,2025-05-15,18.0000,2025-03-14,boc_published,2.9400,45.0000,55.0000,70.0000,3.3900,3.4900,3.6400,assumed,135.0000,155.0000,180.0000,4.1100,4.3100,4.5600,estimated,3.4500,3.4500,3.5250,4.2700,4.2700,4.3400
2025-05-16,2.7700,2025-05-16,18.0000,2025-03-14,boc_published,2.9500,45.0000,55.0000,70.0000,3.4000,3.5000,3.6500,assumed,135.0000,155.0000,180.0000,4.1200,4.3200,4.5700,estimated,3.4300,3.4200,3.5250,4.2500,4.2400,4.3400
2025-05-17,2.7700,2025-05-16,18.0000,2025-03-14,boc_published,2.9500,45.0000,55.0000,70.0000,3.4000,3.5000,3.6500,assumed,135.0000,155.0000,180.0000,4.1200,4.3200,4.5700,estimated,3.4600,3.4200,3.5250,4.2800,4.2400,4.3400
2025-05-18,2.7700,2025-05-16,18.0000,2025-03-14,boc_published,2.9500,45.0000,55.0000,70.0000,3.4000,3.5000,3.6500,assumed,135.0000,155.0000,180.0000,4.1200,4.3200,4.5700,estimated,3.4600,3.3900,3.5250,4.2800,4.2100,4.3400
2025-05-19,2.7700,2025-05-16,18.0000,2025-03-14,boc_published,2.9500,45.0000,55.0000,70.0000,3.4000,3.5000,3.6500,assumed,135.0000,155.0000,180.0000,4.1200,4.3200,4.5700,estimated,3.4600,3.3900,3.6250,4.2800,4.2100,4.4400
2025-05-20,2.8800,2025-05-20,18.0000,2025-03-14,boc_published,3.0600,45.0000,55.0000,70.0000,3.5100,3.6100,3.7600,assumed,135.0000,155.0000,180.0000,4.2300,4.4300,4.6800,estimated,3.4600,3.3900,3.6150,4.2800,4.2100,4.4300
2025-05-21,2.9700,2025-05-21,18.0000,2025-03-14,boc_published,3.1500,45.0000,55.0000,70.0000,3.6000,3.7000,3.8500,assumed,135.0000,155.0000,180.0000,4.3200,4.5200,4.7700,estimated,3.5200,3.3900,3.6450,4.3400,4.2100,4.4600
2025-05-22,2.9600,2025-05-22,18.0000,2025-03-14,boc_published,3.1400,45.0000,55.0000,70.0000,3.5900,3.6900,3.8400,assumed,135.0000,155.0000,180.0000,4.3100,4.5100,4.7600,estimated,3.4900,3.3900,3.5350,4.3100,4.2100,4.3500
2025-05-23,2.9300,2025-05-23,18.0000,2025-03-14,boc_published,3.1100,45.0000,55.0000,70.0000,3.5600,3.6600,3.8100,assumed,135.0000,155.0000,180.0000,4.2800,4.4800,4.7300,estimated,3.5700,3.4300,3.5350,4.3900,4.2500,4.3500
2025-05-24,2.9300,2025-05-23,18.0000,2025-03-14,boc_published,3.1100,45.0000,55.0000,70.0000,3.5600,3.6600,3.8100,assumed,135.0000,155.0000,180.0000,4.2800,4.4800,4.7300,estimated,3.5200,3.4500,3.5350,4.3400,4.2700,4.3500
2025-05-25,2.9300,2025-05-23,18.0000,2025-03-14,boc_published,3.1100,45.0000,55.0000,70.0000,3.5600,3.6600,3.8100,assumed,135.0000,155.0000,180.0000,4.2800,4.4800,4.7300,estimated,3.5100,3.4900,3.4950,4.3300,4.3100,4.3100
2025-05-26,2.9200,2025-05-26,18.0000,2025-03-14,boc_published,3.1000,45.0000,55.0000,70.0000,3.5500,3.6500,3.8000,assumed,135.0000,155.0000,180.0000,4.2700,4.4700,4.7200,estimated,3.5100,3.4500,3.4250,4.3300,4.2700,4.2400
2025-05-27,2.8700,2025-05-27,18.0000,2025-03-14,boc_published,3.0500,45.0000,55.0000,70.0000,3.5000,3.6000,3.7500,assumed,135.0000,155.0000,180.0000,4.2200,4.4200,4.6700,estimated,3.5100,3.3900,3.4350,4.3300,4.2100,4.2500
2025-05-28,2.8500,2025-05-28,18.0000,2025-03-14,boc_published,3.0300,45.0000,55.0000,70.0000,3.4800,3.5800,3.7300,assumed,135.0000,155.0000,180.0000,4.2000,4.4000,4.6500,estimated,3.4900,3.3900,3.4050,4.3100,4.2100,4.2200
2025-05-29,2.8200,2025-05-29,18.0000,2025-03-14,boc_published,3.0000,45.0000,55.0000,70.0000,3.4500,3.5500,3.7000,assumed,135.0000,155.0000,180.0000,4.1700,4.3700,4.6200,estimated,3.4600,3.3900,3.3350,4.2800,4.2100,4.1500
2025-05-30,2.8000,2025-05-30,18.0000,2025-03-14,boc_published,2.9800,45.0000,55.0000,70.0000,3.4300,3.5300,3.6800,assumed,135.0000,155.0000,180.0000,4.1500,4.3500,4.6000,estimated,3.4000,3.3400,3.3350,4.2200,4.1600,4.1500
2025-05-31,2.8000,2025-05-30,18.0000,2025-03-14,boc_published,2.9800,45.0000,55.0000,70.0000,3.4300,3.5300,3.6800,assumed,135.0000,155.0000,180.0000,4.1500,4.3500,4.6000,estimated,3.4300,3.3000,3.3350,4.2500,4.1200,4.1500
2025-06-01,2.8000,2025-05-30,18.0000,2025-03-14,boc_published,2.9800,45.0000,55.0000,70.0000,3.4300,3.5300,3.6800,assumed,135.0000,155.0000,180.0000,4.1500,4.3500,4.6000,estimated,3.5000,3.3100,3.2350,4.3200,4.1300,4.0500
2025-06-02,2.8200,2025-06-02,18.0000,2025-03-14,boc_published,3.0000,45.0000,55.0000,70.0000,3.4500,3.5500,3.7000,assumed,135.0000,155.0000,180.0000,4.1700,4.3700,4.6200,estimated,3.5000,3.2800,3.2650,4.3200,4.1000,4.0800
2025-06-03,2.8600,2025-06-03,18.0000,2025-03-14,boc_published,3.0400,45.0000,55.0000,70.0000,3.4900,3.5900,3.7400,assumed,135.0000,155.0000,180.0000,4.2100,4.4100,4.6600,estimated,3.5000,3.2500,3.3550,4.3200,4.0700,4.1700
2025-06-04,2.8400,2025-06-04,18.0000,2025-03-14,boc_published,3.0200,45.0000,55.0000,70.0000,3.4700,3.5700,3.7200,assumed,135.0000,155.0000,180.0000,4.1900,4.3900,4.6400,estimated,3.5000,3.2500,3.4550,4.3200,4.0700,4.2700
2025-06-05,2.8600,2025-06-05,18.0000,2025-03-14,boc_published,3.0400,45.0000,55.0000,70.0000,3.4900,3.5900,3.7400,assumed,135.0000,155.0000,180.0000,4.2100,4.4100,4.6600,estimated,3.4800,3.2500,3.4250,4.3000,4.0700,4.2400
2025-06-06,2.9600,2025-06-06,18.0000,2025-03-14,boc_published,3.1400,45.0000,55.0000,70.0000,3.5900,3.6900,3.8400,assumed,135.0000,155.0000,180.0000,4.3100,4.5100,4.7600,estimated,3.4300,3.3700,3.4250,4.2500,4.1900,4.2400
2025-06-07,2.9600,2025-06-06,18.0000,2025-03-14,boc_published,3.1400,45.0000,55.0000,70.0000,3.5900,3.6900,3.8400,assumed,135.0000,155.0000,180.0000,4.3100,4.5100,4.7600,estimated,3.5400,3.4000,3.4250,4.3600,4.2200,4.2400
2025-06-08,2.9600,2025-06-06,18.0000,2025-03-14,boc_published,3.1400,45.0000,55.0000,70.0000,3.5900,3.6900,3.8400,assumed,135.0000,155.0000,180.0000,4.3100,4.5100,4.7600,estimated,3.4800,3.5300,3.3650,4.3000,4.3500,4.1800
2025-06-09,2.9600,2025-06-09,18.0000,2025-03-14,boc_published,3.1400,45.0000,55.0000,70.0000,3.5900,3.6900,3.8400,assumed,135.0000,155.0000,180.0000,4.3100,4.5100,4.7600,estimated,3.4800,3.5400,3.3750,4.3000,4.3600,4.1900
2025-06-10,2.9400,2025-06-10,18.0000,2025-03-14,boc_published,3.1200,45.0000,55.0000,70.0000,3.5700,3.6700,3.8200,assumed,135.0000,155.0000,180.0000,4.2900,4.4900,4.7400,estimated,3.4800,3.6000,3.4450,4.3000,4.4200,4.2600
2025-06-11,2.9300,2025-06-11,18.0000,2025-03-14,boc_published,3.1100,45.0000,55.0000,70.0000,3.5600,3.6600,3.8100,assumed,135.0000,155.0000,180.0000,4.2800,4.4800,4.7300,estimated,3.5300,3.6000,3.4050,4.3500,4.4200,4.2200
2025-06-12,2.9200,2025-06-12,18.0000,2025-03-14,boc_published,3.1000,45.0000,55.0000,70.0000,3.5500,3.6500,3.8000,assumed,135.0000,155.0000,180.0000,4.2700,4.4700,4.7200,estimated,3.5400,3.6000,3.4500,4.3600,4.4200,4.2700
2025-06-13,2.9600,2025-06-13,16.0000,2025-06-13,boc_published,3.1200,45.0000,55.0000,70.0000,3.5700,3.6700,3.8200,assumed,135.0000,155.0000,180.0000,4.3100,4.5100,4.7600,estimated,3.5700,3.4700,3.4500,4.3900,4.2900,4.2700
2025-06-14,2.9600,2025-06-13,16.0000,2025-06-13,boc_published,3.1200,45.0000,55.0000,70.0000,3.5700,3.6700,3.8200,assumed,135.0000,155.0000,180.0000,4.3100,4.5100,4.7600,estimated,3.4900,3.4500,3.4500,4.3100,4.2700,4.2700
2025-06-15,2.9600,2025-06-13,16.0000,2025-06-13,boc_published,3.1200,45.0000,55.0000,70.0000,3.5700,3.6700,3.8200,assumed,135.0000,155.0000,180.0000,4.3100,4.5100,4.7600,estimated,3.5000,3.4300,3.4200,4.3200,4.2500,4.2400
2025-06-16,2.9900,2025-06-16,16.0000,2025-06-13,boc_published,3.1500,45.0000,55.0000,70.0000,3.6000,3.7000,3.8500,assumed,135.0000,155.0000,180.0000,4.3400,4.5400,4.7900,estimated,3.5000,3.4600,3.4200,4.3200,4.2800,4.2400
2025-06-17,2.9600,2025-06-17,16.0000,2025-06-13,boc_published,3.1200,45.0000,55.0000,70.0000,3.5700,3.6700,3.8200,assumed,135.0000,155.0000,180.0000,4.3100,4.5100,4.7600,estimated,3.5000,3.4600,3.3900,4.3200,4.2800,4.2100
2025-06-18,2.9300,2025-06-18,16.0000,2025-06-13,boc_published,3.0900,45.0000,55.0000,70.0000,3.5400,3.6400,3.7900,assumed,135.0000,155.0000,180.0000,4.2800,4.4800,4.7300,estimated,3.5000,3.4600,3.3900,4.3200,4.2800,4.2100
2025-06-19,2.9200,2025-06-19,16.0000,2025-06-13,boc_published,3.0800,45.0000,55.0000,70.0000,3.5300,3.6300,3.7800,assumed,135.0000,155.0000,180.0000,4.2700,4.4700,4.7200,estimated,3.6100,3.4600,3.3900,4.4300,4.2800,4.2100
2025-06-20,2.8900,2025-06-20,16.0000,2025-06-13,boc_published,3.0500,45.0000,55.0000,70.0000,3.5000,3.6000,3.7500,assumed,135.0000,155.0000,180.0000,4.2400,4.4400,4.6900,estimated,3.7000,3.5200,3.3900,4.5200,4.3400,4.2100
2025-06-21,2.8900,2025-06-20,16.0000,2025-06-13,boc_published,3.0500,45.0000,55.0000,70.0000,3.5000,3.6000,3.7500,assumed,135.0000,155.0000,180.0000,4.2400,4.4400,4.6900,estimated,3.6900,3.4900,3.3900,4.5100,4.3100,4.2100
2025-06-22,2.8900,2025-06-20,16.0000,2025-06-13,boc_published,3.0500,45.0000,55.0000,70.0000,3.5000,3.6000,3.7500,assumed,135.0000,155.0000,180.0000,4.2400,4.4400,4.6900,estimated,3.6600,3.5700,3.4300,4.4800,4.3900,4.2500
2025-06-23,2.8500,2025-06-23,16.0000,2025-06-13,boc_published,3.0100,45.0000,55.0000,70.0000,3.4600,3.5600,3.7100,assumed,135.0000,155.0000,180.0000,4.2000,4.4000,4.6500,estimated,3.6600,3.5200,3.4500,4.4800,4.3400,4.2700
2025-06-24,2.8500,2025-06-24,16.0000,2025-06-13,boc_published,3.0100,45.0000,55.0000,70.0000,3.4600,3.5600,3.7100,assumed,135.0000,155.0000,180.0000,4.2000,4.4000,4.6500,estimated,3.6600,3.5100,3.4900,4.4800,4.3300,4.3100
2025-06-25,2.9000,2025-06-25,16.0000,2025-06-13,boc_published,3.0600,45.0000,55.0000,70.0000,3.5100,3.6100,3.7600,assumed,135.0000,155.0000,180.0000,4.2500,4.4500,4.7000,estimated,3.6500,3.5100,3.4500,4.4700,4.3300,4.2700
2025-06-26,2.8700,2025-06-26,16.0000,2025-06-13,boc_published,3.0300,45.0000,55.0000,70.0000,3.4800,3.5800,3.7300,assumed,135.0000,155.0000,180.0000,4.2200,4.4200,4.6700,estimated,3.6000,3.5100,3.3900,4.4200,4.3300,4.2100
2025-06-27,2.8600,2025-06-27,16.0000,2025-06-13,boc_published,3.0200,45.0000,55.0000,70.0000,3.4700,3.5700,3.7200,assumed,135.0000,155.0000,180.0000,4.2100,4.4100,4.6600,estimated,3.5800,3.4900,3.3900,4.4000,4.3100,4.2100
2025-06-28,2.8600,2025-06-27,16.0000,2025-06-13,boc_published,3.0200,45.0000,55.0000,70.0000,3.4700,3.5700,3.7200,assumed,135.0000,155.0000,180.0000,4.2100,4.4100,4.6600,estimated,3.5500,3.4600,3.3900,4.3700,4.2800,4.2100
2025-06-29,2.8600,2025-06-27,16.0000,2025-06-13,boc_published,3.0200,45.0000,55.0000,70.0000,3.4700,3.5700,3.7200,assumed,135.0000,155.0000,180.0000,4.2100,4.4100,4.6600,estimated,3.5300,3.4000,3.3400,4.3500,4.2200,4.1600
2025-06-30,2.8300,2025-06-30,16.0000,2025-06-13,boc_published,2.9900,45.0000,55.0000,70.0000,3.4400,3.5400,3.6900,assumed,135.0000,155.0000,180.0000,4.1800,4.3800,4.6300,estimated,3.5300,3.4300,3.3000,4.3500,4.2500,4.1200
2025-07-01,2.8300,2025-06-30,16.0000,2025-06-13,boc_published,2.9900,45.0000,55.0000,70.0000,3.4400,3.5400,3.6900,assumed,135.0000,155.0000,180.0000,4.1800,4.3800,4.6300,estimated,3.5300,3.5000,3.3100,4.3500,4.3200,4.1300
2025-07-02,2.9100,2025-07-02,16.0000,2025-06-13,boc_published,3.0700,45.0000,55.0000,70.0000,3.5200,3.6200,3.7700,assumed,135.0000,155.0000,180.0000,4.2600,4.4600,4.7100,estimated,3.5500,3.5000,3.2800,4.3700,4.3200,4.1000
2025-07-03,2.9400,2025-07-03,16.0000,2025-06-13,boc_published,3.1000,45.0000,55.0000,70.0000,3.5500,3.6500,3.8000,assumed,135.0000,155.0000,180.0000,4.2900,4.4900,4.7400,estimated,3.5900,3.5000,3.2500,4.4100,4.3200,4.0700
2025-07-04,2.9100,2025-07-04,16.0000,2025-06-13,boc_published,3.0700,45.0000,55.0000,70.0000,3.5200,3.6200,3.7700,assumed,135.0000,155.0000,180.0000,4.2600,4.4600,4.7100,estimated,3.5700,3.5000,3.2500,4.3900,4.3200,4.0700
2025-07-05,2.9100,2025-07-04,16.0000,2025-06-13,boc_published,3.0700,45.0000,55.0000,70.0000,3.5200,3.6200,3.7700,assumed,135.0000,155.0000,180.0000,4.2600,4.4600,4.7100,estimated,3.5900,3.4800,3.2500,4.4100,4.3000,4.0700
2025-07-06,2.9100,2025-07-04,16.0000,2025-06-13,boc_published,3.0700,45.0000,55.0000,70.0000,3.5200,3.6200,3.7700,assumed,135.0000,155.0000,180.0000,4.2600,4.4600,4.7100,estimated,3.6900,3.4300,3.3700,4.5100,4.2500,4.1900
2025-07-07,2.9400,2025-07-07,16.0000,2025-06-13,boc_published,3.1000,45.0000,55.0000,70.0000,3.5500,3.6500,3.8000,assumed,135.0000,155.0000,180.0000,4.2900,4.4900,4.7400,estimated,3.6900,3.5400,3.4000,4.5100,4.3600,4.2200
2025-07-08,2.9600,2025-07-08,16.0000,2025-06-13,boc_published,3.1200,45.0000,55.0000,70.0000,3.5700,3.6700,3.8200,assumed,135.0000,155.0000,180.0000,4.3100,4.5100,4.7600,estimated,3.6900,3.4800,3.5300,4.5100,4.3000,4.3500
2025-07-09,2.9200,2025-07-09,16.0000,2025-06-13,boc_published,3.0800,45.0000,55.0000,70.0000,3.5300,3.6300,3.7800,assumed,135.0000,155.0000,180.0000,4.2700,4.4700,4.7200,estimated,3.6900,3.4800,3.5400,4.5100,4.3000,4.3600
2025-07-10,2.9500,2025-07-10,16.0000,2025-06-13,boc_published,3.1100,45.0000,55.0000,70.0000,3.5600,3.6600,3.8100,assumed,135.0000,155.0000,180.0000,4.3000,4.5000,4.7500,estimated,3.6700,3.4800,3.6000,4.4900,4.3000,4.4200
2025-07-11,3.0300,2025-07-11,16.0000,2025-06-13,boc_published,3.1900,45.0000,55.0000,70.0000,3.6400,3.7400,3.8900,assumed,135.0000,155.0000,180.0000,4.3800,4.5800,4.8300,estimated,3.6600,3.5300,3.6000,4.4800,4.3500,4.4200
2025-07-12,3.0300,2025-07-11,16.0000,2025-06-13,boc_published,3.1900,45.0000,55.0000,70.0000,3.6400,3.7400,3.8900,assumed,135.0000,155.0000,180.0000,4.3800,4.5800,4.8300,estimated,3.6500,3.5400,3.6000,4.4700,4.3600,4.4200
2025-07-13,3.0300,2025-07-11,16.0000,2025-06-13,boc_published,3.1900,45.0000,55.0000,70.0000,3.6400,3.7400,3.8900,assumed,135.0000,155.0000,180.0000,4.3800,4.5800,4.8300,estimated,3.6700,3.5700,3.4700,4.5100,4.3900,4.2900
2025-07-14,3.0400,2025-07-14,16.0000,2025-06-13,boc_published,3.2000,45.0000,55.0000,70.0000,3.6500,3.7500,3.9000,assumed,135.0000,155.0000,180.0000,4.3900,4.5900,4.8400,estimated,3.6700,3.4900,3.4500,4.5100,4.3100,4.2700
2025-07-15,3.1300,2025-07-15,16.0000,2025-06-13,boc_published,3.2900,45.0000,55.0000,70.0000,3.7400,3.8400,3.9900,assumed,135.0000,155.0000,180.0000,4.4800,4.6800,4.9300,estimated,3.6700,3.5000,3.4300,4.5100,4.3200,4.2500
2025-07-16,3.1000,2025-07-16,16.0000,2025-06-13,boc_published,3.2600,45.0000,55.0000,70.0000,3.7100,3.8100,3.9600,assumed,135.0000,155.0000,180.0000,4.4500,4.6500,4.9000,estimated,3.7000,3.5000,3.4600,4.5400,4.3200,4.2800
2025-07-17,3.1000,2025-07-17,16.0000,2025-06-13,boc_published,3.2600,45.0000,55.0000,70.0000,3.7100,3.8100,3.9600,assumed,135.0000,155.0000,180.0000,4.4500,4.6500,4.9000,estimated,3.6700,3.5000,3.4600,4.5100,4.3200,4.2800
2025-07-18,3.1000,2025-07-18,16.0000,2025-06-13,boc_published,3.2600,45.0000,55.0000,70.0000,3.7100,3.8100,3.9600,assumed,135.0000,155.0000,180.0000,4.4500,4.6500,4.9000,estimated,3.6400,3.5000,3.4600,4.4800,4.3200,4.2800
2025-07-19,3.1000,2025-07-18,16.0000,2025-06-13,boc_published,3.2600,45.0000,55.0000,70.0000,3.7100,3.8100,3.9600,assumed,135.0000,155.0000,180.0000,4.4500,4.6500,4.9000,estimated,3.6300,3.6100,3.4600,4.4700,4.4300,4.2800
2025-07-20,3.1000,2025-07-18,16.0000,2025-06-13,boc_published,3.2600,45.0000,55.0000,70.0000,3.7100,3.8100,3.9600,assumed,135.0000,155.0000,180.0000,4.4500,4.6500,4.9000,estimated,3.6000,3.7000,3.5200,4.4400,4.5200,4.3400
2025-07-21,3.0600,2025-07-21,16.0000,2025-06-13,boc_published,3.2200,45.0000,55.0000,70.0000,3.6700,3.7700,3.9200,assumed,135.0000,155.0000,180.0000,4.4100,4.6100,4.8600,estimated,3.6000,3.6900,3.4900,4.4400,4.5100,4.3100
2025-07-22,3.0400,2025-07-22,16.0000,2025-06-13,boc_published,3.2000,45.0000,55.0000,70.0000,3.6500,3.7500,3.9000,assumed,135.0000,155.0000,180.0000,4.3900,4.5900,4.8400,estimated,3.6000,3.6600,3.5700,4.4400,4.4800,4.3900
2025-07-23,3.1000,2025-07-23,16.0000,2025-06-13,boc_published,3.2600,45.0000,55.0000,70.0000,3.7100,3.8100,3.9600,assumed,135.0000,155.0000,180.0000,4.4500,4.6500,4.9000,estimated,3.5600,3.6600,3.5200,4.4000,4.4800,4.3400
2025-07-24,3.1000,2025-07-24,16.0000,2025-06-13,boc_published,3.2600,45.0000,55.0000,70.0000,3.7100,3.8100,3.9600,assumed,135.0000,155.0000,180.0000,4.4500,4.6500,4.9000,estimated,3.5600,3.6600,3.5100,4.4000,4.4800,4.3300
2025-07-25,3.0700,2025-07-25,16.0000,2025-06-13,boc_published,3.2300,45.0000,55.0000,70.0000,3.6800,3.7800,3.9300,assumed,135.0000,155.0000,180.0000,4.4200,4.6200,4.8700,estimated,3.6100,3.6500,3.5100,4.4500,4.4700,4.3300
2025-07-26,3.0700,2025-07-25,16.0000,2025-06-13,boc_published,3.2300,45.0000,55.0000,70.0000,3.6800,3.7800,3.9300,assumed,135.0000,155.0000,180.0000,4.4200,4.6200,4.8700,estimated,3.5800,3.6000,3.5100,4.4200,4.4200,4.3300
2025-07-27,3.0700,2025-07-25,16.0000,2025-06-13,boc_published,3.2300,45.0000,55.0000,70.0000,3.6800,3.7800,3.9300,assumed,135.0000,155.0000,180.0000,4.4200,4.6200,4.8700,estimated,3.5700,3.5800,3.4900,4.4100,4.4000,4.3100
2025-07-28,3.0700,2025-07-28,16.0000,2025-06-13,boc_published,3.2300,45.0000,55.0000,70.0000,3.6800,3.7800,3.9300,assumed,135.0000,155.0000,180.0000,4.4200,4.6200,4.8700,estimated,3.5700,3.5500,3.4600,4.4100,4.3700,4.2800
2025-07-29,3.0300,2025-07-29,16.0000,2025-06-13,boc_published,3.1900,45.0000,55.0000,70.0000,3.6400,3.7400,3.8900,assumed,135.0000,155.0000,180.0000,4.3800,4.5800,4.8300,estimated,3.5700,3.5300,3.4000,4.4100,4.3500,4.2200
2025-07-30,3.0500,2025-07-30,16.0000,2025-06-13,boc_published,3.2100,45.0000,55.0000,70.0000,3.6600,3.7600,3.9100,assumed,135.0000,155.0000,180.0000,4.4000,4.6000,4.8500,estimated,3.5400,3.5300,3.4300,4.3800,4.3500,4.2500
2025-07-31,3.0100,2025-07-31,16.0000,2025-06-13,boc_published,3.1700,45.0000,55.0000,70.0000,3.6200,3.7200,3.8700,assumed,135.0000,155.0000,180.0000,4.3600,4.5600,4.8100,estimated,3.5400,3.5300,3.5000,4.3800,4.3500,4.3200
2025-08-01,2.9400,2025-08-01,16.0000,2025-06-13,boc_published,3.1000,45.0000,55.0000,70.0000,3.5500,3.6500,3.8000,assumed,135.0000,155.0000,180.0000,4.2900,4.4900,4.7400,estimated,3.6200,3.5500,3.5000,4.4600,4.3700,4.3200
2025-08-02,2.9400,2025-08-01,16.0000,2025-06-13,boc_published,3.1000,45.0000,55.0000,70.0000,3.5500,3.6500,3.8000,assumed,135.0000,155.0000,180.0000,4.2900,4.4900,4.7400,estimated,3.6500,3.5900,3.5000,4.4900,4.4100,4.3200
2025-08-03,2.9400,2025-08-01,16.0000,2025-06-13,boc_published,3.1000,45.0000,55.0000,70.0000,3.5500,3.6500,3.8000,assumed,135.0000,155.0000,180.0000,4.2900,4.4900,4.7400,estimated,3.6200,3.5700,3.5000,4.4600,4.3900,4.3200
2025-08-04,2.9400,2025-08-01,16.0000,2025-06-13,boc_published,3.1000,45.0000,55.0000,70.0000,3.5500,3.6500,3.8000,assumed,135.0000,155.0000,180.0000,4.2900,4.4900,4.7400,estimated,3.6200,3.5900,3.4800,4.4600,4.4100,4.3000
2025-08-05,2.9400,2025-08-05,16.0000,2025-06-13,boc_published,3.1000,45.0000,55.0000,70.0000,3.5500,3.6500,3.8000,assumed,135.0000,155.0000,180.0000,4.2900,4.4900,4.7400,estimated,3.6200,3.6900,3.4300,4.4600,4.5100,4.2500
2025-08-06,2.9400,2025-08-06,16.0000,2025-06-13,boc_published,3.1000,45.0000,55.0000,70.0000,3.5500,3.6500,3.8000,assumed,135.0000,155.0000,180.0000,4.2900,4.4900,4.7400,estimated,3.6500,3.6900,3.5400,4.4900,4.5100,4.3600
2025-08-07,2.9400,2025-08-07,16.0000,2025-06-13,boc_published,3.1000,45.0000,55.0000,70.0000,3.5500,3.6500,3.8000,assumed,135.0000,155.0000,180.0000,4.2900,4.4900,4.7400,estimated,3.6700,3.6900,3.4800,4.5100,4.5100,4.3000
2025-08-08,2.9200,2025-08-08,16.0000,2025-06-13,boc_published,3.0800,45.0000,55.0000,70.0000,3.5300,3.6300,3.7800,assumed,135.0000,155.0000,180.0000,4.2700,4.4700,4.7200,estimated,3.6300,3.6900,3.4800,4.4700,4.5100,4.3000
2025-08-09,2.9200,2025-08-08,16.0000,2025-06-13,boc_published,3.0800,45.0000,55.0000,70.0000,3.5300,3.6300,3.7800,assumed,135.0000,155.0000,180.0000,4.2700,4.4700,4.7200,estimated,3.6600,3.6700,3.4800,4.5000,4.4900,4.3000
2025-08-10,2.9200,2025-08-08,16.0000,2025-06-13,boc_published,3.0800,45.0000,55.0000,70.0000,3.5300,3.6300,3.7800,assumed,135.0000,155.0000,180.0000,4.2700,4.4700,4.7200,estimated,3.7400,3.6600,3.5300,4.5800,4.4800,4.3500
2025-08-11,2.9300,2025-08-11,16.0000,2025-06-13,boc_published,3.0900,45.0000,55.0000,70.0000,3.5400,3.6400,3.7900,assumed,135.0000,155.0000,180.0000,4.2800,4.4800,4.7300,estimated,3.7400,3.6500,3.5400,4.5800,4.4700,4.3600
2025-08-12,2.9600,2025-08-12,16.0000,2025-06-13,boc_published,3.1200,45.0000,55.0000,70.0000,3.5700,3.6700,3.8200,assumed,135.0000,155.0000,180.0000,4.3100,4.5100,4.7600,estimated,3.7400,3.6700,3.5700,4.5800,4.5100,4.3900
2025-08-13,2.9300,2025-08-13,16.0000,2025-06-13,boc_published,3.0900,45.0000,55.0000,70.0000,3.5400,3.6400,3.7900,assumed,135.0000,155.0000,180.0000,4.2800,4.4800,4.7300,estimated,3.7500,3.6700,3.4900,4.5900,4.5100,4.3100
2025-08-14,2.9400,2025-08-14,16.0000,2025-06-13,boc_published,3.1000,45.0000,55.0000,70.0000,3.5500,3.6500,3.8000,assumed,135.0000,155.0000,180.0000,4.2900,4.4900,4.7400,estimated,3.8400,3.6700,3.5000,4.6800,4.5100,4.3200
2025-08-15,2.9800,2025-08-15,16.0000,2025-06-13,boc_published,3.1400,45.0000,55.0000,70.0000,3.5900,3.6900,3.8400,assumed,135.0000,155.0000,180.0000,4.3300,4.5300,4.7800,estimated,3.8100,3.7000,3.5000,4.6500,4.5400,4.3200
2025-08-16,2.9800,2025-08-15,16.0000,2025-06-13,boc_published,3.1400,45.0000,55.0000,70.0000,3.5900,3.6900,3.8400,assumed,135.0000,155.0000,180.0000,4.3300,4.5300,4.7800,estimated,3.8100,3.6700,3.5000,4.6500,4.5100,4.3200
2025-08-17,2.9800,2025-08-15,16.0000,2025-06-13,boc_published,3.1400,45.0000,55.0000,70.0000,3.5900,3.6900,3.8400,assumed,135.0000,155.0000,180.0000,4.3300,4.5300,4.7800,estimated,3.8100,3.6400,3.5000,4.6500,4.4800,4.3200
2025-08-18,3.0100,2025-08-18,16.0000,2025-06-13,boc_published,3.1700,45.0000,55.0000,70.0000,3.6200,3.7200,3.8700,assumed,135.0000,155.0000,180.0000,4.3600,4.5600,4.8100,estimated,3.8100,3.6300,3.6100,4.6500,4.4700,4.4300
2025-08-19,2.9600,2025-08-19,16.0000,2025-06-13,boc_published,3.1200,45.0000,55.0000,70.0000,3.5700,3.6700,3.8200,assumed,135.0000,155.0000,180.0000,4.3100,4.5100,4.7600,estimated,3.8100,3.6000,3.7000,4.6500,4.4400,4.5200
2025-08-20,2.9600,2025-08-20,16.0000,2025-06-13,boc_published,3.1200,45.0000,55.0000,70.0000,3.5700,3.6700,3.8200,assumed,135.0000,155.0000,180.0000,4.3100,4.5100,4.7600,estimated,3.7700,3.6000,3.6900,4.6100,4.4400,4.5100
2025-08-21,2.9900,2025-08-21,16.0000,2025-06-13,boc_published,3.1500,45.0000,55.0000,70.0000,3.6000,3.7000,3.8500,assumed,135.0000,155.0000,180.0000,4.3400,4.5400,4.7900,estimated,3.7500,3.6000,3.6600,4.5900,4.4400,4.4800
2025-08-22,2.9400,2025-08-22,16.0000,2025-06-13,boc_published,3.1000,45.0000,55.0000,70.0000,3.5500,3.6500,3.8000,assumed,135.0000,155.0000,180.0000,4.2900,4.4900,4.7400,estimated,3.8100,3.5600,3.6600,4.6500,4.4000,4.4800
2025-08-23,2.9400,2025-08-22,16.0000,2025-06-13,boc_published,3.1000,45.0000,55.0000,70.0000,3.5500,3.6500,3.8000,assumed,135.0000,155.0000,180.0000,4.2900,4.4900,4.7400,estimated,3.8100,3.5600,3.6600,4.6500,4.4000,4.4800
2025-08-24,2.9400,2025-08-22,16.0000,2025-06-13,boc_published,3.1000,45.0000,55.0000,70.0000,3.5500,3.6500,3.8000,assumed,135.0000,155.0000,180.0000,4.2900,4.4900,4.7400,estimated,3.7800,3.6100,3.6500,4.6200,4.4500,4.4700
2025-08-25,2.9800,2025-08-25,16.0000,2025-06-13,boc_published,3.1400,45.0000,55.0000,70.0000,3.5900,3.6900,3.8400,assumed,135.0000,155.0000,180.0000,4.3300,4.5300,4.7800,estimated,3.7800,3.5800,3.6000,4.6200,4.4200,4.4200
2025-08-26,2.9500,2025-08-26,16.0000,2025-06-13,boc_published,3.1100,45.0000,55.0000,70.0000,3.5600,3.6600,3.8100,assumed,135.0000,155.0000,180.0000,4.3000,4.5000,4.7500,estimated,3.7800,3.5700,3.5800,4.6200,4.4100,4.4000
2025-08-27,2.9500,2025-08-27,16.0000,2025-06-13,boc_published,3.1100,45.0000,55.0000,70.0000,3.5600,3.6600,3.8100,assumed,135.0000,155.0000,180.0000,4.3000,4.5000,4.7500,estimated,3.7800,3.5700,3.5500,4.6200,4.4100,4.3700
2025-08-28,2.9400,2025-08-28,16.0000,2025-06-13,boc_published,3.1000,45.0000,55.0000,70.0000,3.5500,3.6500,3.8000,assumed,135.0000,155.0000,180.0000,4.2900,4.4900,4.7400,estimated,3.7400,3.5700,3.5300,4.5800,4.4100,4.3500
2025-08-29,2.8800,2025-08-29,16.0000,2025-06-13,boc_published,3.0400,45.0000,55.0000,70.0000,3.4900,3.5900,3.7400,assumed,135.0000,155.0000,180.0000,4.2300,4.4300,4.6800,estimated,3.7600,3.5400,3.5300,4.6000,4.3800,4.3500
2025-08-30,2.8800,2025-08-29,16.0000,2025-06-13,boc_published,3.0400,45.0000,55.0000,70.0000,3.4900,3.5900,3.7400,assumed,135.0000,155.0000,180.0000,4.2300,4.4300,4.6800,estimated,3.7200,3.5400,3.5300,4.5600,4.3800,4.3500
2025-08-31,2.8800,2025-08-29,16.0000,2025-06-13,boc_published,3.0400,45.0000,55.0000,70.0000,3.4900,3.5900,3.7400,assumed,135.0000,155.0000,180.0000,4.2300,4.4300,4.6800,estimated,3.6500,3.6200,3.5500,4.4900,4.4600,4.3700
2025-09-01,2.8800,2025-08-29,16.0000,2025-06-13,boc_published,3.0400,45.0000,55.0000,70.0000,3.4900,3.5900,3.7400,assumed,135.0000,155.0000,180.0000,4.2300,4.4300,4.6800,estimated,3.6500,3.6500,3.5900,4.4900,4.4900,4.4100
2025-09-02,2.9200,2025-09-02,16.0000,2025-06-13,boc_published,3.0800,45.0000,55.0000,70.0000,3.5300,3.6300,3.7800,assumed,135.0000,155.0000,180.0000,4.2700,4.4700,4.7200,estimated,3.6500,3.6200,3.5700,4.4900,4.4600,4.3900
2025-09-03,2.8700,2025-09-03,16.0000,2025-06-13,boc_published,3.0300,45.0000,55.0000,70.0000,3.4800,3.5800,3.7300,assumed,135.0000,155.0000,180.0000,4.2200,4.4200,4.6700,estimated,3.6500,3.6200,3.5900,4.4900,4.4600,4.4100
2025-09-04,2.9000,2025-09-04,16.0000,2025-06-13,boc_published,3.0600,45.0000,55.0000,70.0000,3.5100,3.6100,3.7600,assumed,135.0000,155.0000,180.0000,4.2500,4.4500,4.7000,estimated,3.6500,3.6200,3.6900,4.4900,4.4600,4.5100
2025-09-05,2.8200,2025-09-05,16.0000,2025-06-13,boc_published,2.9800,45.0000,55.0000,70.0000,3.4300,3.5300,3.6800,assumed,135.0000,155.0000,180.0000,4.1700,4.3700,4.6200,estimated,3.6500,3.6500,3.6900,4.4900,4.4900,4.5100
2025-09-06,2.8200,2025-09-05,16.0000,2025-06-13,boc_published,2.9800,45.0000,55.0000,70.0000,3.4300,3.5300,3.6800,assumed,135.0000,155.0000,180.0000,4.1700,4.3700,4.6200,estimated,3.6500,3.6700,3.6900,4.4900,4.5100,4.5100
2025-09-07,2.8200,2025-09-05,16.0000,2025-06-13,boc_published,2.9800,45.0000,55.0000,70.0000,3.4300,3.5300,3.6800,assumed,135.0000,155.0000,180.0000,4.1700,4.3700,4.6200,estimated,3.6300,3.6300,3.6900,4.4700,4.4700,4.5100
2025-09-08,2.7700,2025-09-08,16.0000,2025-06-13,boc_published,2.9300,45.0000,55.0000,70.0000,3.3800,3.4800,3.6300,assumed,135.0000,155.0000,180.0000,4.1200,4.3200,4.5700,estimated,3.6300,3.6600,3.6700,4.4700,4.5000,4.4900
2025-09-09,2.7900,2025-09-09,16.0000,2025-06-13,boc_published,2.9500,45.0000,55.0000,70.0000,3.4000,3.5000,3.6500,assumed,135.0000,155.0000,180.0000,4.1400,4.3400,4.5900,estimated,3.6300,3.7400,3.6600,4.4700,4.5800,4.4800
2025-09-10,2.7500,2025-09-10,16.0000,2025-06-13,boc_published,2.9100,45.0000,55.0000,70.0000,3.3600,3.4600,3.6100,assumed,135.0000,155.0000,180.0000,4.1000,4.3000,4.5500,estimated,3.6400,3.7400,3.6500,4.4800,4.5800,4.4700
2025-09-11,2.7400,2025-09-11,16.0000,2025-06-13,boc_published,2.9000,45.0000,55.0000,70.0000,3.3500,3.4500,3.6000,assumed,135.0000,155.0000,180.0000,4.0900,4.2900,4.5400,estimated,3.6700,3.7400,3.6700,4.5100,4.5800,4.5100
2025-09-12,2.7500,2025-09-12,16.0000,2025-06-13,boc_published,2.9100,45.0000,55.0000,70.0000,3.3600,3.4600,3.6100,assumed,135.0000,155.0000,180.0000,4.1000,4.3000,4.5500,estimated,3.6400,3.7500,3.6700,4.4800,4.5900,4.5100
2025-09-13,2.7500,2025-09-12,16.0000,2025-06-13,boc_published,2.9100,45.0000,55.0000,70.0000,3.3600,3.4600,3.6100,assumed,135.0000,155.0000,180.0000,4.1000,4.3000,4.5500,estimated,3.6500,3.8400,3.6700,4.4900,4.6800,4.5100
2025-09-14,2.7500,2025-09-12,16.0000,2025-06-13,boc_published,2.9100,45.0000,55.0000,70.0000,3.3600,3.4600,3.6100,assumed,135.0000,155.0000,180.0000,4.1000,4.3000,4.5500,estimated,3.6900,3.8100,3.7000,4.5300,4.6500,4.5400
2025-09-15,2.7300,2025-09-15,16.0000,2025-06-13,boc_published,2.8900,45.0000,55.0000,70.0000,3.3400,3.4400,3.5900,assumed,135.0000,155.0000,180.0000,4.0800,4.2800,4.5300,estimated,3.6900,3.8100,3.6700,4.5300,4.6500,4.5100
2025-09-16,2.7100,2025-09-16,16.0000,2025-06-13,boc_published,2.8700,45.0000,55.0000,70.0000,3.3200,3.4200,3.5700,assumed,135.0000,155.0000,180.0000,4.0600,4.2600,4.5100,estimated,3.6900,3.8100,3.6400,4.5300,4.6500,4.4800
2025-09-17,2.7500,2025-09-17,16.0000,2025-06-13,boc_published,2.9100,45.0000,55.0000,70.0000,3.3600,3.4600,3.6100,assumed,135.0000,155.0000,180.0000,4.1000,4.3000,4.5500,estimated,3.7200,3.8100,3.6300,4.5600,4.6500,4.4700
2025-09-18,2.7400,2025-09-18,16.0000,2025-06-13,boc_published,2.9000,45.0000,55.0000,70.0000,3.3500,3.4500,3.6000,assumed,135.0000,155.0000,180.0000,4.0900,4.2900,4.5400,estimated,3.6700,3.8100,3.6000,4.5100,4.6500,4.4400
2025-09-19,2.7400,2025-09-19,15.0000,2025-09-19,boc_published,2.8900,45.0000,55.0000,70.0000,3.3400,3.4400,3.5900,assumed,135.0000,155.0000,180.0000,4.0900,4.2900,4.5400,estimated,3.6700,3.7700,3.6000,4.5100,4.6100,4.4400
2025-09-20,2.7400,2025-09-19,15.0000,2025-09-19,boc_published,2.8900,45.0000,55.0000,70.0000,3.3400,3.4400,3.5900,assumed,135.0000,155.0000,180.0000,4.0900,4.2900,4.5400,estimated,3.7000,3.7500,3.6000,4.5400,4.5900,4.4400
2025-09-21,2.7400,2025-09-19,15.0000,2025-09-19,boc_published,2.8900,45.0000,55.0000,70.0000,3.3400,3.4400,3.5900,assumed,135.0000,155.0000,180.0000,4.0900,4.2900,4.5400,estimated,3.6500,3.8100,3.5600,4.4900,4.6500,4.4000
2025-09-22,2.7300,2025-09-22,15.0000,2025-09-19,boc_published,2.8800,45.0000,55.0000,70.0000,3.3300,3.4300,3.5800,assumed,135.0000,155.0000,180.0000,4.0800,4.2800,4.5300,estimated,3.6500,3.8100,3.5600,4.4900,4.6500,4.4000
2025-09-23,2.7300,2025-09-23,15.0000,2025-09-19,boc_published,2.8800,45.0000,55.0000,70.0000,3.3300,3.4300,3.5800,assumed,135.0000,155.0000,180.0000,4.0800,4.2800,4.5300,estimated,3.6500,3.7800,3.6100,4.4900,4.6200,4.4500
2025-09-24,2.7300,2025-09-24,15.0000,2025-09-19,boc_published,2.8800,45.0000,55.0000,70.0000,3.3300,3.4300,3.5800,assumed,135.0000,155.0000,180.0000,4.0800,4.2800,4.5300,estimated,3.6900,3.7800,3.5800,4.5300,4.6200,4.4200
2025-09-25,2.7700,2025-09-25,15.0000,2025-09-19,boc_published,2.9200,45.0000,55.0000,70.0000,3.3700,3.4700,3.6200,assumed,135.0000,155.0000,180.0000,4.1200,4.3200,4.5700,estimated,3.6600,3.7800,3.5700,4.5000,4.6200,4.4100
2025-09-26,2.7800,2025-09-26,15.0000,2025-09-19,boc_published,2.9300,45.0000,55.0000,70.0000,3.3800,3.4800,3.6300,assumed,135.0000,155.0000,180.0000,4.1300,4.3300,4.5800,estimated,3.6600,3.7800,3.5700,4.5000,4.6200,4.4100
2025-09-27,2.7800,2025-09-26,15.0000,2025-09-19,boc_published,2.9300,45.0000,55.0000,70.0000,3.3800,3.4800,3.6300,assumed,135.0000,155.0000,180.0000,4.1300,4.3300,4.5800,estimated,3.6500,3.7400,3.5700,4.4900,4.5800,4.4100
2025-09-28,2.7800,2025-09-26,15.0000,2025-09-19,boc_published,2.9300,45.0000,55.0000,70.0000,3.3800,3.4800,3.6300,assumed,135.0000,155.0000,180.0000,4.1300,4.3300,4.5800,estimated,3.5900,3.7600,3.5400,4.4300,4.6000,4.3800
2025-09-29,2.7400,2025-09-29,15.0000,2025-09-19,boc_published,2.8900,45.0000,55.0000,70.0000,3.3400,3.4400,3.5900,assumed,135.0000,155.0000,180.0000,4.0900,4.2900,4.5400,estimated,3.5900,3.7200,3.5400,4.4300,4.5600,4.3800
2025-09-30,2.7400,2025-09-29,15.0000,2025-09-19,boc_published,2.8900,45.0000,55.0000,70.0000,3.3400,3.4400,3.5900,assumed,135.0000,155.0000,180.0000,4.0900,4.2900,4.5400,estimated,3.5900,3.6500,3.6200,4.4300,4.4900,4.4600
2025-10-01,2.7300,2025-10-01,15.0000,2025-09-19,boc_published,2.8800,45.0000,55.0000,70.0000,3.3300,3.4300,3.5800,assumed,135.0000,155.0000,180.0000,4.0800,4.2800,4.5300,estimated,3.5900,3.6500,3.6500,4.4300,4.4900,4.4900
2025-10-02,2.7200,2025-10-02,15.0000,2025-09-19,boc_published,2.8700,45.0000,55.0000,70.0000,3.3200,3.4200,3.5700,assumed,135.0000,155.0000,180.0000,4.0700,4.2700,4.5200,estimated,3.6300,3.6500,3.6200,4.4700,4.4900,4.4600
2025-10-03,2.7300,2025-10-03,15.0000,2025-09-19,boc_published,2.8800,45.0000,55.0000,70.0000,3.3300,3.4300,3.5800,assumed,135.0000,155.0000,180.0000,4.0800,4.2800,4.5300,estimated,3.5800,3.6500,3.6200,4.4200,4.4900,4.4600
2025-10-04,2.7300,2025-10-03,15.0000,2025-09-19,boc_published,2.8800,45.0000,55.0000,70.0000,3.3300,3.4300,3.5800,assumed,135.0000,155.0000,180.0000,4.0800,4.2800,4.5300,estimated,3.6100,3.6500,3.6200,4.4500,4.4900,4.4600
2025-10-05,2.7300,2025-10-03,15.0000,2025-09-19,boc_published,2.8800,45.0000,55.0000,70.0000,3.3300,3.4300,3.5800,assumed,135.0000,155.0000,180.0000,4.0800,4.2800,4.5300,estimated,3.5300,3.6500,3.6500,4.3700,4.4900,4.4900
2025-10-06,2.7500,2025-10-06,15.0000,2025-09-19,boc_published,2.9000,45.0000,55.0000,70.0000,3.3500,3.4500,3.6000,assumed,135.0000,155.0000,180.0000,4.1000,4.3000,4.5500,estimated,3.5300,3.6500,3.6700,4.3700,4.4900,4.5100
2025-10-07,2.7300,2025-10-07,15.0000,2025-09-19,boc_published,2.8800,45.0000,55.0000,70.0000,3.3300,3.4300,3.5800,assumed,135.0000,155.0000,180.0000,4.0800,4.2800,4.5300,estimated,3.5300,3.6300,3.6300,4.3700,4.4700,4.4700
2025-10-08,2.7400,2025-10-08,15.0000,2025-09-19,boc_published,2.8900,45.0000,55.0000,70.0000,3.3400,3.4400,3.5900,assumed,135.0000,155.0000,180.0000,4.0900,4.2900,4.5400,estimated,3.4800,3.6300,3.6600,4.3200,4.4700,4.5000
2025-10-09,2.7600,2025-10-09,15.0000,2025-09-19,boc_published,2.9100,45.0000,55.0000,70.0000,3.3600,3.4600,3.6100,assumed,135.0000,155.0000,180.0000,4.1100,4.3100,4.5600,estimated,3.5000,3.6300,3.7400,4.3400,4.4700,4.5800
2025-10-10,2.7400,2025-10-10,15.0000,2025-09-19,boc_published,2.8900,45.0000,55.0000,70.0000,3.3400,3.4400,3.5900,assumed,135.0000,155.0000,180.0000,4.0900,4.2900,4.5400,estimated,3.4600,3.6400,3.7400,4.3000,4.4800,4.5800
2025-10-11,2.7400,2025-10-10,15.0000,2025-09-19,boc_published,2.8900,45.0000,55.0000,70.0000,3.3400,3.4400,3.5900,assumed,135.0000,155.0000,180.0000,4.0900,4.2900,4.5400,estimated,3.4500,3.6700,3.7400,4.2900,4.5100,4.5800
2025-10-12,2.7400,2025-10-10,15.0000,2025-09-19,boc_published,2.8900,45.0000,55.0000,70.0000,3.3400,3.4400,3.5900,assumed,135.0000,155.0000,180.0000,4.0900,4.2900,4.5400,estimated,3.4600,3.6400,3.7500,4.3000,4.4800,4.5900
2025-10-13,2.7400,2025-10-10,15.0000,2025-09-19,boc_published,2.8900,45.0000,55.0000,70.0000,3.3400,3.4400,3.5900,assumed,135.0000,155.0000,180.0000,4.0900,4.2900,4.5400,estimated,3.4600,3.6500,3.8400,4.3000,4.4900,4.6800
2025-10-14,2.7100,2025-10-14,15.0000,2025-09-19,boc_published,2.8600,45.0000,55.0000,70.0000,3.3100,3.4100,3.5600,assumed,135.0000,155.0000,180.0000,4.0600,4.2600,4.5100,estimated,3.4600,3.6900,3.8100,4.3000,4.5300,4.6500
2025-10-15,2.6900,2025-10-15,15.0000,2025-09-19,boc_published,2.8400,45.0000,55.0000,70.0000,3.2900,3.3900,3.5400,assumed,135.0000,155.0000,180.0000,4.0400,4.2400,4.4900,estimated,3.4400,3.6900,3.8100,4.2800,4.5300,4.6500
2025-10-16,2.6500,2025-10-16,15.0000,2025-09-19,boc_published,2.8000,45.0000,55.0000,70.0000,3.2500,3.3500,3.5000,assumed,135.0000,155.0000,180.0000,4.0000,4.2000,4.4500,estimated,3.4200,3.6900,3.8100,4.2600,4.5300,4.6500
2025-10-17,2.6500,2025-10-17,15.0000,2025-09-19,boc_published,2.8000,45.0000,55.0000,70.0000,3.2500,3.3500,3.5000,assumed,135.0000,155.0000,180.0000,4.0000,4.2000,4.4500,estimated,3.4600,3.7200,3.8100,4.3000,4.5600,4.6500
2025-10-18,2.6500,2025-10-17,15.0000,2025-09-19,boc_published,2.8000,45.0000,55.0000,70.0000,3.2500,3.3500,3.5000,assumed,135.0000,155.0000,180.0000,4.0000,4.2000,4.4500,estimated,3.4500,3.6700,3.8100,4.2900,4.5100,4.6500
2025-10-19,2.6500,2025-10-17,15.0000,2025-09-19,boc_published,2.8000,45.0000,55.0000,70.0000,3.2500,3.3500,3.5000,assumed,135.0000,155.0000,180.0000,4.0000,4.2000,4.4500,estimated,3.4400,3.6700,3.7700,4.2900,4.5100,4.6100
2025-10-20,2.6200,2025-10-20,15.0000,2025-09-19,boc_published,2.7700,45.0000,55.0000,70.0000,3.2200,3.3200,3.4700,assumed,135.0000,155.0000,180.0000,3.9700,4.1700,4.4200,estimated,3.4400,3.7000,3.7500,4.2900,4.5400,4.5900
2025-10-21,2.6500,2025-10-21,15.0000,2025-09-19,boc_published,2.8000,45.0000,55.0000,70.0000,3.2500,3.3500,3.5000,assumed,135.0000,155.0000,180.0000,4.0000,4.2000,4.4500,estimated,3.4400,3.6500,3.8100,4.2900,4.4900,4.6500
2025-10-22,2.6400,2025-10-22,15.0000,2025-09-19,boc_published,2.7900,45.0000,55.0000,70.0000,3.2400,3.3400,3.4900,assumed,135.0000,155.0000,180.0000,3.9900,4.1900,4.4400,estimated,3.4300,3.6500,3.8100,4.2800,4.4900,4.6500
2025-10-23,2.6600,2025-10-23,15.0000,2025-09-19,boc_published,2.8100,45.0000,55.0000,70.0000,3.2600,3.3600,3.5100,assumed,135.0000,155.0000,180.0000,4.0100,4.2100,4.4600,estimated,3.4300,3.6500,3.7800,4.2800,4.4900,4.6200
2025-10-24,2.6500,2025-10-24,15.0000,2025-09-19,boc_published,2.8000,45.0000,55.0000,70.0000,3.2500,3.3500,3.5000,assumed,135.0000,155.0000,180.0000,4.0000,4.2000,4.4500,estimated,3.4300,3.6900,3.7800,4.2800,4.5300,4.6200
2025-10-25,2.6500,2025-10-24,15.0000,2025-09-19,boc_published,2.8000,45.0000,55.0000,70.0000,3.2500,3.3500,3.5000,assumed,135.0000,155.0000,180.0000,4.0000,4.2000,4.4500,estimated,3.4700,3.6600,3.7800,4.3200,4.5000,4.6200
2025-10-26,2.6500,2025-10-24,15.0000,2025-09-19,boc_published,2.8000,45.0000,55.0000,70.0000,3.2500,3.3500,3.5000,assumed,135.0000,155.0000,180.0000,4.0000,4.2000,4.4500,estimated,3.4800,3.6600,3.7800,4.3300,4.5000,4.6200
2025-10-27,2.6200,2025-10-27,15.0000,2025-09-19,boc_published,2.7700,45.0000,55.0000,70.0000,3.2200,3.3200,3.4700,assumed,135.0000,155.0000,180.0000,3.9700,4.1700,4.4200,estimated,3.4800,3.6500,3.7400,4.3300,4.4900,4.5800
2025-10-28,2.6200,2025-10-28,15.0000,2025-09-19,boc_published,2.7700,45.0000,55.0000,70.0000,3.2200,3.3200,3.4700,assumed,135.0000,155.0000,180.0000,3.9700,4.1700,4.4200,estimated,3.4800,3.5900,3.7600,4.3300,4.4300,4.6000
2025-10-29,2.7300,2025-10-29,15.0000,2025-09-19,boc_published,2.8800,45.0000,55.0000,70.0000,3.3300,3.4300,3.5800,assumed,135.0000,155.0000,180.0000,4.0800,4.2800,4.5300,estimated,3.4400,3.5900,3.7200,4.2900,4.4300,4.5600
2025-10-30,2.7100,2025-10-30,15.0000,2025-09-19,boc_published,2.8600,45.0000,55.0000,70.0000,3.3100,3.4100,3.5600,assumed,135.0000,155.0000,180.0000,4.0600,4.2600,4.5100,estimated,3.4400,3.5900,3.6500,4.2900,4.4300,4.4900
2025-10-31,2.7000,2025-10-31,15.0000,2025-09-19,boc_published,2.8500,45.0000,55.0000,70.0000,3.3000,3.4000,3.5500,assumed,135.0000,155.0000,180.0000,4.0500,4.2500,4.5000,estimated,3.4300,3.5900,3.6500,4.2800,4.4300,4.4900
2025-11-01,2.7000,2025-10-31,15.0000,2025-09-19,boc_published,2.8500,45.0000,55.0000,70.0000,3.3000,3.4000,3.5500,assumed,135.0000,155.0000,180.0000,4.0500,4.2500,4.5000,estimated,3.4200,3.6300,3.6500,4.2700,4.4700,4.4900
2025-11-02,2.7000,2025-10-31,15.0000,2025-09-19,boc_published,2.8500,45.0000,55.0000,70.0000,3.3000,3.4000,3.5500,assumed,135.0000,155.0000,180.0000,4.0500,4.2500,4.5000,estimated,3.4300,3.5800,3.6500,4.2800,4.4200,4.4900
2025-11-03,2.7200,2025-11-03,15.0000,2025-09-19,boc_published,2.8700,45.0000,55.0000,70.0000,3.3200,3.4200,3.5700,assumed,135.0000,155.0000,180.0000,4.0700,4.2700,4.5200,estimated,3.4300,3.6100,3.6500,4.2800,4.4500,4.4900
2025-11-04,2.7300,2025-11-04,15.0000,2025-09-19,boc_published,2.8800,45.0000,55.0000,70.0000,3.3300,3.4300,3.5800,assumed,135.0000,155.0000,180.0000,4.0800,4.2800,4.5300,estimated,3.4300,3.5300,3.6500,4.2800,4.3700,4.4900
2025-11-05,2.7300,2025-11-05,15.0000,2025-09-19,boc_published,2.8800,45.0000,55.0000,70.0000,3.3300,3.4300,3.5800,assumed,135.0000,155.0000,180.0000,4.0800,4.2800,4.5300,estimated,3.4500,3.5300,3.6500,4.3000,4.3700,4.4900
2025-11-06,2.6700,2025-11-06,15.0000,2025-09-19,boc_published,2.8200,45.0000,55.0000,70.0000,3.2700,3.3700,3.5200,assumed,135.0000,155.0000,180.0000,4.0200,4.2200,4.4700,estimated,3.4300,3.5300,3.6300,4.2800,4.3700,4.4700
2025-11-07,2.7400,2025-11-07,15.0000,2025-09-19,boc_published,2.8900,45.0000,55.0000,70.0000,3.3400,3.4400,3.5900,assumed,135.0000,155.0000,180.0000,4.0900,4.2900,4.5400,estimated,3.4400,3.4800,3.6300,4.2900,4.3200,4.4700
2025-11-08,2.7400,2025-11-07,15.0000,2025-09-19,boc_published,2.8900,45.0000,55.0000,70.0000,3.3400,3.4400,3.5900,assumed,135.0000,155.0000,180.0000,4.0900,4.2900,4.5400,estimated,3.4600,3.5000,3.6300,4.3100,4.3400,4.4700
2025-11-09,2.7400,2025-11-07,15.0000,2025-09-19,boc_published,2.8900,45.0000,55.0000,70.0000,3.3400,3.4400,3.5900,assumed,135.0000,155.0000,180.0000,4.0900,4.2900,4.5400,estimated,3.4400,3.4600,3.6400,4.2900,4.3000,4.4800
2025-11-10,2.7500,2025-11-10,15.0000,2025-09-19,boc_published,2.9000,45.0000,55.0000,70.0000,3.3500,3.4500,3.6000,assumed,135.0000,155.0000,180.0000,4.1000,4.3000,4.5500,estimated,3.4400,3.4500,3.6700,4.2900,4.2900,4.5100
2025-11-11,2.7500,2025-11-10,15.0000,2025-09-19,boc_published,2.9000,45.0000,55.0000,70.0000,3.3500,3.4500,3.6000,assumed,135.0000,155.0000,180.0000,4.1000,4.3000,4.5500,estimated,3.4400,3.4600,3.6400,4.2900,4.3000,4.4800
2025-11-12,2.7400,2025-11-12,15.0000,2025-09-19,boc_published,2.8900,45.0000,55.0000,70.0000,3.3400,3.4400,3.5900,assumed,135.0000,155.0000,180.0000,4.0900,4.2900,4.5400,estimated,3.4400,3.4600,3.6500,4.2900,4.3000,4.4900
2025-11-13,2.7700,2025-11-13,15.0000,2025-09-19,boc_published,2.9200,45.0000,55.0000,70.0000,3.3700,3.4700,3.6200,assumed,135.0000,155.0000,180.0000,4.1200,4.3200,4.5700,estimated,3.4100,3.4600,3.6900,4.2600,4.3000,4.5300
2025-11-14,2.8000,2025-11-14,15.0000,2025-09-19,boc_published,2.9500,45.0000,55.0000,70.0000,3.4000,3.5000,3.6500,assumed,135.0000,155.0000,180.0000,4.1500,4.3500,4.6000,estimated,3.3900,3.4400,3.6900,4.2400,4.2800,4.5300
2025-11-15,2.8000,2025-11-14,15.0000,2025-09-19,boc_published,2.9500,45.0000,55.0000,70.0000,3.4000,3.5000,3.6500,assumed,135.0000,155.0000,180.0000,4.1500,4.3500,4.6000,estimated,3.3500,3.4200,3.6900,4.2000,4.2600,4.5300
2025-11-16,2.8000,2025-11-14,15.0000,2025-09-19,boc_published,2.9500,45.0000,55.0000,70.0000,3.4000,3.5000,3.6500,assumed,135.0000,155.0000,180.0000,4.1500,4.3500,4.6000,estimated,3.3500,3.4600,3.7200,4.2000,4.3000,4.5600
2025-11-17,2.8100,2025-11-17,15.0000,2025-09-19,boc_published,2.9600,45.0000,55.0000,70.0000,3.4100,3.5100,3.6600,assumed,135.0000,155.0000,180.0000,4.1600,4.3600,4.6100,estimated,3.3500,3.4500,3.6700,4.2000,4.2900,4.5100
2025-11-18,2.8200,2025-11-18,15.0000,2025-09-19,boc_published,2.9700,45.0000,55.0000,70.0000,3.4200,3.5200,3.6700,assumed,135.0000,155.0000,180.0000,4.1700,4.3700,4.6200,estimated,3.3500,3.4400,3.6700,4.2000,4.2900,4.5100
2025-11-19,2.8200,2025-11-19,15.0000,2025-09-19,boc_published,2.9700,45.0000,55.0000,70.0000,3.4200,3.5200,3.6700,assumed,135.0000,155.0000,180.0000,4.1700,4.3700,4.6200,estimated,3.3200,3.4400,3.7000,4.1700,4.2900,4.5400
2025-11-20,2.8000,2025-11-20,15.0000,2025-09-19,boc_published,2.9500,45.0000,55.0000,70.0000,3.4000,3.5000,3.6500,assumed,135.0000,155.0000,180.0000,4.1500,4.3500,4.6000,estimated,3.3500,3.4400,3.6500,4.2000,4.2900,4.4900
2025-11-21,2.7700,2025-11-21,15.0000,2025-09-19,boc_published,2.9200,45.0000,55.0000,70.0000,3.3700,3.4700,3.6200,assumed,135.0000,155.0000,180.0000,4.1200,4.3200,4.5700,estimated,3.3400,3.4300,3.6500,4.1900,4.2800,4.4900
2025-11-22,2.7700,2025-11-21,15.0000,2025-09-19,boc_published,2.9200,45.0000,55.0000,70.0000,3.3700,3.4700,3.6200,assumed,135.0000,155.0000,180.0000,4.1200,4.3200,4.5700,estimated,3.3600,3.4300,3.6500,4.2100,4.2800,4.4900
2025-11-23,2.7700,2025-11-21,15.0000,2025-09-19,boc_published,2.9200,45.0000,55.0000,70.0000,3.3700,3.4700,3.6200,assumed,135.0000,155.0000,180.0000,4.1200,4.3200,4.5700,estimated,3.3500,3.4300,3.6900,4.2000,4.2800,4.5300
2025-11-24,2.7600,2025-11-24,15.0000,2025-09-19,boc_published,2.9100,45.0000,55.0000,70.0000,3.3600,3.4600,3.6100,assumed,135.0000,155.0000,180.0000,4.1100,4.3100,4.5600,estimated,3.3500,3.4700,3.6600,4.2000,4.3200,4.5000
2025-11-25,2.7300,2025-11-25,15.0000,2025-09-19,boc_published,2.8800,45.0000,55.0000,70.0000,3.3300,3.4300,3.5800,assumed,135.0000,155.0000,180.0000,4.0800,4.2800,4.5300,estimated,3.3500,3.4800,3.6600,4.2000,4.3300,4.5000
2025-11-26,2.7200,2025-11-26,15.0000,2025-09-19,boc_published,2.8700,45.0000,55.0000,70.0000,3.3200,3.4200,3.5700,assumed,135.0000,155.0000,180.0000,4.0700,4.2700,4.5200,estimated,3.3200,3.4800,3.6500,4.1700,4.3300,4.4900
2025-11-27,2.7100,2025-11-27,15.0000,2025-09-19,boc_published,2.8600,45.0000,55.0000,70.0000,3.3100,3.4100,3.5600,assumed,135.0000,155.0000,180.0000,4.0600,4.2600,4.5100,estimated,3.3200,3.4800,3.5900,4.1700,4.3300,4.4300
2025-11-28,2.7200,2025-11-28,15.0000,2025-09-19,boc_published,2.8700,45.0000,55.0000,70.0000,3.3200,3.4200,3.5700,assumed,135.0000,155.0000,180.0000,4.0700,4.2700,4.5200,estimated,3.4300,3.4400,3.5900,4.2800,4.2900,4.4300
2025-11-29,2.7200,2025-11-28,15.0000,2025-09-19,boc_published,2.8700,45.0000,55.0000,70.0000,3.3200,3.4200,3.5700,assumed,135.0000,155.0000,180.0000,4.0700,4.2700,4.5200,estimated,3.4100,3.4400,3.5900,4.2600,4.2900,4.4300
2025-11-30,2.7200,2025-11-28,15.0000,2025-09-19,boc_published,2.8700,45.0000,55.0000,70.0000,3.3200,3.4200,3.5700,assumed,135.0000,155.0000,180.0000,4.0700,4.2700,4.5200,estimated,3.4000,3.4300,3.5900,4.2500,4.2800,4.4300
2025-12-01,2.8100,2025-12-01,15.0000,2025-09-19,boc_published,2.9600,45.0000,55.0000,70.0000,3.4100,3.5100,3.6600,assumed,135.0000,155.0000,180.0000,4.1600,4.3600,4.6100,estimated,3.4000,3.4200,3.6300,4.2500,4.2700,4.4700
2025-12-02,2.8100,2025-12-02,15.0000,2025-09-19,boc_published,2.9600,45.0000,55.0000,70.0000,3.4100,3.5100,3.6600,assumed,135.0000,155.0000,180.0000,4.1600,4.3600,4.6100,estimated,3.4000,3.4300,3.5800,4.2500,4.2800,4.4200
2025-12-03,2.7700,2025-12-03,15.0000,2025-09-19,boc_published,2.9200,45.0000,55.0000,70.0000,3.3700,3.4700,3.6200,assumed,135.0000,155.0000,180.0000,4.1200,4.3200,4.5700,estimated,3.4200,3.4300,3.6100,4.2700,4.2800,4.4500
2025-12-04,2.8100,2025-12-04,15.0000,2025-09-19,boc_published,2.9600,45.0000,55.0000,70.0000,3.4100,3.5100,3.6600,assumed,135.0000,155.0000,180.0000,4.1600,4.3600,4.6100,estimated,3.4300,3.4300,3.5300,4.2800,4.2800,4.3700
2025-12-05,3.0100,2025-12-05,15.0000,2025-09-19,boc_published,3.1600,45.0000,55.0000,70.0000,3.6100,3.7100,3.8600,assumed,135.0000,155.0000,180.0000,4.3600,4.5600,4.8100,estimated,3.4300,3.4500,3.5300,4.2800,4.3000,4.3700
2025-12-06,3.0100,2025-12-05,15.0000,2025-09-19,boc_published,3.1600,45.0000,55.0000,70.0000,3.6100,3.7100,3.8600,assumed,135.0000,155.0000,180.0000,4.3600,4.5600,4.8100,estimated,3.3700,3.4300,3.5300,4.2200,4.2800,4.3700
2025-12-07,3.0100,2025-12-05,15.0000,2025-09-19,boc_published,3.1600,45.0000,55.0000,70.0000,3.6100,3.7100,3.8600,assumed,135.0000,155.0000,180.0000,4.3600,4.5600,4.8100,estimated,3.4400,3.4400,3.4800,4.2900,4.2900,4.3200
2025-12-08,3.0100,2025-12-08,15.0000,2025-09-19,boc_published,3.1600,45.0000,55.0000,70.0000,3.6100,3.7100,3.8600,assumed,135.0000,155.0000,180.0000,4.3600,4.5600,4.8100,estimated,3.4400,3.4600,3.5000,4.2900,4.3100,4.3400
2025-12-09,3.0700,2025-12-09,15.0000,2025-09-19,boc_published,3.2200,45.0000,55.0000,70.0000,3.6700,3.7700,3.9200,assumed,135.0000,155.0000,180.0000,4.4200,4.6200,4.8700,estimated,3.4400,3.4400,3.4600,4.2900,4.2900,4.3000
2025-12-10,3.0100,2025-12-10,15.0000,2025-09-19,boc_published,3.1600,45.0000,55.0000,70.0000,3.6100,3.7100,3.8600,assumed,135.0000,155.0000,180.0000,4.3600,4.5600,4.8100,estimated,3.4500,3.4400,3.4500,4.3000,4.2900,4.2900
2025-12-11,3.0000,2025-12-11,15.0000,2025-09-19,boc_published,3.1500,45.0000,55.0000,70.0000,3.6000,3.7000,3.8500,assumed,135.0000,155.0000,180.0000,4.3500,4.5500,4.8000,estimated,3.4500,3.4400,3.4600,4.3000,4.2900,4.3000
2025-12-12,3.0100,2025-12-12,12.0000,2025-12-12,boc_published,3.1300,45.0000,55.0000,70.0000,3.5800,3.6800,3.8300,assumed,135.0000,155.0000,180.0000,4.3600,4.5600,4.8100,estimated,3.4400,3.4400,3.4600,4.2900,4.2900,4.3000
2025-12-13,3.0100,2025-12-12,12.0000,2025-12-12,boc_published,3.1300,45.0000,55.0000,70.0000,3.5800,3.6800,3.8300,assumed,135.0000,155.0000,180.0000,4.3600,4.5600,4.8100,estimated,3.4700,3.4100,3.4600,4.3200,4.2600,4.3000
2025-12-14,3.0100,2025-12-12,12.0000,2025-12-12,boc_published,3.1300,45.0000,55.0000,70.0000,3.5800,3.6800,3.8300,assumed,135.0000,155.0000,180.0000,4.3600,4.5600,4.8100,estimated,3.5000,3.3900,3.4400,4.3500,4.2400,4.2800
2025-12-15,2.9800,2025-12-15,12.0000,2025-12-12,boc_published,3.1000,45.0000,55.0000,70.0000,3.5500,3.6500,3.8000,assumed,135.0000,155.0000,180.0000,4.3300,4.5300,4.7800,estimated,3.5000,3.3500,3.4200,4.3500,4.2000,4.2600
2025-12-16,2.9600,2025-12-16,12.0000,2025-12-12,boc_published,3.0800,45.0000,55.0000,70.0000,3.5300,3.6300,3.7800,assumed,135.0000,155.0000,180.0000,4.3100,4.5100,4.7600,estimated,3.5000,3.3500,3.4600,4.3500,4.2000,4.3000
2025-12-17,2.9800,2025-12-17,12.0000,2025-12-12,boc_published,3.1000,45.0000,55.0000,70.0000,3.5500,3.6500,3.8000,assumed,135.0000,155.0000,180.0000,4.3300,4.5300,4.7800,estimated,3.5100,3.3500,3.4500,4.3600,4.2000,4.2900
2025-12-18,2.9600,2025-12-18,12.0000,2025-12-12,boc_published,3.0800,45.0000,55.0000,70.0000,3.5300,3.6300,3.7800,assumed,135.0000,155.0000,180.0000,4.3100,4.5100,4.7600,estimated,3.5200,3.3500,3.4400,4.3700,4.2000,4.2900
2025-12-19,2.9900,2025-12-19,12.0000,2025-12-12,boc_published,3.1100,45.0000,55.0000,70.0000,3.5600,3.6600,3.8100,assumed,135.0000,155.0000,180.0000,4.3400,4.5400,4.7900,estimated,3.5200,3.3200,3.4400,4.3700,4.1700,4.2900
2025-12-20,2.9900,2025-12-19,12.0000,2025-12-12,boc_published,3.1100,45.0000,55.0000,70.0000,3.5600,3.6600,3.8100,assumed,135.0000,155.0000,180.0000,4.3400,4.5400,4.7900,estimated,3.5000,3.3500,3.4400,4.3500,4.2000,4.2900
2025-12-21,2.9900,2025-12-19,12.0000,2025-12-12,boc_published,3.1100,45.0000,55.0000,70.0000,3.5600,3.6600,3.8100,assumed,135.0000,155.0000,180.0000,4.3400,4.5400,4.7900,estimated,3.4700,3.3400,3.4300,4.3200,4.1900,4.2800
2025-12-22,2.9800,2025-12-22,12.0000,2025-12-12,boc_published,3.1000,45.0000,55.0000,70.0000,3.5500,3.6500,3.8000,assumed,135.0000,155.0000,180.0000,4.3300,4.5300,4.7800,estimated,3.4700,3.3600,3.4300,4.3200,4.2100,4.2800
2025-12-23,2.9400,2025-12-23,12.0000,2025-12-12,boc_published,3.0600,45.0000,55.0000,70.0000,3.5100,3.6100,3.7600,assumed,135.0000,155.0000,180.0000,4.2900,4.4900,4.7400,estimated,3.4700,3.3500,3.4300,4.3200,4.2000,4.2800
2025-12-24,2.9300,2025-12-24,12.0000,2025-12-12,boc_published,3.0500,45.0000,55.0000,70.0000,3.5000,3.6000,3.7500,assumed,135.0000,155.0000,180.0000,4.2800,4.4800,4.7300,estimated,3.4600,3.3500,3.4700,4.3100,4.2000,4.3200
2025-12-25,2.9300,2025-12-24,12.0000,2025-12-12,boc_published,3.0500,45.0000,55.0000,70.0000,3.5000,3.6000,3.7500,assumed,135.0000,155.0000,180.0000,4.2800,4.4800,4.7300,estimated,3.4300,3.3500,3.4800,4.2800,4.2000,4.3300
2025-12-26,2.9300,2025-12-24,12.0000,2025-12-12,boc_published,3.0500,45.0000,55.0000,70.0000,3.5000,3.6000,3.7500,assumed,135.0000,155.0000,180.0000,4.2800,4.4800,4.7300,estimated,3.4200,3.3200,3.4800,4.2700,4.1700,4.3300
2025-12-27,2.9300,2025-12-24,12.0000,2025-12-12,boc_published,3.0500,45.0000,55.0000,70.0000,3.5000,3.6000,3.7500,assumed,135.0000,155.0000,180.0000,4.2800,4.4800,4.7300,estimated,3.4100,3.3200,3.4800,4.2600,4.1700,4.3300
2025-12-28,2.9300,2025-12-24,12.0000,2025-12-12,boc_published,3.0500,45.0000,55.0000,70.0000,3.5000,3.6000,3.7500,assumed,135.0000,155.0000,180.0000,4.2800,4.4800,4.7300,estimated,3.4200,3.4300,3.4400,4.2700,4.2800,4.2900
2025-12-29,2.9200,2025-12-29,12.0000,2025-12-12,boc_published,3.0400,45.0000,55.0000,70.0000,3.4900,3.5900,3.7400,assumed,135.0000,155.0000,180.0000,4.2700,4.4700,4.7200,estimated,3.4200,3.4100,3.4400,4.2700,4.2600,4.2900
2025-12-30,2.9500,2025-12-30,12.0000,2025-12-12,boc_published,3.0700,45.0000,55.0000,70.0000,3.5200,3.6200,3.7700,assumed,135.0000,155.0000,180.0000,4.3000,4.5000,4.7500,estimated,3.4200,3.4000,3.4300,4.2700,4.2500,4.2800
2025-12-31,2.9600,2025-12-31,12.0000,2025-12-12,boc_published,3.0800,45.0000,55.0000,70.0000,3.5300,3.6300,3.7800,assumed,135.0000,155.0000,180.0000,4.3100,4.5100,4.7600,estimated,3.5100,3.4000,3.4200,4.3600,4.2500,4.2700
2026-01-01,2.9600,2025-12-31,12.0000,2025-12-12,boc_published,3.0800,45.0000,55.0000,70.0000,3.5300,3.6300,3.7800,assumed,135.0000,155.0000,180.0000,4.3100,4.5100,4.7600,estimated,3.5100,3.4000,3.4300,4.3600,4.2500,4.2800
2026-01-02,3.0000,2026-01-02,12.0000,2025-12-12,boc_published,3.1200,45.0000,55.0000,70.0000,3.5700,3.6700,3.8200,assumed,125.0000,150.0000,175.0000,4.2500,4.5000,4.7500,estimated,3.4700,3.4200,3.4300,4.3200,4.2700,4.2800
2026-01-03,3.0000,2026-01-02,12.0000,2025-12-12,boc_published,3.1200,45.0000,55.0000,70.0000,3.5700,3.6700,3.8200,assumed,125.0000,150.0000,175.0000,4.2500,4.5000,4.7500,estimated,3.5100,3.4300,3.4300,4.3600,4.2800,4.2800
2026-01-04,3.0000,2026-01-02,12.0000,2025-12-12,boc_published,3.1200,45.0000,55.0000,70.0000,3.5700,3.6700,3.8200,assumed,125.0000,150.0000,175.0000,4.2500,4.5000,4.7500,estimated,3.7100,3.4300,3.4500,4.5600,4.2800,4.3000
2026-01-05,2.9400,2026-01-05,12.0000,2025-12-12,boc_published,3.0600,45.0000,55.0000,70.0000,3.5100,3.6100,3.7600,assumed,125.0000,150.0000,175.0000,4.1900,4.4400,4.6900,estimated,3.7100,3.3700,3.4300,4.5600,4.2200,4.2800
2026-01-06,2.9600,2026-01-06,12.0000,2025-12-12,boc_published,3.0800,45.0000,55.0000,70.0000,3.5300,3.6300,3.7800,assumed,125.0000,150.0000,175.0000,4.2100,4.4600,4.7100,estimated,3.7100,3.4400,3.4400,4.5600,4.2900,4.2900
2026-01-07,2.9300,2026-01-07,12.0000,2025-12-12,boc_published,3.0500,45.0000,55.0000,70.0000,3.5000,3.6000,3.7500,assumed,125.0000,150.0000,175.0000,4.1800,4.4300,4.6800,estimated,3.7100,3.4400,3.4600,4.5600,4.2900,4.3100
2026-01-08,2.9400,2026-01-08,12.0000,2025-12-12,boc_published,3.0600,45.0000,55.0000,70.0000,3.5100,3.6100,3.7600,assumed,125.0000,150.0000,175.0000,4.1900,4.4400,4.6900,estimated,3.7700,3.4400,3.4400,4.6200,4.2900,4.2900
2026-01-09,2.9200,2026-01-09,12.0000,2025-12-12,boc_published,3.0400,45.0000,55.0000,70.0000,3.4900,3.5900,3.7400,assumed,125.0000,150.0000,175.0000,4.1700,4.4200,4.6700,estimated,3.7100,3.4500,3.4400,4.5600,4.3000,4.2900
2026-01-10,2.9200,2026-01-09,12.0000,2025-12-12,boc_published,3.0400,45.0000,55.0000,70.0000,3.4900,3.5900,3.7400,assumed,125.0000,150.0000,175.0000,4.1700,4.4200,4.6700,estimated,3.7000,3.4500,3.4400,4.5500,4.3000,4.2900
2026-01-11,2.9200,2026-01-09,12.0000,2025-12-12,boc_published,3.0400,45.0000,55.0000,70.0000,3.4900,3.5900,3.7400,assumed,125.0000,150.0000,175.0000,4.1700,4.4200,4.6700,estimated,3.6800,3.4400,3.4400,4.5600,4.2900,4.2900
2026-01-12,2.9300,2026-01-12,12.0000,2025-12-12,boc_published,3.0500,45.0000,55.0000,70.0000,3.5000,3.6000,3.7500,assumed,125.0000,150.0000,175.0000,4.1800,4.4300,4.6800,estimated,3.6800,3.4700,3.4100,4.5600,4.3200,4.2600
2026-01-13,2.9300,2026-01-13,12.0000,2025-12-12,boc_published,3.0500,45.0000,55.0000,70.0000,3.5000,3.6000,3.7500,assumed,125.0000,150.0000,175.0000,4.1800,4.4300,4.6800,estimated,3.6800,3.5000,3.3900,4.5600,4.3500,4.2400
2026-01-14,2.9000,2026-01-14,12.0000,2025-12-12,boc_published,3.0200,45.0000,55.0000,70.0000,3.4700,3.5700,3.7200,assumed,125.0000,150.0000,175.0000,4.1500,4.4000,4.6500,estimated,3.6500,3.5000,3.3500,4.5300,4.3500,4.2000
2026-01-15,2.8900,2026-01-15,12.0000,2025-12-12,boc_published,3.0100,45.0000,55.0000,70.0000,3.4600,3.5600,3.7100,assumed,125.0000,150.0000,175.0000,4.1400,4.3900,4.6400,estimated,3.6300,3.5000,3.3500,4.5100,4.3500,4.2000
2026-01-16,2.9200,2026-01-16,12.0000,2025-12-12,boc_published,3.0400,45.0000,55.0000,70.0000,3.4900,3.5900,3.7400,assumed,125.0000,150.0000,175.0000,4.1700,4.4200,4.6700,estimated,3.6500,3.5100,3.3500,4.5300,4.3600,4.2000
2026-01-17,2.9200,2026-01-16,12.0000,2025-12-12,boc_published,3.0400,45.0000,55.0000,70.0000,3.4900,3.5900,3.7400,assumed,125.0000,150.0000,175.0000,4.1700,4.4200,4.6700,estimated,3.6300,3.5200,3.3500,4.5100,4.3700,4.2000
2026-01-18,2.9200,2026-01-16,12.0000,2025-12-12,boc_published,3.0400,45.0000,55.0000,70.0000,3.4900,3.5900,3.7400,assumed,125.0000,150.0000,175.0000,4.1700,4.4200,4.6700,estimated,3.6600,3.5200,3.3200,4.5400,4.3700,4.1700
2026-01-19,2.9100,2026-01-19,12.0000,2025-12-12,boc_published,3.0300,45.0000,55.0000,70.0000,3.4800,3.5800,3.7300,assumed,125.0000,150.0000,175.0000,4.1600,4.4100,4.6600,estimated,3.6600,3.5000,3.3500,4.5400,4.3500,4.2000
2026-01-20,2.9400,2026-01-20,12.0000,2025-12-12,boc_published,3.0600,45.0000,55.0000,70.0000,3.5100,3.6100,3.7600,assumed,125.0000,150.0000,175.0000,4.1900,4.4400,4.6900,estimated,3.6600,3.4700,3.3400,4.5400,4.3200,4.1900
2026-01-21,2.9500,2026-01-21,12.0000,2025-12-12,boc_published,3.0700,45.0000,55.0000,70.0000,3.5200,3.6200,3.7700,assumed,125.0000,150.0000,175.0000,4.2000,4.4500,4.7000,estimated,3.6500,3.4700,3.3600,4.5300,4.3200,4.2100
2026-01-22,2.9400,2026-01-22,12.0000,2025-12-12,boc_published,3.0600,45.0000,55.0000,70.0000,3.5100,3.6100,3.7600,assumed,125.0000,150.0000,175.0000,4.1900,4.4400,4.6900,estimated,3.6100,3.4700,3.3500,4.4900,4.3200,4.2000
2026-01-23,2.9500,2026-01-23,12.0000,2025-12-12,boc_published,3.0700,45.0000,55.0000,70.0000,3.5200,3.6200,3.7700,assumed,125.0000,150.0000,175.0000,4.2000,4.4500,4.7000,estimated,3.6000,3.4600,3.3500,4.4800,4.3100,4.2000
2026-01-24,2.9500,2026-01-23,12.0000,2025-12-12,boc_published,3.0700,45.0000,55.0000,70.0000,3.5200,3.6200,3.7700,assumed,125.0000,150.0000,175.0000,4.2000,4.4500,4.7000,estimated,3.6000,3.4300,3.3500,4.4800,4.2800,4.2000
2026-01-25,2.9500,2026-01-23,12.0000,2025-12-12,boc_published,3.0700,45.0000,55.0000,70.0000,3.5200,3.6200,3.7700,assumed,125.0000,150.0000,175.0000,4.2000,4.4500,4.7000,estimated,3.6000,3.4200,3.3200,4.4800,4.2700,4.1700
2026-01-26,2.9100,2026-01-26,12.0000,2025-12-12,boc_published,3.0300,45.0000,55.0000,70.0000,3.4800,3.5800,3.7300,assumed,125.0000,150.0000,175.0000,4.1600,4.4100,4.6600,estimated,3.6000,3.4100,3.3200,4.4800,4.2600,4.1700
2026-01-27,2.9400,2026-01-27,12.0000,2025-12-12,boc_published,3.0600,45.0000,55.0000,70.0000,3.5100,3.6100,3.7600,assumed,125.0000,150.0000,175.0000,4.1900,4.4400,4.6900,estimated,3.6000,3.4200,3.4300,4.4800,4.2700,4.2800
2026-01-28,2.9400,2026-01-28,12.0000,2025-12-12,boc_published,3.0600,45.0000,55.0000,70.0000,3.5100,3.6100,3.7600,assumed,125.0000,150.0000,175.0000,4.1900,4.4400,4.6900,estimated,3.5900,3.4200,3.4100,4.4700,4.2700,4.2600
2026-01-29,2.9300,2026-01-29,12.0000,2025-12-12,boc_published,3.0500,45.0000,55.0000,70.0000,3.5000,3.6000,3.7500,assumed,125.0000,150.0000,175.0000,4.1800,4.4300,4.6800,estimated,3.6200,3.4200,3.4000,4.5000,4.2700,4.2500
2026-01-30,2.9300,2026-01-30,12.0000,2025-12-12,boc_published,3.0500,45.0000,55.0000,70.0000,3.5000,3.6000,3.7500,assumed,125.0000,150.0000,175.0000,4.1800,4.4300,4.6800,estimated,3.6300,3.5100,3.4000,4.5100,4.3600,4.2500
2026-01-31,2.9300,2026-01-30,12.0000,2025-12-12,boc_published,3.0500,45.0000,55.0000,70.0000,3.5000,3.6000,3.7500,assumed,125.0000,150.0000,175.0000,4.1800,4.4300,4.6800,estimated,3.6300,3.5100,3.4000,4.5100,4.3600,4.2500
2026-02-01,2.9300,2026-01-30,12.0000,2025-12-12,boc_published,3.0500,45.0000,55.0000,70.0000,3.5000,3.6000,3.7500,assumed,125.0000,150.0000,175.0000,4.1800,4.4300,4.6800,estimated,3.6700,3.4700,3.4200,4.5000,4.3200,4.2700
2026-02-02,2.9400,2026-02-02,12.0000,2025-12-12,boc_published,3.0600,45.0000,55.0000,70.0000,3.5100,3.6100,3.7600,assumed,125.0000,150.0000,175.0000,4.1900,4.4400,4.6900,estimated,3.6700,3.5100,3.4300,4.5000,4.3600,4.2800
2026-02-03,2.9500,2026-02-03,12.0000,2025-12-12,boc_published,3.0700,45.0000,55.0000,70.0000,3.5200,3.6200,3.7700,assumed,125.0000,150.0000,175.0000,4.2000,4.4500,4.7000,estimated,3.6700,3.7100,3.4300,4.5000,4.5600,4.2800
2026-02-04,2.9400,2026-02-04,12.0000,2025-12-12,boc_published,3.0600,45.0000,55.0000,70.0000,3.5100,3.6100,3.7600,assumed,125.0000,150.0000,175.0000,4.1900,4.4400,4.6900,estimated,3.6100,3.7100,3.3700,4.4400,4.5600,4.2200
2026-02-05,2.9100,2026-02-05,12.0000,2025-12-12,boc_published,3.0300,45.0000,55.0000,70.0000,3.4800,3.5800,3.7300,assumed,125.0000,150.0000,175.0000,4.1600,4.4100,4.6600,estimated,3.6300,3.7100,3.4400,4.4600,4.5600,4.2900
2026-02-06,2.9100,2026-02-06,12.0000,2025-12-12,boc_published,3.0300,45.0000,55.0000,70.0000,3.4800,3.5800,3.7300,assumed,125.0000,150.0000,175.0000,4.1600,4.4100,4.6600,estimated,3.6000,3.7100,3.4400,4.4300,4.5600,4.2900
2026-02-07,2.9100,2026-02-06,12.0000,2025-12-12,boc_published,3.0300,45.0000,55.0000,70.0000,3.4800,3.5800,3.7300,assumed,125.0000,150.0000,175.0000,4.1600,4.4100,4.6600,estimated,3.6100,3.7700,3.4400,4.4400,4.6200,4.2900
2026-02-08,2.9100,2026-02-06,12.0000,2025-12-12,boc_published,3.0300,45.0000,55.0000,70.0000,3.4800,3.5800,3.7300,assumed,125.0000,150.0000,175.0000,4.1600,4.4100,4.6600,estimated,3.5900,3.7100,3.4500,4.4200,4.5600,4.3000
2026-02-09,2.9000,2026-02-09,12.0000,2025-12-12,boc_published,3.0200,45.0000,55.0000,70.0000,3.4700,3.5700,3.7200,assumed,125.0000,150.0000,175.0000,4.1500,4.4000,4.6500,estimated,3.5900,3.7000,3.4500,4.4200,4.5500,4.3000
2026-02-10,2.8900,2026-02-10,12.0000,2025-12-12,boc_published,3.0100,45.0000,55.0000,70.0000,3.4600,3.5600,3.7100,assumed,125.0000,150.0000,175.0000,4.1400,4.3900,4.6400,estimated,3.5900,3.6800,3.4400,4.4200,4.5600,4.2900
2026-02-11,2.8700,2026-02-11,12.0000,2025-12-12,boc_published,2.9900,45.0000,55.0000,70.0000,3.4400,3.5400,3.6900,assumed,125.0000,150.0000,175.0000,4.1200,4.3700,4.6200,estimated,3.6000,3.6800,3.4700,4.4300,4.5600,4.3200
2026-02-12,2.8200,2026-02-12,12.0000,2025-12-12,boc_published,2.9400,45.0000,55.0000,70.0000,3.3900,3.4900,3.6400,assumed,125.0000,150.0000,175.0000,4.0700,4.3200,4.5700,estimated,3.6000,3.6800,3.5000,4.4300,4.5600,4.3500
2026-02-13,2.7900,2026-02-13,12.0000,2025-12-12,boc_published,2.9100,45.0000,55.0000,70.0000,3.3600,3.4600,3.6100,assumed,125.0000,150.0000,175.0000,4.0400,4.2900,4.5400,estimated,3.5700,3.6500,3.5000,4.4000,4.5300,4.3500
2026-02-14,2.7900,2026-02-13,12.0000,2025-12-12,boc_published,2.9100,45.0000,55.0000,70.0000,3.3600,3.4600,3.6100,assumed,125.0000,150.0000,175.0000,4.0400,4.2900,4.5400,estimated,3.5600,3.6300,3.5000,4.3900,4.5100,4.3500
2026-02-15,2.7900,2026-02-13,12.0000,2025-12-12,boc_published,2.9100,45.0000,55.0000,70.0000,3.3600,3.4600,3.6100,assumed,125.0000,150.0000,175.0000,4.0400,4.2900,4.5400,estimated,3.5900,3.6500,3.5100,4.4200,4.5300,4.3600
2026-02-16,2.7900,2026-02-13,12.0000,2025-12-12,boc_published,2.9100,45.0000,55.0000,70.0000,3.3600,3.4600,3.6100,assumed,125.0000,150.0000,175.0000,4.0400,4.2900,4.5400,estimated,3.5900,3.6300,3.5200,4.4200,4.5100,4.3700
2026-02-17,2.7600,2026-02-17,12.0000,2025-12-12,boc_published,2.8800,45.0000,55.0000,70.0000,3.3300,3.4300,3.5800,assumed,125.0000,150.0000,175.0000,4.0100,4.2600,4.5100,estimated,3.5900,3.6600,3.5200,4.4200,4.5400,4.3700
2026-02-18,2.7600,2026-02-18,12.0000,2025-12-12,boc_published,2.8800,45.0000,55.0000,70.0000,3.3300,3.4300,3.5800,assumed,125.0000,150.0000,175.0000,4.0100,4.2600,4.5100,estimated,3.5800,3.6600,3.5000,4.4100,4.5400,4.3500
2026-02-19,2.7500,2026-02-19,12.0000,2025-12-12,boc_published,2.8700,45.0000,55.0000,70.0000,3.3200,3.4200,3.5700,assumed,125.0000,150.0000,175.0000,4.0000,4.2500,4.5000,estimated,3.6100,3.6600,3.4700,4.4400,4.5400,4.3200
2026-02-20,2.7400,2026-02-20,12.0000,2025-12-12,boc_published,2.8600,45.0000,55.0000,70.0000,3.3100,3.4100,3.5600,assumed,125.0000,150.0000,175.0000,3.9900,4.2400,4.4900,estimated,3.6200,3.6500,3.4700,4.4500,4.5300,4.3200
2026-02-21,2.7400,2026-02-20,12.0000,2025-12-12,boc_published,2.8600,45.0000,55.0000,70.0000,3.3100,3.4100,3.5600,assumed,125.0000,150.0000,175.0000,3.9900,4.2400,4.4900,estimated,3.6100,3.6100,3.4700,4.4400,4.4900,4.3200
2026-02-22,2.7400,2026-02-20,12.0000,2025-12-12,boc_published,2.8600,45.0000,55.0000,70.0000,3.3100,3.4100,3.5600,assumed,125.0000,150.0000,175.0000,3.9900,4.2400,4.4900,estimated,3.6200,3.6000,3.4600,4.4500,4.4800,4.3100
2026-02-23,2.7200,2026-02-23,12.0000,2025-12-12,boc_published,2.8400,45.0000,55.0000,70.0000,3.2900,3.3900,3.5400,assumed,125.0000,150.0000,175.0000,3.9700,4.2200,4.4700,estimated,3.6200,3.6000,3.4300,4.4500,4.4800,4.2800
2026-02-24,2.7200,2026-02-24,12.0000,2025-12-12,boc_published,2.8400,45.0000,55.0000,70.0000,3.2900,3.3900,3.5400,assumed,125.0000,150.0000,175.0000,3.9700,4.2200,4.4700,estimated,3.6200,3.6000,3.4200,4.4500,4.4800,4.2700
2026-02-25,2.7400,2026-02-25,12.0000,2025-12-12,boc_published,2.8600,45.0000,55.0000,70.0000,3.3100,3.4100,3.5600,assumed,125.0000,150.0000,175.0000,3.9900,4.2400,4.4900,estimated,3.5800,3.6000,3.4100,4.4100,4.4800,4.2600
2026-02-26,2.7100,2026-02-26,12.0000,2025-12-12,boc_published,2.8300,45.0000,55.0000,70.0000,3.2800,3.3800,3.5300,assumed,125.0000,150.0000,175.0000,3.9600,4.2100,4.4600,estimated,3.6100,3.6000,3.4200,4.4400,4.4800,4.2700
2026-02-27,2.6700,2026-02-27,12.0000,2025-12-12,boc_published,2.7900,45.0000,55.0000,70.0000,3.2400,3.3400,3.4900,assumed,125.0000,150.0000,175.0000,3.9200,4.1700,4.4200,estimated,3.6100,3.5900,3.4200,4.4400,4.4700,4.2700
2026-02-28,2.6700,2026-02-27,12.0000,2025-12-12,boc_published,2.7900,45.0000,55.0000,70.0000,3.2400,3.3400,3.4900,assumed,125.0000,150.0000,175.0000,3.9200,4.1700,4.4200,estimated,3.6000,3.6200,3.4200,4.4300,4.5000,4.2700
2026-03-01,2.6700,2026-02-27,12.0000,2025-12-12,boc_published,2.7900,45.0000,55.0000,70.0000,3.2400,3.3400,3.4900,assumed,125.0000,150.0000,175.0000,3.9200,4.1700,4.4200,estimated,3.6000,3.6300,3.5100,4.4300,4.5100,4.3600
2026-03-02,2.7600,2026-03-02,12.0000,2025-12-12,boc_published,2.8800,45.0000,55.0000,70.0000,3.3300,3.4300,3.5800,assumed,125.0000,150.0000,175.0000,4.0100,4.2600,4.5100,estimated,3.6000,3.6300,3.5100,4.4300,4.5100,4.3600
2026-03-03,2.7900,2026-03-03,12.0000,2025-12-12,boc_published,2.9100,45.0000,55.0000,70.0000,3.3600,3.4600,3.6100,assumed,125.0000,150.0000,175.0000,4.0400,4.2900,4.5400,estimated,3.6000,3.6700,3.4700,4.4300,4.5000,4.3200
2026-03-04,2.8100,2026-03-04,12.0000,2025-12-12,boc_published,2.9300,45.0000,55.0000,70.0000,3.3800,3.4800,3.6300,assumed,125.0000,150.0000,175.0000,4.0600,4.3100,4.5600,estimated,3.6100,3.6700,3.5100,4.4400,4.5000,4.3600
2026-03-05,2.8900,2026-03-05,12.0000,2025-12-12,boc_published,3.0100,45.0000,55.0000,70.0000,3.4600,3.5600,3.7100,assumed,125.0000,150.0000,175.0000,4.1400,4.3900,4.6400,estimated,3.6200,3.6700,3.7100,4.4500,4.5000,4.5600
2026-03-06,2.9500,2026-03-06,12.0000,2025-12-12,boc_published,3.0700,45.0000,55.0000,70.0000,3.5200,3.6200,3.7700,assumed,125.0000,150.0000,175.0000,4.2000,4.4500,4.7000,estimated,3.6100,3.6100,3.7100,4.4400,4.4400,4.5600
2026-03-07,2.9500,2026-03-06,12.0000,2025-12-12,boc_published,3.0700,45.0000,55.0000,70.0000,3.5200,3.6200,3.7700,assumed,125.0000,150.0000,175.0000,4.2000,4.4500,4.7000,estimated,3.5800,3.6300,3.7100,4.4100,4.4600,4.5600
2026-03-08,2.9500,2026-03-06,12.0000,2025-12-12,boc_published,3.0700,45.0000,55.0000,70.0000,3.5200,3.6200,3.7700,assumed,125.0000,150.0000,175.0000,4.2000,4.4500,4.7000,estimated,3.5800,3.6000,3.7100,4.4100,4.4300,4.5600
2026-03-09,2.9100,2026-03-09,12.0000,2025-12-12,boc_published,3.0300,45.0000,55.0000,70.0000,3.4800,3.5800,3.7300,assumed,125.0000,150.0000,175.0000,4.1600,4.4100,4.6600,estimated,3.5800,3.6100,3.7700,4.4100,4.4400,4.6200
2026-03-10,2.9500,2026-03-10,12.0000,2025-12-12,boc_published,3.0700,45.0000,55.0000,70.0000,3.5200,3.6200,3.7700,assumed,125.0000,150.0000,175.0000,4.2000,4.4500,4.7000,estimated,3.5800,3.5900,3.7100,4.4100,4.4200,4.5600
2026-03-11,3.0300,2026-03-11,12.0000,2025-12-12,boc_published,3.1500,45.0000,55.0000,70.0000,3.6000,3.7000,3.8500,assumed,125.0000,150.0000,175.0000,4.2800,4.5300,4.7800,estimated,3.5700,3.5900,3.7000,4.4000,4.4200,4.5500
2026-03-12,3.0900,2026-03-12,12.0000,2025-12-12,boc_published,3.2100,45.0000,55.0000,70.0000,3.6600,3.7600,3.9100,assumed,125.0000,150.0000,175.0000,4.3400,4.5900,4.8400,estimated,3.5600,3.5900,3.6800,4.3900,4.4200,4.5600
2026-03-13,3.0700,2026-03-13,20.0000,2026-03-13,boc_published,3.2700,45.0000,55.0000,70.0000,3.7200,3.8200,3.9700,assumed,125.0000,150.0000,175.0000,4.3200,4.5700,4.8200,estimated,3.5400,3.6000,3.6800,4.3700,4.4300,4.5600
2026-03-14,3.0700,2026-03-13,20.0000,2026-03-13,boc_published,3.2700,45.0000,55.0000,70.0000,3.7200,3.8200,3.9700,assumed,125.0000,150.0000,175.0000,4.3200,4.5700,4.8200,estimated,3.4900,3.6000,3.6800,4.3200,4.4300,4.5600
2026-03-15,3.0700,2026-03-13,20.0000,2026-03-13,boc_published,3.2700,45.0000,55.0000,70.0000,3.7200,3.8200,3.9700,assumed,125.0000,150.0000,175.0000,4.3200,4.5700,4.8200,estimated,3.4600,3.5700,3.6500,4.2900,4.4000,4.5300
2026-03-16,2.9900,2026-03-16,20.0000,2026-03-13,boc_published,3.1900,45.0000,55.0000,70.0000,3.6400,3.7400,3.8900,assumed,125.0000,150.0000,175.0000,4.2400,4.4900,4.7400,estimated,3.4600,3.5600,3.6300,4.2900,4.3900,4.5100
2026-03-17,2.9500,2026-03-17,20.0000,2026-03-13,boc_published,3.1500,45.0000,55.0000,70.0000,3.6000,3.7000,3.8500,assumed,125.0000,150.0000,175.0000,4.2000,4.4500,4.7000,estimated,3.4600,3.5900,3.6500,4.2900,4.4200,4.5300
2026-03-18,3.0100,2026-03-18,20.0000,2026-03-13,boc_published,3.2100,45.0000,55.0000,70.0000,3.6600,3.7600,3.9100,assumed,125.0000,150.0000,175.0000,4.2600,4.5100,4.7600,estimated,3.4600,3.5900,3.6300,4.2900,4.4200,4.5100
2026-03-19,3.0500,2026-03-19,20.0000,2026-03-13,boc_published,3.2500,45.0000,55.0000,70.0000,3.7000,3.8000,3.9500,assumed,125.0000,150.0000,175.0000,4.3000,4.5500,4.8000,estimated,3.4300,3.5900,3.6600,4.2600,4.4200,4.5400
2026-03-20,3.2300,2026-03-20,20.0000,2026-03-13,boc_published,3.4300,45.0000,55.0000,70.0000,3.8800,3.9800,4.1300,assumed,125.0000,150.0000,175.0000,4.4800,4.7300,4.9800,estimated,3.4300,3.5800,3.6600,4.2600,4.4100,4.5400
2026-03-21,3.2300,2026-03-20,20.0000,2026-03-13,boc_published,3.4300,45.0000,55.0000,70.0000,3.8800,3.9800,4.1300,assumed,125.0000,150.0000,175.0000,4.4800,4.7300,4.9800,estimated,3.4200,3.6100,3.6600,4.2500,4.4400,4.5400
2026-03-22,3.2300,2026-03-20,20.0000,2026-03-13,boc_published,3.4300,45.0000,55.0000,70.0000,3.8800,3.9800,4.1300,assumed,125.0000,150.0000,175.0000,4.4800,4.7300,4.9800,estimated,3.4100,3.6200,3.6500,4.2400,4.4500,4.5300
2026-03-23,3.1700,2026-03-23,20.0000,2026-03-13,boc_published,3.3700,45.0000,55.0000,70.0000,3.8200,3.9200,4.0700,assumed,125.0000,150.0000,175.0000,4.4200,4.6700,4.9200,estimated,3.4100,3.6100,3.6100,4.2400,4.4400,4.4900
2026-03-24,3.2300,2026-03-24,20.0000,2026-03-13,boc_published,3.4300,45.0000,55.0000,70.0000,3.8800,3.9800,4.1300,assumed,125.0000,150.0000,175.0000,4.4800,4.7300,4.9800,estimated,3.4100,3.6200,3.6000,4.2400,4.4500,4.4800
2026-03-25,3.1200,2026-03-25,20.0000,2026-03-13,boc_published,3.3200,45.0000,55.0000,70.0000,3.7700,3.8700,4.0200,assumed,125.0000,150.0000,175.0000,4.3700,4.6200,4.8700,estimated,3.3900,3.6200,3.6000,4.2200,4.4500,4.4800
2026-03-26,3.2200,2026-03-26,20.0000,2026-03-13,boc_published,3.4200,45.0000,55.0000,70.0000,3.8700,3.9700,4.1200,assumed,125.0000,150.0000,175.0000,4.4700,4.7200,4.9700,estimated,3.3900,3.6200,3.6000,4.2200,4.4500,4.4800
2026-03-27,3.2100,2026-03-27,20.0000,2026-03-13,boc_published,3.4100,45.0000,55.0000,70.0000,3.8600,3.9600,4.1100,assumed,125.0000,150.0000,175.0000,4.4600,4.7100,4.9600,estimated,3.4100,3.5800,3.6000,4.2400,4.4100,4.4800
2026-03-28,3.2100,2026-03-27,20.0000,2026-03-13,boc_published,3.4100,45.0000,55.0000,70.0000,3.8600,3.9600,4.1100,assumed,125.0000,150.0000,175.0000,4.4600,4.7100,4.9600,estimated,3.3800,3.6100,3.6000,4.2100,4.4400,4.4800
2026-03-29,3.2100,2026-03-27,20.0000,2026-03-13,boc_published,3.4100,45.0000,55.0000,70.0000,3.8600,3.9600,4.1100,assumed,125.0000,150.0000,175.0000,4.4600,4.7100,4.9600,estimated,3.3400,3.6100,3.5900,4.1700,4.4400,4.4700
2026-03-30,3.1400,2026-03-30,20.0000,2026-03-13,boc_published,3.3400,45.0000,55.0000,70.0000,3.7900,3.8900,4.0400,assumed,125.0000,150.0000,175.0000,4.3900,4.6400,4.8900,estimated,3.3400,3.6000,3.6200,4.1700,4.4300,4.5000
2026-03-31,3.0900,2026-03-31,20.0000,2026-03-13,boc_published,3.2900,45.0000,55.0000,70.0000,3.7400,3.8400,3.9900,assumed,125.0000,150.0000,175.0000,4.3400,4.5900,4.8400,estimated,3.3400,3.6000,3.6300,4.1700,4.4300,4.5100
2026-04-01,3.1100,2026-04-01,20.0000,2026-03-13,boc_published,3.3100,45.0000,55.0000,70.0000,3.7600,3.8600,4.0100,assumed,125.0000,150.0000,175.0000,4.3600,4.6100,4.8600,estimated,3.4300,3.6000,3.6300,4.2600,4.4300,4.5100
2026-04-02,3.1000,2026-04-02,20.0000,2026-03-13,boc_published,3.3000,45.0000,55.0000,70.0000,3.7500,3.8500,4.0000,assumed,125.0000,150.0000,175.0000,4.3500,4.6000,4.8500,estimated,3.4600,3.6000,3.6700,4.2900,4.4300,4.5000
2026-04-03,3.1000,2026-04-02,20.0000,2026-03-13,boc_published,3.3000,45.0000,55.0000,70.0000,3.7500,3.8500,4.0000,assumed,125.0000,150.0000,175.0000,4.3500,4.6000,4.8500,estimated,3.4800,3.6100,3.6700,4.3100,4.4400,4.5000
2026-04-04,3.1000,2026-04-02,20.0000,2026-03-13,boc_published,3.3000,45.0000,55.0000,70.0000,3.7500,3.8500,4.0000,assumed,125.0000,150.0000,175.0000,4.3500,4.6000,4.8500,estimated,3.5600,3.6200,3.6700,4.3900,4.4500,4.5000
2026-04-05,3.1000,2026-04-02,20.0000,2026-03-13,boc_published,3.3000,45.0000,55.0000,70.0000,3.7500,3.8500,4.0000,assumed,125.0000,150.0000,175.0000,4.3500,4.6000,4.8500,estimated,3.6200,3.6100,3.6100,4.4500,4.4400,4.4400
2026-04-06,3.0900,2026-04-06,20.0000,2026-03-13,boc_published,3.2900,45.0000,55.0000,70.0000,3.7400,3.8400,3.9900,assumed,125.0000,150.0000,175.0000,4.3400,4.5900,4.8400,estimated,3.6200,3.5800,3.6300,4.4500,4.4100,4.4600
2026-04-07,3.1200,2026-04-07,20.0000,2026-03-13,boc_published,3.3200,45.0000,55.0000,70.0000,3.7700,3.8700,4.0200,assumed,125.0000,150.0000,175.0000,4.3700,4.6200,4.8700,estimated,3.6200,3.5800,3.6000,4.4500,4.4100,4.4300
2026-04-08,3.0600,2026-04-08,20.0000,2026-03-13,boc_published,3.2600,45.0000,55.0000,70.0000,3.7100,3.8100,3.9600,assumed,125.0000,150.0000,175.0000,4.3100,4.5600,4.8100,estimated,3.5800,3.5800,3.6100,4.4100,4.4100,4.4400
2026-04-09,3.0700,2026-04-09,20.0000,2026-03-13,boc_published,3.2700,45.0000,55.0000,70.0000,3.7200,3.8200,3.9700,assumed,125.0000,150.0000,175.0000,4.3200,4.5700,4.8200,estimated,3.6200,3.5800,3.5900,4.4500,4.4100,4.4200
2026-04-10,3.0800,2026-04-10,20.0000,2026-03-13,boc_published,3.2800,45.0000,55.0000,70.0000,3.7300,3.8300,3.9800,assumed,125.0000,150.0000,175.0000,4.3300,4.5800,4.8300,estimated,3.7000,3.5700,3.5900,4.5300,4.4000,4.4200
2026-04-11,3.0800,2026-04-10,20.0000,2026-03-13,boc_published,3.2800,45.0000,55.0000,70.0000,3.7300,3.8300,3.9800,assumed,125.0000,150.0000,175.0000,4.3300,4.5800,4.8300,estimated,3.7600,3.5600,3.5900,4.5900,4.3900,4.4200
2026-04-12,3.0800,2026-04-10,20.0000,2026-03-13,boc_published,3.2800,45.0000,55.0000,70.0000,3.7300,3.8300,3.9800,assumed,125.0000,150.0000,175.0000,4.3300,4.5800,4.8300,estimated,3.8200,3.5400,3.6000,4.5700,4.3700,4.4300
2026-04-13,3.0700,2026-04-13,20.0000,2026-03-13,boc_published,3.2700,45.0000,55.0000,70.0000,3.7200,3.8200,3.9700,assumed,125.0000,150.0000,175.0000,4.3200,4.5700,4.8200,estimated,3.8200,3.4900,3.6000,4.5700,4.3200,4.4300
2026-04-14,3.0400,2026-04-14,20.0000,2026-03-13,boc_published,3.2400,45.0000,55.0000,70.0000,3.6900,3.7900,3.9400,assumed,125.0000,150.0000,175.0000,4.2900,4.5400,4.7900,estimated,3.8200,3.4600,3.5700,4.5700,4.2900,4.4000
2026-04-15,3.0800,2026-04-15,20.0000,2026-03-13,boc_published,3.2800,45.0000,55.0000,70.0000,3.7300,3.8300,3.9800,assumed,125.0000,150.0000,175.0000,4.3300,4.5800,4.8300,estimated,3.7400,3.4600,3.5600,4.4900,4.2900,4.3900
2026-04-16,3.1000,2026-04-16,20.0000,2026-03-13,boc_published,3.3000,45.0000,55.0000,70.0000,3.7500,3.8500,4.0000,assumed,125.0000,150.0000,175.0000,4.3500,4.6000,4.8500,estimated,3.7000,3.4600,3.5900,4.4500,4.2900,4.4200
2026-04-17,3.0400,2026-04-17,20.0000,2026-03-13,boc_published,3.2400,45.0000,55.0000,70.0000,3.6900,3.7900,3.9400,assumed,125.0000,150.0000,175.0000,4.2900,4.5400,4.7900,estimated,3.7600,3.4600,3.5900,4.5100,4.2900,4.4200
2026-04-18,3.0400,2026-04-17,20.0000,2026-03-13,boc_published,3.2400,45.0000,55.0000,70.0000,3.6900,3.7900,3.9400,assumed,125.0000,150.0000,175.0000,4.2900,4.5400,4.7900,estimated,3.8000,3.4300,3.5900,4.5500,4.2600,4.4200
2026-04-19,3.0400,2026-04-17,20.0000,2026-03-13,boc_published,3.2400,45.0000,55.0000,70.0000,3.6900,3.7900,3.9400,assumed,125.0000,150.0000,175.0000,4.2900,4.5400,4.7900,estimated,3.9800,3.4300,3.5800,4.7300,4.2600,4.4100
2026-04-20,3.0400,2026-04-20,20.0000,2026-03-13,boc_published,3.2400,45.0000,55.0000,70.0000,3.6900,3.7900,3.9400,assumed,125.0000,150.0000,175.0000,4.2900,4.5400,4.7900,estimated,3.9800,3.4200,3.6100,4.7300,4.2500,4.4400
2026-04-21,3.1000,2026-04-21,20.0000,2026-03-13,boc_published,3.3000,45.0000,55.0000,70.0000,3.7500,3.8500,4.0000,assumed,125.0000,150.0000,175.0000,4.3500,4.6000,4.8500,estimated,3.9800,3.4100,3.6200,4.7300,4.2400,4.4500
2026-04-22,3.1000,2026-04-22,20.0000,2026-03-13,boc_published,3.3000,45.0000,55.0000,70.0000,3.7500,3.8500,4.0000,assumed,125.0000,150.0000,175.0000,4.3500,4.6000,4.8500,estimated,3.9200,3.4100,3.6100,4.6700,4.2400,4.4400
2026-04-23,3.1100,2026-04-23,20.0000,2026-03-13,boc_published,3.3100,45.0000,55.0000,70.0000,3.7600,3.8600,4.0100,assumed,125.0000,150.0000,175.0000,4.3600,4.6100,4.8600,estimated,3.9800,3.4100,3.6200,4.7300,4.2400,4.4500
2026-04-24,3.0700,2026-04-24,20.0000,2026-03-13,boc_published,3.2700,45.0000,55.0000,70.0000,3.7200,3.8200,3.9700,assumed,125.0000,150.0000,175.0000,4.3200,4.5700,4.8200,estimated,3.8700,3.3900,3.6200,4.6200,4.2200,4.4500
2026-04-25,3.0700,2026-04-24,20.0000,2026-03-13,boc_published,3.2700,45.0000,55.0000,70.0000,3.7200,3.8200,3.9700,assumed,125.0000,150.0000,175.0000,4.3200,4.5700,4.8200,estimated,3.9700,3.3900,3.6200,4.7200,4.2200,4.4500
2026-04-26,3.0700,2026-04-24,20.0000,2026-03-13,boc_published,3.2700,45.0000,55.0000,70.0000,3.7200,3.8200,3.9700,assumed,125.0000,150.0000,175.0000,4.3200,4.5700,4.8200,estimated,3.9600,3.4100,3.5800,4.7100,4.2400,4.4100
2026-04-27,3.1100,2026-04-27,20.0000,2026-03-13,boc_published,3.3100,45.0000,55.0000,70.0000,3.7600,3.8600,4.0100,assumed,125.0000,150.0000,175.0000,4.3600,4.6100,4.8600,estimated,3.9600,3.3800,3.6100,4.7100,4.2100,4.4400
2026-04-28,3.1400,2026-04-28,20.0000,2026-03-13,boc_published,3.3400,45.0000,55.0000,70.0000,3.7900,3.8900,4.0400,assumed,125.0000,150.0000,175.0000,4.3900,4.6400,4.8900,estimated,3.9600,3.3400,3.6100,4.7100,4.1700,4.4400
2026-04-29,3.2600,2026-04-29,20.0000,2026-03-13,boc_published,3.4600,45.0000,55.0000,70.0000,3.9100,4.0100,4.1600,assumed,125.0000,150.0000,175.0000,4.5100,4.7600,5.0100,estimated,3.8900,3.3400,3.6000,4.6400,4.1700,4.4300
2026-04-30,3.2000,2026-04-30,20.0000,2026-03-13,boc_published,3.4000,45.0000,55.0000,70.0000,3.8500,3.9500,4.1000,assumed,125.0000,150.0000,175.0000,4.4500,4.7000,4.9500,estimated,3.8400,3.3400,3.6000,4.5900,4.1700,4.4300
2026-05-01,3.1800,2026-05-01,20.0000,2026-03-13,boc_published,3.3800,45.0000,55.0000,70.0000,3.8300,3.9300,4.0800,assumed,125.0000,150.0000,175.0000,4.4300,4.6800,4.9300,estimated,3.8600,3.4300,3.6000,4.6100,4.2600,4.4300
2026-05-02,3.1800,2026-05-01,20.0000,2026-03-13,boc_published,3.3800,45.0000,55.0000,70.0000,3.8300,3.9300,4.0800,assumed,125.0000,150.0000,175.0000,4.4300,4.6800,4.9300,estimated,3.8500,3.4600,3.6000,4.6000,4.2900,4.4300
2026-05-03,3.1800,2026-05-01,20.0000,2026-03-13,boc_published,3.3800,45.0000,55.0000,70.0000,3.8300,3.9300,4.0800,assumed,125.0000,150.0000,175.0000,4.4300,4.6800,4.9300,estimated,3.8500,3.4800,3.6100,4.6000,4.3100,4.4400
2026-05-04,3.2700,2026-05-04,20.0000,2026-03-13,boc_published,3.4700,45.0000,55.0000,70.0000,3.9200,4.0200,4.1700,assumed,125.0000,150.0000,175.0000,4.5200,4.7700,5.0200,estimated,3.8500,3.5600,3.6200,4.6000,4.3900,4.4500
2026-05-05,3.2600,2026-05-05,20.0000,2026-03-13,boc_published,3.4600,45.0000,55.0000,70.0000,3.9100,4.0100,4.1600,assumed,125.0000,150.0000,175.0000,4.5100,4.7600,5.0100,estimated,3.8500,3.6200,3.6100,4.6000,4.4500,4.4400
2026-05-06,3.1500,2026-05-06,20.0000,2026-03-13,boc_published,3.3500,45.0000,55.0000,70.0000,3.8000,3.9000,4.0500,assumed,125.0000,150.0000,175.0000,4.4000,4.6500,4.9000,estimated,3.8400,3.6200,3.5800,4.5900,4.4500,4.4100
2026-05-07,3.1800,2026-05-07,20.0000,2026-03-13,boc_published,3.3800,45.0000,55.0000,70.0000,3.8300,3.9300,4.0800,assumed,125.0000,150.0000,175.0000,4.4300,4.6800,4.9300,estimated,3.8700,3.6200,3.5800,4.6200,4.4500,4.4100
2026-05-08,3.1200,2026-05-08,20.0000,2026-03-13,boc_published,3.3200,45.0000,55.0000,70.0000,3.7700,3.8700,4.0200,assumed,125.0000,150.0000,175.0000,4.3700,4.6200,4.8700,estimated,3.8100,3.5800,3.5800,4.5600,4.4100,4.4100
2026-05-09,3.1200,2026-05-08,20.0000,2026-03-13,boc_published,3.3200,45.0000,55.0000,70.0000,3.7700,3.8700,4.0200,assumed,125.0000,150.0000,175.0000,4.3700,4.6200,4.8700,estimated,3.8200,3.6200,3.5800,4.5700,4.4500,4.4100
2026-05-10,3.1200,2026-05-08,20.0000,2026-03-13,boc_published,3.3200,45.0000,55.0000,70.0000,3.7700,3.8700,4.0200,assumed,125.0000,150.0000,175.0000,4.3700,4.6200,4.8700,estimated,3.8300,3.7000,3.5700,4.5800,4.5300,4.4000
2026-05-11,3.1900,2026-05-11,20.0000,2026-03-13,boc_published,3.3900,45.0000,55.0000,70.0000,3.8400,3.9400,4.0900,assumed,125.0000,150.0000,175.0000,4.4400,4.6900,4.9400,estimated,3.8300,3.7600,3.5600,4.5800,4.5900,4.3900
2026-05-12,3.2400,2026-05-12,20.0000,2026-03-13,boc_published,3.4400,45.0000,55.0000,70.0000,3.8900,3.9900,4.1400,assumed,125.0000,150.0000,175.0000,4.4900,4.7400,4.9900,estimated,3.8300,3.8200,3.5400,4.5800,4.5700,4.3700
2026-05-13,3.2300,2026-05-13,20.0000,2026-03-13,boc_published,3.4300,45.0000,55.0000,70.0000,3.8800,3.9800,4.1300,assumed,125.0000,150.0000,175.0000,4.4800,4.7300,4.9800,estimated,3.8200,3.8200,3.4900,4.5700,4.5700,4.3200
2026-05-14,3.2200,2026-05-14,20.0000,2026-03-13,boc_published,3.4200,45.0000,55.0000,70.0000,3.8700,3.9700,4.1200,assumed,125.0000,150.0000,175.0000,4.4700,4.7200,4.9700,estimated,3.7900,3.8200,3.4600,4.5400,4.5700,4.2900
2026-05-15,3.3600,2026-05-15,20.0000,2026-03-13,boc_published,3.5600,45.0000,55.0000,70.0000,4.0100,4.1100,4.2600,assumed,125.0000,150.0000,175.0000,4.6100,4.8600,5.1100,estimated,3.8300,3.7400,3.4600,4.5800,4.4900,4.2900
2026-05-16,3.3600,2026-05-15,20.0000,2026-03-13,boc_published,3.5600,45.0000,55.0000,70.0000,4.0100,4.1100,4.2600,assumed,125.0000,150.0000,175.0000,4.6100,4.8600,5.1100,estimated,3.8500,3.7000,3.4600,4.6000,4.4500,4.2900
2026-05-17,3.3600,2026-05-15,20.0000,2026-03-13,boc_published,3.5600,45.0000,55.0000,70.0000,4.0100,4.1100,4.2600,assumed,125.0000,150.0000,175.0000,4.6100,4.8600,5.1100,estimated,3.7900,3.7600,3.4600,4.5400,4.5100,4.2900
2026-05-18,3.3600,2026-05-15,20.0000,2026-03-13,boc_published,3.5600,45.0000,55.0000,70.0000,4.0100,4.1100,4.2600,assumed,125.0000,150.0000,175.0000,4.6100,4.8600,5.1100,estimated,3.7900,3.8000,3.4300,4.5400,4.5500,4.2600
2026-05-19,3.3500,2026-05-19,20.0000,2026-03-13,boc_published,3.5500,45.0000,55.0000,70.0000,4.0000,4.1000,4.2500,assumed,125.0000,150.0000,175.0000,4.6000,4.8500,5.1000,estimated,3.7900,3.9800,3.4300,4.5400,4.7300,4.2600
2026-05-20,3.2300,2026-05-20,20.0000,2026-03-13,boc_published,3.4300,45.0000,55.0000,70.0000,3.8800,3.9800,4.1300,assumed,125.0000,150.0000,175.0000,4.4800,4.7300,4.9800,estimated,3.7900,3.9800,3.4200,4.5400,4.7300,4.2500
2026-05-21,3.1900,2026-05-21,20.0000,2026-03-13,boc_published,3.3900,45.0000,55.0000,70.0000,3.8400,3.9400,4.0900,assumed,125.0000,150.0000,175.0000,4.4400,4.6900,4.9400,estimated,3.8500,3.9800,3.4100,4.6000,4.7300,4.2400
2026-05-22,3.2000,2026-05-22,20.0000,2026-03-13,boc_published,3.4000,45.0000,55.0000,70.0000,3.8500,3.9500,4.1000,assumed,125.0000,150.0000,175.0000,4.4500,4.7000,4.9500,estimated,3.8500,3.9200,3.4100,4.6000,4.6700,4.2400
2026-05-23,3.2000,2026-05-22,20.0000,2026-03-13,boc_published,3.4000,45.0000,55.0000,70.0000,3.8500,3.9500,4.1000,assumed,125.0000,150.0000,175.0000,4.4500,4.7000,4.9500,estimated,3.8600,3.9800,3.4100,4.6100,4.7300,4.2400
2026-05-24,3.2000,2026-05-22,20.0000,2026-03-13,boc_published,3.4000,45.0000,55.0000,70.0000,3.8500,3.9500,4.1000,assumed,125.0000,150.0000,175.0000,4.4500,4.7000,4.9500,estimated,3.8200,3.8700,3.3900,4.5700,4.6200,4.2200
2026-05-25,3.1100,2026-05-25,20.0000,2026-03-13,boc_published,3.3100,45.0000,55.0000,70.0000,3.7600,3.8600,4.0100,assumed,125.0000,150.0000,175.0000,4.3600,4.6100,4.8600,estimated,3.8200,3.9700,3.3900,4.5700,4.7200,4.2200
2026-05-26,3.1200,2026-05-26,20.0000,2026-03-13,boc_published,3.3200,45.0000,55.0000,70.0000,3.7700,3.8700,4.0200,assumed,125.0000,150.0000,175.0000,4.3700,4.6200,4.8700,estimated,3.8200,3.9600,3.4100,4.5700,4.7100,4.2400
2026-05-27,3.1400,2026-05-27,20.0000,2026-03-13,boc_published,3.3400,45.0000,55.0000,70.0000,3.7900,3.8900,4.0400,assumed,125.0000,150.0000,175.0000,4.3900,4.6400,4.8900,estimated,3.8600,3.9600,3.3800,4.6100,4.7100,4.2100
2026-05-28,3.1000,2026-05-28,20.0000,2026-03-13,boc_published,3.3000,45.0000,55.0000,70.0000,3.7500,3.8500,4.0000,assumed,125.0000,150.0000,175.0000,4.3500,4.6000,4.8500,estimated,3.8900,3.9600,3.3400,4.6400,4.7100,4.1700
2026-05-29,3.0500,2026-05-29,20.0000,2026-03-13,boc_published,3.2500,45.0000,55.0000,70.0000,3.7000,3.8000,3.9500,assumed,125.0000,150.0000,175.0000,4.3000,4.5500,4.8000,estimated,4.0100,3.8900,3.3400,4.7600,4.6400,4.1700
2026-05-30,3.0500,2026-05-29,20.0000,2026-03-13,boc_published,3.2500,45.0000,55.0000,70.0000,3.7000,3.8000,3.9500,assumed,125.0000,150.0000,175.0000,4.3000,4.5500,4.8000,estimated,3.9500,3.8400,3.3400,4.7000,4.5900,4.1700
2026-05-31,3.0500,2026-05-29,20.0000,2026-03-13,boc_published,3.2500,45.0000,55.0000,70.0000,3.7000,3.8000,3.9500,assumed,125.0000,150.0000,175.0000,4.3000,4.5500,4.8000,estimated,3.9300,3.8600,3.4300,4.6800,4.6100,4.2600
2026-06-01,3.0800,2026-06-01,20.0000,2026-03-13,boc_published,3.2800,45.0000,55.0000,70.0000,3.7300,3.8300,3.9800,assumed,125.0000,150.0000,175.0000,4.3300,4.5800,4.8300,estimated,3.9300,3.8500,3.4600,4.6800,4.6000,4.2900
2026-06-02,3.0700,2026-06-02,20.0000,2026-03-13,boc_published,3.2700,45.0000,55.0000,70.0000,3.7200,3.8200,3.9700,assumed,125.0000,150.0000,175.0000,4.3200,4.5700,4.8200,estimated,3.9300,3.8500,3.4800,4.6800,4.6000,4.3100
2026-06-03,3.0800,2026-06-03,20.0000,2026-03-13,boc_published,3.2800,45.0000,55.0000,70.0000,3.7300,3.8300,3.9800,assumed,125.0000,150.0000,175.0000,4.3300,4.5800,4.8300,estimated,4.0200,3.8500,3.5600,4.7700,4.6000,4.3900
2026-06-04,3.0800,2026-06-04,20.0000,2026-03-13,boc_published,3.2800,45.0000,55.0000,70.0000,3.7300,3.8300,3.9800,assumed,125.0000,150.0000,175.0000,4.3300,4.5800,4.8300,estimated,4.0100,3.8500,3.6200,4.7600,4.6000,4.4500
2026-06-05,3.1400,2026-06-05,20.0000,2026-03-13,boc_published,3.3400,45.0000,55.0000,70.0000,3.7900,3.8900,4.0400,assumed,125.0000,150.0000,175.0000,4.3900,4.6400,4.8900,estimated,3.9000,3.8400,3.6200,4.6500,4.5900,4.4500
2026-06-06,3.1400,2026-06-05,20.0000,2026-03-13,boc_published,3.3400,45.0000,55.0000,70.0000,3.7900,3.8900,4.0400,assumed,125.0000,150.0000,175.0000,4.3900,4.6400,4.8900,estimated,3.9300,3.8700,3.6200,4.6800,4.6200,4.4500
2026-06-07,3.1400,2026-06-05,20.0000,2026-03-13,boc_published,3.3400,45.0000,55.0000,70.0000,3.7900,3.8900,4.0400,assumed,125.0000,150.0000,175.0000,4.3900,4.6400,4.8900,estimated,3.8700,3.8100,3.5800,4.6200,4.5600,4.4100
2026-06-08,3.1800,2026-06-08,20.0000,2026-03-13,boc_published,3.3800,45.0000,55.0000,70.0000,3.8300,3.9300,4.0800,assumed,125.0000,150.0000,175.0000,4.4300,4.6800,4.9300,estimated,3.8700,3.8200,3.6200,4.6200,4.5700,4.4500
2026-06-09,3.1500,2026-06-09,20.0000,2026-03-13,boc_published,3.3500,45.0000,55.0000,70.0000,3.8000,3.9000,4.0500,assumed,125.0000,150.0000,175.0000,4.4000,4.6500,4.9000,estimated,3.8700,3.8300,3.7000,4.6200,4.5800,4.5300
2026-06-10,3.1300,2026-06-10,20.0000,2026-03-13,boc_published,3.3300,45.0000,55.0000,70.0000,3.7800,3.8800,4.0300,assumed,125.0000,150.0000,175.0000,4.3800,4.6300,4.8800,estimated,3.9400,3.8300,3.7600,4.6900,4.5800,4.5900
2026-06-11,3.0500,2026-06-11,20.0000,2026-03-13,boc_published,3.2500,45.0000,55.0000,70.0000,3.7000,3.8000,3.9500,assumed,125.0000,150.0000,175.0000,4.3000,4.5500,4.8000,estimated,3.9900,3.8300,3.8200,4.7400,4.5800,4.5700
2026-06-12,3.0400,2026-06-12,12.5000,2026-06-12,boc_published,3.1650,45.0000,55.0000,70.0000,3.6150,3.7150,3.8650,assumed,125.0000,150.0000,175.0000,4.2900,4.5400,4.7900,estimated,3.9800,3.8200,3.8200,4.7300,4.5700,4.5700
2026-06-13,3.0400,2026-06-12,12.5000,2026-06-12,boc_published,3.1650,45.0000,55.0000,70.0000,3.6150,3.7150,3.8650,assumed,125.0000,150.0000,175.0000,4.2900,4.5400,4.7900,estimated,3.9700,3.7900,3.8200,4.7200,4.5400,4.5700
2026-06-14,3.0400,2026-06-12,12.5000,2026-06-12,boc_published,3.1650,45.0000,55.0000,70.0000,3.6150,3.7150,3.8650,assumed,125.0000,150.0000,175.0000,4.2900,4.5400,4.7900,estimated,4.1100,3.8300,3.7400,4.8600,4.5800,4.4900
2026-06-15,3.0400,2026-06-15,12.5000,2026-06-12,boc_published,3.1650,45.0000,55.0000,70.0000,3.6150,3.7150,3.8650,assumed,125.0000,150.0000,175.0000,4.2900,4.5400,4.7900,estimated,4.1100,3.8500,3.7000,4.8600,4.6000,4.4500
2026-06-16,3.0300,2026-06-16,12.5000,2026-06-12,boc_published,3.1550,45.0000,55.0000,70.0000,3.6050,3.7050,3.8550,assumed,125.0000,150.0000,175.0000,4.2800,4.5300,4.7800,estimated,4.1100,3.7900,3.7600,4.8600,4.5400,4.5100
2026-06-17,3.0800,2026-06-17,12.5000,2026-06-12,boc_published,3.2050,45.0000,55.0000,70.0000,3.6550,3.7550,3.9050,assumed,125.0000,150.0000,175.0000,4.3300,4.5800,4.8300,estimated,4.1100,3.7900,3.8000,4.8600,4.5400,4.5500
2026-06-18,3.0400,2026-06-18,12.5000,2026-06-12,boc_published,3.1650,45.0000,55.0000,70.0000,3.6150,3.7150,3.8650,assumed,125.0000,150.0000,175.0000,4.2900,4.5400,4.7900,estimated,4.1000,3.7900,3.9800,4.8500,4.5400,4.7300
2026-06-19,3.0400,2026-06-19,12.5000,2026-06-12,boc_published,3.1650,45.0000,55.0000,70.0000,3.6150,3.7150,3.8650,assumed,125.0000,150.0000,175.0000,4.2900,4.5400,4.7900,estimated,3.9800,3.7900,3.9800,4.7300,4.5400,4.7300
2026-06-20,3.0400,2026-06-19,12.5000,2026-06-12,boc_published,3.1650,45.0000,55.0000,70.0000,3.6150,3.7150,3.8650,assumed,125.0000,150.0000,175.0000,4.2900,4.5400,4.7900,estimated,3.9400,3.8500,3.9800,4.6900,4.6000,4.7300
2026-06-21,3.0400,2026-06-19,12.5000,2026-06-12,boc_published,3.1650,45.0000,55.0000,70.0000,3.6150,3.7150,3.8650,assumed,125.0000,150.0000,175.0000,4.2900,4.5400,4.7900,estimated,3.9500,3.8500,3.9200,4.7000,4.6000,4.6700
2026-06-22,3.0900,2026-06-22,12.5000,2026-06-12,boc_published,3.2150,45.0000,55.0000,70.0000,3.6650,3.7650,3.9150,assumed,125.0000,150.0000,175.0000,4.3400,4.5900,4.8400,estimated,3.9500,3.8600,3.9800,4.7000,4.6100,4.7300
2026-06-23,3.0600,2026-06-23,12.5000,2026-06-12,boc_published,3.1850,45.0000,55.0000,70.0000,3.6350,3.7350,3.8850,assumed,125.0000,150.0000,175.0000,4.3100,4.5600,4.8100,estimated,3.9500,3.8200,3.8700,4.7000,4.5700,4.6200
2026-06-24,2.9900,2026-06-24,12.5000,2026-06-12,boc_published,3.1150,45.0000,55.0000,70.0000,3.5650,3.6650,3.8150,assumed,125.0000,150.0000,175.0000,4.2400,4.4900,4.7400,estimated,3.8600,3.8200,3.9700,4.6100,4.5700,4.7200
2026-06-25,3.0200,2026-06-25,12.5000,2026-06-12,boc_published,3.1450,45.0000,55.0000,70.0000,3.5950,3.6950,3.8450,assumed,125.0000,150.0000,175.0000,4.2700,4.5200,4.7700,estimated,3.8700,3.8200,3.9600,4.6200,4.5700,4.7100
2026-06-26,3.0200,2026-06-26,12.5000,2026-06-12,boc_published,3.1450,45.0000,55.0000,70.0000,3.5950,3.6950,3.8450,assumed,125.0000,150.0000,175.0000,4.2700,4.5200,4.7700,estimated,3.8900,3.8600,3.9600,4.6400,4.6100,4.7100
2026-06-27,3.0200,2026-06-26,12.5000,2026-06-12,boc_published,3.1450,45.0000,55.0000,70.0000,3.5950,3.6950,3.8450,assumed,125.0000,150.0000,175.0000,4.2700,4.5200,4.7700,estimated,3.8500,3.8900,3.9600,4.6000,4.6400,4.7100
2026-06-28,3.0200,2026-06-26,12.5000,2026-06-12,boc_published,3.1450,45.0000,55.0000,70.0000,3.5950,3.6950,3.8450,assumed,125.0000,150.0000,175.0000,4.2700,4.5200,4.7700,estimated,3.8000,4.0100,3.8900,4.5500,4.7600,4.6400
2026-06-29,3.0000,2026-06-29,12.5000,2026-06-12,boc_published,3.1250,45.0000,55.0000,70.0000,3.5750,3.6750,3.8250,assumed,125.0000,150.0000,175.0000,4.2500,4.5000,4.7500,estimated,3.8000,3.9500,3.8400,4.5500,4.7000,4.5900
2026-06-30,3.0100,2026-06-30,12.5000,2026-06-12,boc_published,3.1350,45.0000,55.0000,70.0000,3.5850,3.6850,3.8350,assumed,125.0000,150.0000,175.0000,4.2600,4.5100,4.7600,estimated,3.8000,3.9300,3.8600,4.5500,4.6800,4.6100
2026-07-01,3.0100,2026-06-30,12.5000,2026-06-12,boc_published,3.1350,45.0000,55.0000,70.0000,3.5850,3.6850,3.8350,assumed,125.0000,150.0000,175.0000,4.2600,4.5100,4.7600,estimated,3.8300,3.9300,3.8500,4.5800,4.6800,4.6000
2026-07-02,3.0600,2026-07-02,12.5000,2026-06-12,boc_published,3.1850,45.0000,55.0000,70.0000,3.6350,3.7350,3.8850,assumed,125.0000,150.0000,175.0000,4.3100,4.5600,4.8100,estimated,3.8200,3.9300,3.8500,4.5700,4.6800,4.6000
2026-07-03,3.0600,2026-07-03,12.5000,2026-06-12,boc_published,3.1850,45.0000,55.0000,70.0000,3.6350,3.7350,3.8850,assumed,125.0000,150.0000,175.0000,4.3100,4.5600,4.8100,estimated,3.8300,4.0200,3.8500,4.5800,4.7700,4.6000
2026-07-04,3.0600,2026-07-03,12.5000,2026-06-12,boc_published,3.1850,45.0000,55.0000,70.0000,3.6350,3.7350,3.8850,assumed,125.0000,150.0000,175.0000,4.3100,4.5600,4.8100,estimated,3.8300,4.0100,3.8500,4.5800,4.7600,4.6000
2026-07-05,3.0600,2026-07-03,12.5000,2026-06-12,boc_published,3.1850,45.0000,55.0000,70.0000,3.6350,3.7350,3.8850,assumed,125.0000,150.0000,175.0000,4.3100,4.5600,4.8100,estimated,3.8900,3.9000,3.8400,4.6400,4.6500,4.5900
2026-07-06,3.0300,2026-07-06,12.5000,2026-06-12,boc_published,3.1550,45.0000,55.0000,70.0000,3.6050,3.7050,3.8550,assumed,125.0000,150.0000,175.0000,4.2800,4.5300,4.7800,estimated,3.8900,3.9300,3.8700,4.6400,4.6800,4.6200
2026-07-07,3.1100,2026-07-07,12.5000,2026-06-12,boc_published,3.2350,45.0000,55.0000,70.0000,3.6850,3.7850,3.9350,assumed,125.0000,150.0000,175.0000,4.3600,4.6100,4.8600,estimated,3.8900,3.8700,3.8100,4.6400,4.6200,4.5600
2026-07-08,3.1800,2026-07-08,12.5000,2026-06-12,boc_published,3.3050,45.0000,55.0000,70.0000,3.7550,3.8550,4.0050,assumed,125.0000,150.0000,175.0000,4.4300,4.6800,4.9300,estimated,3.9300,3.8700,3.8200,4.6800,4.6200,4.5700
2026-07-09,3.1200,2026-07-09,12.5000,2026-06-12,boc_published,3.2450,45.0000,55.0000,70.0000,3.6950,3.7950,3.9450,assumed,125.0000,150.0000,175.0000,4.3700,4.6200,4.8700,estimated,3.9000,3.8700,3.8300,4.6500,4.6200,4.5800
2026-07-10,3.1300,2026-07-10,12.5000,2026-06-12,boc_published,3.2550,45.0000,55.0000,70.0000,3.7050,3.8050,3.9550,assumed,125.0000,150.0000,175.0000,4.3800,4.6300,4.8800,estimated,3.8800,3.9400,3.8300,4.6300,4.6900,4.5800
2026-07-11,3.1300,2026-07-10,12.5000,2026-06-12,boc_published,3.2550,45.0000,55.0000,70.0000,3.7050,3.8050,3.9550,assumed,125.0000,150.0000,175.0000,4.3800,4.6300,4.8800,estimated,3.8000,3.9900,3.8300,4.5500,4.7400,4.5800
2026-07-12,3.1300,2026-07-10,12.5000,2026-06-12,boc_published,3.2550,45.0000,55.0000,70.0000,3.7050,3.8050,3.9550,assumed,125.0000,150.0000,175.0000,4.3800,4.6300,4.8800,estimated,3.7150,3.9800,3.8200,4.5400,4.7300,4.5700
2026-07-13,3.1900,2026-07-13,12.5000,2026-06-12,boc_published,3.3150,45.0000,55.0000,70.0000,3.7650,3.8650,4.0150,assumed,125.0000,150.0000,175.0000,4.4400,4.6900,4.9400,estimated,3.7150,3.9700,3.7900,4.5400,4.7200,4.5400
2026-07-14,3.1800,2026-07-14,12.5000,2026-06-12,boc_published,3.3050,45.0000,55.0000,70.0000,3.7550,3.8550,4.0050,assumed,125.0000,150.0000,175.0000,4.4300,4.6800,4.9300,estimated,3.7150,4.1100,3.8300,4.5400,4.8600,4.5800
2026-07-15,3.1400,2026-07-15,12.5000,2026-06-12,boc_published,3.2650,45.0000,55.0000,70.0000,3.7150,3.8150,3.9650,assumed,125.0000,150.0000,175.0000,4.3900,4.6400,4.8900,estimated,3.7150,4.1100,3.8500,4.5400,4.8600,4.6000
2026-07-16,3.1500,2026-07-16,12.5000,2026-06-12,boc_published,3.2750,45.0000,55.0000,70.0000,3.7250,3.8250,3.9750,assumed,125.0000,150.0000,175.0000,4.4000,4.6500,4.9000,estimated,3.7050,4.1100,3.7900,4.5300,4.8600,4.5400
2026-07-17,3.1800,2026-07-17,12.5000,2026-06-12,boc_published,3.3050,45.0000,55.0000,70.0000,3.7550,3.8550,4.0050,assumed,125.0000,150.0000,175.0000,4.4300,4.6800,4.9300,estimated,3.7550,4.1100,3.7900,4.5800,4.8600,4.5400
2026-07-18,3.1800,2026-07-17,12.5000,2026-06-12,boc_published,3.3050,45.0000,55.0000,70.0000,3.7550,3.8550,4.0050,assumed,125.0000,150.0000,175.0000,4.4300,4.6800,4.9300,estimated,3.7150,4.1000,3.7900,4.5400,4.8500,4.5400
2026-07-19,3.1800,2026-07-17,12.5000,2026-06-12,boc_published,3.3050,45.0000,55.0000,70.0000,3.7550,3.8550,4.0050,assumed,125.0000,150.0000,175.0000,4.4300,4.6800,4.9300,estimated,3.7150,3.9800,3.7900,4.5400,4.7300,4.5400
2026-07-20,3.1800,2026-07-20,12.5000,2026-06-12,boc_published,3.3050,45.0000,55.0000,70.0000,3.7550,3.8550,4.0050,assumed,125.0000,150.0000,175.0000,4.4300,4.6800,4.9300,estimated,3.7150,3.9400,3.8500,4.5400,4.6900,4.6000
2026-07-21,3.1600,2026-07-21,12.5000,2026-06-12,boc_published,3.2850,45.0000,55.0000,70.0000,3.7350,3.8350,3.9850,assumed,125.0000,150.0000,175.0000,4.4100,4.6600,4.9100,estimated,3.7150,3.9500,3.8500,4.5400,4.7000,4.6000
2026-07-22,3.2200,2026-07-22,12.5000,2026-06-12,boc_published,3.3450,45.0000,55.0000,70.0000,3.7950,3.8950,4.0450,assumed,125.0000,150.0000,175.0000,4.4700,4.7200,4.9700,estimated,3.7650,3.9500,3.8600,4.5900,4.7000,4.6100
2026-07-23,3.2800,2026-07-23,12.5000,2026-06-12,boc_published,3.4050,45.0000,55.0000,70.0000,3.8550,3.9550,4.1050,assumed,125.0000,150.0000,175.0000,4.5300,4.7800,5.0300,estimated,3.7350,3.9500,3.8200,4.5600,4.7000,4.5700
2026-07-24,3.2200,2026-07-24,12.5000,2026-06-12,boc_published,3.3450,45.0000,55.0000,70.0000,3.7950,3.8950,4.0450,assumed,125.0000,150.0000,175.0000,4.4700,4.7200,4.9700,estimated,3.6650,3.8600,3.8200,4.4900,4.6100,4.5700
2026-07-25,3.2200,2026-07-24,12.5000,2026-06-12,boc_published,3.3450,45.0000,55.0000,70.0000,3.7950,3.8950,4.0450,assumed,125.0000,150.0000,175.0000,4.4700,4.7200,4.9700,estimated,3.6950,3.8700,3.8200,4.5200,4.6200,4.5700
2026-07-26,3.2200,2026-07-24,12.5000,2026-06-12,boc_published,3.3450,45.0000,55.0000,70.0000,3.7950,3.8950,4.0450,assumed,125.0000,150.0000,175.0000,4.4700,4.7200,4.9700,estimated,3.6950,3.8900,3.8600,4.5200,4.6400,4.6100
2026-07-27,3.1900,2026-07-27,12.5000,2026-06-12,boc_published,3.3150,45.0000,55.0000,70.0000,3.7650,3.8650,4.0150,assumed,125.0000,150.0000,175.0000,4.4400,4.6900,4.9400,estimated,3.6950,3.8500,3.8900,4.5200,4.6000,4.6400
2026-07-28,3.1600,2026-07-28,12.5000,2026-06-12,boc_published,3.2850,45.0000,55.0000,70.0000,3.7350,3.8350,3.9850,assumed,125.0000,150.0000,175.0000,4.4100,4.6600,4.9100,estimated,3.6950,3.8000,4.0100,4.5200,4.5500,4.7600
2026-07-29,3.1900,2026-07-29,12.5000,2026-06-12,boc_published,3.3150,45.0000,55.0000,70.0000,3.7650,3.8650,4.0150,assumed,125.0000,150.0000,175.0000,4.4400,4.6900,4.9400,estimated,3.6750,3.8000,3.9500,4.5000,4.5500,4.7000
2026-07-30,3.1900,2026-07-30,12.5000,2026-06-12,boc_published,3.3150,45.0000,55.0000,70.0000,3.7650,3.8650,4.0150,assumed,125.0000,150.0000,175.0000,4.4400,4.6900,4.9400,estimated,3.6850,3.8000,3.9300,4.5100,4.5500,4.6800
2026-07-31,3.2700,2026-07-31,12.5000,2026-06-12,boc_published,3.3950,45.0000,55.0000,70.0000,3.8450,3.9450,4.0950,assumed,125.0000,150.0000,175.0000,4.5200,4.7700,5.0200,estimated,3.6850,3.8300,3.9300,4.5100,4.5800,4.6800
2026-08-01,3.2700,2026-07-31,12.5000,2026-06-12,boc_published,3.3950,45.0000,55.0000,70.0000,3.8450,3.9450,4.0950,assumed,125.0000,150.0000,175.0000,4.5200,4.7700,5.0200,estimated,3.7350,3.8200,3.9300,4.5600,4.5700,4.6800
2026-08-02,3.2700,2026-07-31,12.5000,2026-06-12,boc_published,3.3950,45.0000,55.0000,70.0000,3.8450,3.9450,4.0950,assumed,125.0000,150.0000,175.0000,4.5200,4.7700,5.0200,estimated,3.7350,3.8300,4.0200,4.5600,4.5800,4.7700
2026-08-03,3.2700,2026-07-31,12.5000,2026-06-12,boc_published,3.3950,45.0000,55.0000,70.0000,3.8450,3.9450,4.0950,assumed,125.0000,150.0000,175.0000,4.5200,4.7700,5.0200,estimated,3.7350,3.8300,4.0100,4.5600,4.5800,4.7600
2026-08-04,3.1700,2026-08-04,12.5000,2026-06-12,boc_published,3.2950,45.0000,55.0000,70.0000,3.7450,3.8450,3.9950,assumed,125.0000,150.0000,175.0000,4.4200,4.6700,4.9200,estimated,3.7350,3.8900,3.9000,4.5600,4.6400,4.6500
2026-08-05,3.1700,2026-08-05,12.5000,2026-06-12,boc_published,3.2950,45.0000,55.0000,70.0000,3.7450,3.8450,3.9950,assumed,125.0000,150.0000,175.0000,4.4200,4.6700,4.9200,estimated,3.7050,3.8900,3.9300,4.5300,4.6400,4.6800
2026-08-06,3.2200,2026-08-06,12.5000,2026-06-12,boc_published,3.3450,45.0000,55.0000,70.0000,3.7950,3.8950,4.0450,assumed,125.0000,150.0000,175.0000,4.4700,4.7200,4.9700,estimated,3.7850,3.8900,3.8700,4.6100,4.6400,4.6200
2026-08-07,3.2600,2026-08-07,12.5000,2026-06-12,boc_published,3.3850,45.0000,55.0000,70.0000,3.8350,3.9350,4.0850,assumed,125.0000,150.0000,175.0000,4.5100,4.7600,5.0100,estimated,3.8550,3.9300,3.8700,4.6800,4.6800,4.6200
2026-08-08,3.2600,2026-08-07,12.5000,2026-06-12,boc_published,3.3850,45.0000,55.0000,70.0000,3.8350,3.9350,4.0850,assumed,125.0000,150.0000,175.0000,4.5100,4.7600,5.0100,estimated,3.7950,3.9000,3.8700,4.6200,4.6500,4.6200
2026-08-09,3.2600,2026-08-07,12.5000,2026-06-12,boc_published,3.3850,45.0000,55.0000,70.0000,3.8350,3.9350,4.0850,assumed,125.0000,150.0000,175.0000,4.5100,4.7600,5.0100,estimated,3.8050,3.8800,3.9400,4.6300,4.6300,4.6900
2026-08-10,3.3400,2026-08-10,12.5000,2026-06-12,boc_published,3.4650,45.0000,55.0000,70.0000,3.9150,4.0150,4.1650,assumed,125.0000,150.0000,175.0000,4.5900,4.8400,5.0900,estimated,3.8050,3.8000,3.9900,4.6300,4.5500,4.7400
2026-08-11,3.3200,2026-08-11,12.5000,2026-06-12,boc_published,3.4450,45.0000,55.0000,70.0000,3.8950,3.9950,4.1450,assumed,125.0000,150.0000,175.0000,4.5700,4.8200,5.0700,estimated,3.8050,3.7150,3.9800,4.6300,4.5400,4.7300
2026-08-12,3.3000,2026-08-12,12.5000,2026-06-12,boc_published,3.4250,45.0000,55.0000,70.0000,3.8750,3.9750,4.1250,assumed,125.0000,150.0000,175.0000,4.5500,4.8000,5.0500,estimated,3.8650,3.7150,3.9700,4.6900,4.5400,4.7200
2026-08-13,3.2300,2026-08-13,12.5000,2026-06-12,boc_published,3.3550,45.0000,55.0000,70.0000,3.8050,3.9050,4.0550,assumed,125.0000,150.0000,175.0000,4.4800,4.7300,4.9800,estimated,3.8550,3.7150,4.1100,4.6800,4.5400,4.8600
2026-08-14,3.2800,2026-08-14,12.5000,2026-06-12,boc_published,3.4050,45.0000,55.0000,70.0000,3.8550,3.9550,4.1050,assumed,125.0000,150.0000,175.0000,4.5300,4.7800,5.0300,estimated,3.8150,3.7150,4.1100,4.6400,4.5400,4.8600
2026-08-15,3.2800,2026-08-14,12.5000,2026-06-12,boc_published,3.4050,45.0000,55.0000,70.0000,3.8550,3.9550,4.1050,assumed,125.0000,150.0000,175.0000,4.5300,4.7800,5.0300,estimated,3.8250,3.7050,4.1100,4.6500,4.5300,4.8600
2026-08-16,3.2800,2026-08-14,12.5000,2026-06-12,boc_published,3.4050,45.0000,55.0000,70.0000,3.8550,3.9550,4.1050,assumed,125.0000,150.0000,175.0000,4.5300,4.7800,5.0300,estimated,3.8550,3.7550,4.1100,4.6800,4.5800,4.8600
2026-08-17,3.3100,2026-08-17,12.5000,2026-06-12,boc_published,3.4350,45.0000,55.0000,70.0000,3.8850,3.9850,4.1350,assumed,125.0000,150.0000,175.0000,4.5600,4.8100,5.0600,estimated,3.8550,3.7150,4.1000,4.6800,4.5400,4.8500
2026-08-18,3.2900,2026-08-18,12.5000,2026-06-12,boc_published,3.4150,45.0000,55.0000,70.0000,3.8650,3.9650,4.1150,assumed,125.0000,150.0000,175.0000,4.5400,4.7900,5.0400,estimated,3.8550,3.7150,3.9800,4.6800,4.5400,4.7300
2026-08-19,3.3000,2026-08-19,12.5000,2026-06-12,boc_published,3.4250,45.0000,55.0000,70.0000,3.8750,3.9750,4.1250,assumed,125.0000,150.0000,175.0000,4.5500,4.8000,5.0500,estimated,3.8550,3.7150,3.9400,4.6800,4.5400,4.6900
2026-08-20,3.3500,2026-08-20,12.5000,2026-06-12,boc_published,3.4750,45.0000,55.0000,70.0000,3.9250,4.0250,4.1750,assumed,125.0000,150.0000,175.0000,4.6000,4.8500,5.1000,estimated,3.8350,3.7150,3.9500,4.6600,4.5400,4.7000
2026-08-21,3.3600,2026-08-21,12.5000,2026-06-12,boc_published,3.4850,45.0000,55.0000,70.0000,3.9350,4.0350,4.1850,assumed,125.0000,150.0000,175.0000,4.6100,4.8600,5.1100,estimated,3.8950,3.7650,3.9500,4.7200,4.5900,4.7000
2026-08-22,3.3600,2026-08-21,12.5000,2026-06-12,boc_published,3.4850,45.0000,55.0000,70.0000,3.9350,4.0350,4.1850,assumed,125.0000,150.0000,175.0000,4.6100,4.8600,5.1100,estimated,3.9550,3.7350,3.9500,4.7800,4.5600,4.7000
2026-08-23,3.3600,2026-08-21,12.5000,2026-06-12,boc_published,3.4850,45.0000,55.0000,70.0000,3.9350,4.0350,4.1850,assumed,125.0000,150.0000,175.0000,4.6100,4.8600,5.1100,estimated,3.8950,3.6650,3.8600,4.7200,4.4900,4.6100
2026-08-24,3.2800,2026-08-24,12.5000,2026-06-12,boc_published,3.4050,45.0000,55.0000,70.0000,3.8550,3.9550,4.1050,assumed,125.0000,150.0000,175.0000,4.5300,4.7800,5.0300,estimated,3.8950,3.6950,3.8700,4.7200,4.5200,4.6200
2026-08-25,3.2200,2026-08-25,12.5000,2026-06-12,boc_published,3.3450,45.0000,55.0000,70.0000,3.7950,3.8950,4.0450,assumed,125.0000,150.0000,175.0000,4.4700,4.7200,4.9700,estimated,3.8950,3.6950,3.8900,4.7200,4.5200,4.6400
2026-08-26,3.2600,2026-08-26,12.5000,2026-06-12,boc_published,3.3850,45.0000,55.0000,70.0000,3.8350,3.9350,4.0850,assumed,125.0000,150.0000,175.0000,4.5100,4.7600,5.0100,estimated,3.8650,3.6950,3.8500,4.6900,4.5200,4.6000
2026-08-27,3.3000,2026-08-27,12.5000,2026-06-12,boc_published,3.4250,45.0000,55.0000,70.0000,3.8750,3.9750,4.1250,assumed,125.0000,150.0000,175.0000,4.5500,4.8000,5.0500,estimated,3.8350,3.6950,3.8000,4.6600,4.5200,4.5500
2026-08-28,3.3400,2026-08-28,12.5000,2026-06-12,boc_published,3.4650,45.0000,55.0000,70.0000,3.9150,4.0150,4.1650,assumed,125.0000,150.0000,175.0000,4.5900,4.8400,5.0900,estimated,3.8650,3.6750,3.8000,4.6900,4.5000,4.5500
2026-08-29,3.3400,2026-08-28,12.5000,2026-06-12,boc_published,3.4650,45.0000,55.0000,70.0000,3.9150,4.0150,4.1650,assumed,125.0000,150.0000,175.0000,4.5900,4.8400,5.0900,estimated,3.8650,3.6850,3.8000,4.6900,4.5100,4.5500
2026-08-30,3.3400,2026-08-28,12.5000,2026-06-12,boc_published,3.4650,45.0000,55.0000,70.0000,3.9150,4.0150,4.1650,assumed,125.0000,150.0000,175.0000,4.5900,4.8400,5.0900,estimated,3.9450,3.6850,3.8300,4.7700,4.5100,4.5800
2026-08-31,3.3300,2026-08-31,12.5000,2026-06-12,boc_published,3.4550,45.0000,55.0000,70.0000,3.9050,4.0050,4.1550,assumed,125.0000,150.0000,175.0000,4.5800,4.8300,5.0800,estimated,3.9450,3.7350,3.8200,4.7700,4.5600,4.5700
2026-09-01,3.3500,2026-09-01,12.5000,2026-06-12,boc_published,3.4750,45.0000,55.0000,70.0000,3.9250,4.0250,4.1750,assumed,125.0000,150.0000,175.0000,4.6000,4.8500,5.1000,estimated,3.9450,3.7350,3.8300,4.7700,4.5600,4.5800
2026-09-02,3.4200,2026-09-02,12.5000,2026-06-12,boc_published,3.5450,45.0000,55.0000,70.0000,3.9950,4.0950,4.2450,assumed,125.0000,150.0000,175.0000,4.6700,4.9200,5.1700,estimated,3.9450,3.7350,3.8300,4.7700,4.5600,4.5800
2026-09-03,3.4100,2026-09-03,12.5000,2026-06-12,boc_published,3.5350,45.0000,55.0000,70.0000,3.9850,4.0850,4.2350,assumed,125.0000,150.0000,175.0000,4.6600,4.9100,5.1600,estimated,3.8450,3.7350,3.8900,4.6700,4.5600,4.6400
2026-09-04,3.4000,2026-09-04,12.5000,2026-06-12,boc_published,3.5250,45.0000,55.0000,70.0000,3.9750,4.0750,4.2250,assumed,125.0000,150.0000,175.0000,4.6500,4.9000,5.1500,estimated,3.8450,3.7050,3.8900,4.6700,4.5300,4.6400
2026-09-05,3.4000,2026-09-04,12.5000,2026-06-12,boc_published,3.5250,45.0000,55.0000,70.0000,3.9750,4.0750,4.2250,assumed,125.0000,150.0000,175.0000,4.6500,4.9000,5.1500,estimated,3.8950,3.7850,3.8900,4.7200,4.6100,4.6400
2026-09-06,3.4000,2026-09-04,12.5000,2026-06-12,boc_published,3.5250,45.0000,55.0000,70.0000,3.9750,4.0750,4.2250,assumed,125.0000,150.0000,175.0000,4.6500,4.9000,5.1500,estimated,3.9350,3.8550,3.9300,4.7600,4.6800,4.6800
2026-09-07,3.4000,2026-09-04,12.5000,2026-06-12,boc_published,3.5250,45.0000,55.0000,70.0000,3.9750,4.0750,4.2250,assumed,125.0000,150.0000,175.0000,4.6500,4.9000,5.1500,estimated,3.9350,3.7950,3.9000,4.7600,4.6200,4.6500
2026-09-08,3.4400,2026-09-08,12.5000,2026-06-12,boc_published,3.5650,45.0000,55.0000,70.0000,4.0150,4.1150,4.2650,assumed,125.0000,150.0000,175.0000,4.6900,4.9400,5.1900,estimated,3.9350,3.8050,3.8800,4.7600,4.6300,4.6300
2026-09-09,3.4800,2026-09-09,12.5000,2026-06-12,boc_published,3.6050,45.0000,55.0000,70.0000,4.0550,4.1550,4.3050,assumed,125.0000,150.0000,175.0000,4.7300,4.9800,5.2300,estimated,4.0150,3.8050,3.8000,4.8400,4.6300,4.5500
2026-09-10,3.6300,2026-09-10,12.5000,2026-06-12,boc_published,3.7550,45.0000,55.0000,70.0000,4.2050,4.3050,4.4550,assumed,125.0000,150.0000,175.0000,4.8800,5.1300,5.3800,estimated,3.9950,3.8050,3.7150,4.8200,4.6300,4.5400
2026-09-11,3.6500,2026-09-11,12.5000,2026-06-12,boc_published,3.7750,45.0000,55.0000,70.0000,4.2250,4.3250,4.4750,assumed,125.0000,150.0000,175.0000,4.9000,5.1500,5.4000,estimated,3.9750,3.8650,3.7150,4.8000,4.6900,4.5400
2026-09-12,3.6500,2026-09-11,12.5000,2026-06-12,boc_published,3.7750,45.0000,55.0000,70.0000,4.2250,4.3250,4.4750,assumed,125.0000,150.0000,175.0000,4.9000,5.1500,5.4000,estimated,3.9050,3.8550,3.7150,4.7300,4.6800,4.5400
2026-09-13,3.6500,2026-09-11,12.5000,2026-06-12,boc_published,3.7750,45.0000,55.0000,70.0000,4.2250,4.3250,4.4750,assumed,125.0000,150.0000,175.0000,4.9000,5.1500,5.4000,estimated,3.9550,3.8150,3.7150,4.7800,4.6400,4.5400
2026-09-14,3.6500,2026-09-14,12.5000,2026-06-12,boc_published,3.7750,45.0000,55.0000,70.0000,4.2250,4.3250,4.4750,assumed,125.0000,150.0000,175.0000,4.9000,5.1500,5.4000,estimated,3.9550,3.8250,3.7050,4.7800,4.6500,4.5300
2026-09-15,3.6500,2026-09-15,12.5000,2026-06-12,boc_published,3.7750,45.0000,55.0000,70.0000,4.2250,4.3250,4.4750,assumed,125.0000,150.0000,175.0000,4.9000,5.1500,5.4000,estimated,3.9550,3.8550,3.7550,4.7800,4.6800,4.5800
2026-09-16,3.6400,2026-09-16,12.5000,2026-06-12,boc_published,3.7650,45.0000,55.0000,70.0000,4.2150,4.3150,4.4650,assumed,125.0000,150.0000,175.0000,4.8900,5.1400,5.3900,estimated,3.9850,3.8550,3.7150,4.8100,4.6800,4.5400
2026-09-17,3.5400,2026-09-17,13.0000,2026-09-17,boc_published,3.6700,45.0000,55.0000,70.0000,4.1200,4.2200,4.3700,assumed,125.0000,150.0000,175.0000,4.7900,5.0400,5.2900,estimated,3.9650,3.8550,3.7150,4.7900,4.6800,4.5400
2026-09-18,3.5900,2026-09-18,13.0000,2026-09-17,boc_published,3.7200,45.0000,55.0000,70.0000,4.1700,4.2700,4.4200,assumed,125.0000,150.0000,175.0000,4.8400,5.0900,5.3400,estimated,3.9750,3.8550,3.7150,4.8000,4.6800,4.5400
2026-09-19,3.5900,2026-09-18,13.0000,2026-09-17,boc_published,3.7200,45.0000,55.0000,70.0000,4.1700,4.2700,4.4200,assumed,125.0000,150.0000,175.0000,4.8400,5.0900,5.3400,estimated,4.0250,3.8350,3.7150,4.8500,4.6600,4.5400
2026-09-20,3.5900,2026-09-18,13.0000,2026-09-17,boc_published,3.7200,45.0000,55.0000,70.0000,4.1700,4.2700,4.4200,assumed,125.0000,150.0000,175.0000,4.8400,5.0900,5.3400,estimated,4.0350,3.8950,3.7650,4.8600,4.7200,4.5900
2026-09-21,3.5700,2026-09-21,13.0000,2026-09-17,boc_published,3.7000,45.0000,55.0000,70.0000,4.1500,4.2500,4.4000,assumed,125.0000,150.0000,175.0000,4.8200,5.0700,5.3200,estimated,4.0350,3.9550,3.7350,4.8600,4.7800,4.5600
2026-09-22,3.5400,2026-09-22,13.0000,2026-09-17,boc_published,3.6700,45.0000,55.0000,70.0000,4.1200,4.2200,4.3700,assumed,125.0000,150.0000,175.0000,4.7900,5.0400,5.2900,estimated,4.0350,3.8950,3.6650,4.8600,4.7200,4.4900
2026-09-23,3.6900,2026-09-23,13.0000,2026-09-17,boc_published,3.8200,45.0000,55.0000,70.0000,4.2700,4.3700,4.5200,assumed,125.0000,150.0000,175.0000,4.9400,5.1900,5.4400,estimated,3.9550,3.8950,3.6950,4.7800,4.7200,4.5200
2026-09-24,3.6900,2026-09-24,13.0000,2026-09-17,boc_published,3.8200,45.0000,55.0000,70.0000,4.2700,4.3700,4.5200,assumed,125.0000,150.0000,175.0000,4.9400,5.1900,5.4400,estimated,3.8950,3.8950,3.6950,4.7200,4.7200,4.5200
2026-09-25,3.6500,2026-09-25,13.0000,2026-09-17,boc_published,3.7800,45.0000,55.0000,70.0000,4.2300,4.3300,4.4800,assumed,125.0000,150.0000,175.0000,4.9000,5.1500,5.4000,estimated,3.9350,3.8650,3.6950,4.7600,4.6900,4.5200
2026-09-26,3.6500,2026-09-25,13.0000,2026-09-17,boc_published,3.7800,45.0000,55.0000,70.0000,4.2300,4.3300,4.4800,assumed,125.0000,150.0000,175.0000,4.9000,5.1500,5.4000,estimated,3.9750,3.8350,3.6950,4.8000,4.6600,4.5200
2026-09-27,3.6500,2026-09-25,13.0000,2026-09-17,boc_published,3.7800,45.0000,55.0000,70.0000,4.2300,4.3300,4.4800,assumed,125.0000,150.0000,175.0000,4.9000,5.1500,5.4000,estimated,4.0150,3.8650,3.6750,4.8400,4.6900,4.5000
2026-09-28,3.6800,2026-09-28,13.0000,2026-09-17,boc_published,3.8100,45.0000,55.0000,70.0000,4.2600,4.3600,4.5100,assumed,125.0000,150.0000,175.0000,4.9300,5.1800,5.4300,estimated,4.0150,3.8650,3.6850,4.8400,4.6900,4.5100
2026-09-29,3.6900,2026-09-29,13.0000,2026-09-17,boc_published,3.8200,45.0000,55.0000,70.0000,4.2700,4.3700,4.5200,assumed,125.0000,150.0000,175.0000,4.9400,5.1900,5.4400,estimated,4.0150,3.9450,3.6850,4.8400,4.7700,4.5100
2026-09-30,3.6900,2026-09-29,13.0000,2026-09-17,boc_published,3.8200,45.0000,55.0000,70.0000,4.2700,4.3700,4.5200,assumed,125.0000,150.0000,175.0000,4.9400,5.1900,5.4400,estimated,4.0050,3.9450,3.7350,4.8300,4.7700,4.5600
2026-10-01,3.6200,2026-10-01,13.0000,2026-09-17,boc_published,3.7500,45.0000,55.0000,70.0000,4.2000,4.3000,4.4500,assumed,125.0000,150.0000,175.0000,4.8700,5.1200,5.3700,estimated,4.0250,3.9450,3.7350,4.8500,4.7700,4.5600
2026-10-02,3.6000,2026-10-02,13.0000,2026-09-17,boc_published,3.7300,45.0000,55.0000,70.0000,4.1800,4.2800,4.4300,assumed,125.0000,150.0000,175.0000,4.8500,5.1000,5.3500,estimated,4.0950,3.9450,3.7350,4.9200,4.7700,4.5600
2026-10-03,3.6000,2026-10-02,13.0000,2026-09-17,boc_published,3.7300,45.0000,55.0000,70.0000,4.1800,4.2800,4.4300,assumed,125.0000,150.0000,175.0000,4.8500,5.1000,5.3500,estimated,4.0850,3.8450,3.7350,4.9100,4.6700,4.5600
2026-10-04,3.6000,2026-10-02,13.0000,2026-09-17,boc_published,3.7300,45.0000,55.0000,70.0000,4.1800,4.2800,4.4300,assumed,125.0000,150.0000,175.0000,4.8500,5.1000,5.3500,estimated,4.0750,3.8450,3.7050,4.9000,4.6700,4.5300
2026-10-05,3.6300,2026-10-05,13.0000,2026-09-17,boc_published,3.7600,45.0000,55.0000,70.0000,4.2100,4.3100,4.4600,assumed,125.0000,150.0000,175.0000,4.8800,5.1300,5.3800,estimated,4.0750,3.8950,3.7850,4.9000,4.7200,4.6100
2026-10-06,3.5900,2026-10-06,13.0000,2026-09-17,boc_published,3.7200,45.0000,55.0000,70.0000,4.1700,4.2700,4.4200,assumed,125.0000,150.0000,175.0000,4.8400,5.0900,5.3400,estimated,4.0750,3.9350,3.8550,4.9000,4.7600,4.6800
2026-10-07,3.6000,2026-10-07,13.0000,2026-09-17,boc_published,3.7300,45.0000,55.0000,70.0000,4.1800,4.2800,4.4300,assumed,125.0000,150.0000,175.0000,4.8500,5.1000,5.3500,estimated,4.0750,3.9350,3.7950,4.9000,4.7600,4.6200
2026-10-08,3.6000,2026-10-08,13.0000,2026-09-17,boc_published,3.7300,45.0000,55.0000,70.0000,4.1800,4.2800,4.4300,assumed,125.0000,150.0000,175.0000,4.8500,5.1000,5.3500,estimated,4.1150,3.9350,3.8050,4.9400,4.7600,4.6300
